日期\时间,0:10,0:20,0:30,0:40,0:50,1:00,1:10,1:20,1:30,1:40,1:50,2:00,2:10,2:20,2:30,2:40,2:50,3:00,3:10,3:20,3:30,3:40,3:50,4:00,4:10,4:20,4:30,4:40,4:50,5:00,5:10,5:20,5:30,5:40,5:50,6:00,6:10,6:20,6:30,6:40,6:50,7:00,7:10,7:20,7:30,7:40,7:50,8:00,8:10,8:20,8:30,8:40,8:50,9:00,9:10,9:20,9:30,9:40,9:50,10:00,10:10,10:20,10:30,10:40,10:50,11:00,11:10,11:20,11:30,11:40,11:50,12:00,12:10,12:20,12:30,12:40,12:50,13:00,13:10,13:20,13:30,13:40,13:50,14:00,14:10,14:20,14:30,14:40,14:50,15:00,15:10,15:20,15:30,15:40,15:50,16:00,16:10,16:20,16:30,16:40,16:50,17:00,17:10,17:20,17:30,17:40,17:50,18:00,18:10,18:20,18:30,18:40,18:50,19:00,19:10,19:20,19:30,19:40,19:50,20:00,20:10,20:20,20:30,20:40,20:50,21:00,21:10,21:20,21:30,21:40,21:50,22:00,22:10,22:20,22:30,22:40,22:50,23:00,23:10,23:20,23:30,23:40,23:50,0:00+1
2025/1/1,3529.7296,3609.5287,3726.5600,3510.6311,3502.5625,3787.0100,3900.3205,3916.8376,3817.2800,3533.0136,3694.6613,4064.7300,3810.6710,3844.9495,4234.6200,4109.9755,3996.8945,4102.1900,4086.0577,4133.7626,4179.1800,3953.3711,3910.7496,4099.3100,4123.8623,4169.0068,4260.2400,4217.2222,4261.8570,4341.9000,4208.2208,4302.1233,4456.5900,4148.6370,4498.1333,5369.3800,5440.8991,5316.8930,5399.8200,5447.4007,5444.4010,5433.6300,5449.2818,5510.0042,5476.0000,5329.4215,6084.1163,7316.0000,7469.4947,7225.6910,7216.1300,7361.7004,7275.5130,7077.2900,7221.8762,7229.5513,7099.3300,7297.1521,7313.1756,7099.4600,7125.5214,7096.3104,6986.1700,7098.9702,7193.9930,7135.1800,7042.9470,7069.1675,7129.1700,6971.0393,6648.4937,6471.2900,6681.1855,6585.2714,6283.9700,6547.9322,6747.6789,6682.3600,6790.9628,6916.0165,6834.7800,6546.5252,6539.8730,6773.9700,6736.8117,6623.3813,6548.9800,6398.5627,6196.5854,6154.6900,6459.5818,6622.8857,6493.6100,6375.0516,6354.1130,6404.2500,6444.9720,6399.4586,6292.1500,6236.9153,6299.9437,6389.0600,6325.1833,6169.4734,6191.9900,6464.5067,5764.0309,4529.4500,4490.5328,4644.0206,4469.2100,4470.4650,4510.8756,4486.1700,4471.7293,4439.8235,4387.1900,4347.9765,4300.6345,4315.9900,4483.2744,4551.7060,4499.8000,4535.0935,4528.9160,4483.5100,4548.2302,4595.6841,4620.9000,4653.7148,4131.9845,3363.0000,3305.7588,3470.9320,3521.3700,3561.5279,3386.0680,3289.9900,3774.2552,3883.6200,3525.1400,3553.5909,3697.1141,3696.7000
2025/1/2,3622.5509,3622.7611,3708.2300,3750.5226,3684.9038,3644.1400,3809.2980,3855.1226,3783.7800,3907.3849,3968.2398,3886.7700,3865.3901,3931.6861,4055.9800,4164.9820,4067.4326,3919.4400,4068.3230,4140.4792,4061.1200,4138.7041,4283.3011,4330.9800,4225.1585,4201.9890,4273.9000,4219.0352,4069.3885,4030.9500,4262.9553,4330.5086,4149.1300,4130.3346,4641.7286,5411.5900,5738.8011,5695.3891,5537.6600,5461.5746,5483.6005,5540.8800,5575.3367,5669.9633,5566.6600,5081.9454,5737.5547,7205.7500,7519.6199,7253.8265,7156.6200,7351.5694,7430.2399,7295.2500,7207.6569,7113.8825,7023.1200,7047.9517,7129.0191,7151.1000,7053.4551,7028.7906,7115.5400,7158.8016,7104.1648,6988.4500,6905.2356,6918.8526,7053.4500,7224.2372,7061.4737,6627.8800,6385.5315,6379.3415,6517.0800,6677.4158,6740.2590,6776.2900,6923.5069,6851.0971,6622.1500,6654.8176,6745.2794,6768.7300,6785.5204,6651.4681,6519.7300,6699.3894,6745.2289,6621.1400,6686.5383,6510.3340,6220.7900,6406.2703,6474.5982,6290.2400,6307.3310,6312.2172,6239.2800,6276.4877,6335.5438,6317.7500,6215.7285,6137.0958,6185.2300,6275.9932,5749.3845,4825.2900,4462.7208,4487.5960,4531.3500,4433.2667,4446.1905,4522.6900,4365.4081,4272.9727,4365.7400,4459.5799,4483.9677,4509.2600,4622.8615,4560.6006,4323.4600,4224.7758,4398.0305,4648.2700,4633.6000,4538.5738,4588.8700,4752.9518,4388.3683,3695.4700,3549.5286,3568.6566,3527.2300,3577.6994,3478.2440,3323.6100,3478.4063,3640.9395,3700.9600,3769.7290,3428.2020,2919.1200
2025/1/3,2954.3509,2960.6102,2756.5100,2725.0654,2639.7341,2583.7600,2902.6811,3131.0510,3056.8200,2923.5412,2940.6553,3047.2100,3000.6237,2860.5275,2800.1000,2953.2923,3161.0061,3294.0000,3346.7350,3390.5777,3426.6200,3375.8805,3204.2096,3155.1400,3470.3443,3371.4266,2945.5800,3074.9809,3342.8630,3341.5500,3130.4364,3224.3627,3607.8500,3733.6991,3503.3718,3256.7800,3421.2500,3519.6603,3365.9000,3274.0860,3462.1699,3787.2100,3895.0622,3904.9573,3913.9300,3897.2707,3918.3208,4025.5800,4146.3263,3906.1017,3524.2200,3689.6460,4284.7343,4753.5400,4591.2578,4391.5782,4496.2400,4673.3336,4538.2138,4253.4900,4355.1198,4561.5437,4553.0100,4289.7362,4146.1721,4247.7200,4376.5197,4356.2528,4292.2500,4431.7662,4528.7137,4406.4200,4161.4411,4175.5384,4332.0300,4156.8051,3998.4468,4008.7500,4000.4293,4052.8564,4047.6900,3788.9507,3812.7819,4095.0700,4064.0778,3932.6141,3892.0100,3900.8667,3890.6631,3800.7400,3650.1373,3708.4101,3860.9300,3736.1478,3699.9877,3817.2000,3751.9521,3533.1584,3406.2600,3544.1616,3385.5316,2996.5400,2994.4949,2976.8050,2847.2200,2930.8792,2970.7432,2859.0300,2767.8666,2778.7108,2809.8800,2711.9698,2609.4796,2608.9200,2689.2879,2685.1189,2707.6000,2988.2372,3022.4875,2798.0600,2801.3410,2810.0049,2766.2000,2865.7629,2932.1172,2903.7000,2876.0861,2739.4924,2646.7600,2854.3033,2801.1854,2481.4400,2453.7519,2496.4764,2462.0600,2454.9477,2478.4100,2531.4400,2618.7584,2674.9089,2688.9400,2712.3789,2755.1168,2763.5400
2025/1/4,2696.7943,2758.1877,2846.8000,2662.8402,2560.2275,2737.7100,3010.7018,2977.7182,2777.2100,2904.2621,2944.0406,2839.4000,2961.5683,3044.5086,3017.5200,3088.4171,3140.8968,3120.0600,3111.9018,3174.4757,3222.8300,3140.7512,3203.5176,3305.6200,3082.9711,3029.6183,3220.0500,3240.2096,3268.5206,3392.4200,3464.9422,3393.7832,3279.1600,3313.0890,3356.2249,3321.9000,3281.5930,3376.2584,3460.2700,3291.7135,3419.9099,3836.2200,3951.1717,3880.8120,3754.8500,3595.1141,3657.7613,3841.0900,3781.6989,3727.8564,3748.3700,3718.0706,4050.9075,4551.3900,4547.9478,4435.5222,4409.2600,4296.3622,4336.0833,4540.8500,4626.1070,4473.5390,4327.1900,4517.6361,4485.4969,4182.1800,4147.4422,4325.6893,4465.7400,4390.8655,4359.7887,4354.4300,4136.5048,4106.5153,4265.7000,4196.0578,4049.2294,3984.2100,4041.6607,4331.9607,4485.5600,3988.5685,3704.7485,3923.4600,4088.3897,3973.5363,3805.4200,3952.6850,3941.4367,3722.7000,3725.3858,3744.2329,3688.5900,3719.3955,3874.1808,3950.8400,3716.7753,3616.3037,3720.5700,3626.4100,3226.8567,2831.4500,2875.1922,2966.3344,2895.9900,2826.1980,2826.1038,2855.2100,2854.7653,3003.3345,3128.8500,2852.5218,2595.6755,2609.9600,2771.3445,2948.2664,2972.8200,2762.3933,2709.8830,2873.5400,2935.6796,2890.2486,2804.7200,2765.9763,2958.1633,3183.5600,3043.4519,2941.1204,3048.6800,3089.3913,2762.2668,2371.1700,2519.0914,2613.8506,2504.0800,2587.9952,2506.0837,2360.9500,2656.3913,2882.5455,2736.8900,2499.9476,2866.8742,3595.5000
2025/1/5,3749.1135,3734.5244,3812.6600,3801.6230,3722.8105,3699.5500,3827.0906,3912.9068,3857.9300,3743.3376,3705.3998,3840.4700,4111.1520,4173.4700,4084.0000,4206.0662,4239.7353,4083.9200,3978.0678,4035.3939,4133.7900,4072.3103,4117.2544,4285.1600,4282.9866,4066.6452,3935.6900,4248.7670,4509.0492,4402.5300,4086.7682,3984.5987,4079.3700,4097.6845,4692.7683,5571.1100,5654.4759,5441.9211,5397.6200,5477.7916,5397.1683,5303.7300,5583.5442,5650.0131,5351.0000,5277.6062,6196.9922,7436.3200,7474.9983,7261.0405,7320.0100,7260.5156,7234.7778,7272.3400,7214.1844,7215.2231,7226.1200,7042.5144,6966.8397,7069.5700,7122.3726,7145.5435,7149.6600,7079.8010,6930.6048,6895.2800,7172.3968,7265.2666,7062.7800,6923.2020,6839.5336,6774.6800,6720.8698,6529.9733,6288.9100,6288.4849,6544.1343,6831.2100,6858.3943,6739.4191,6660.7800,6728.4133,6849.0853,6918.2500,6866.3355,6625.8829,6466.4000,6725.6005,6709.0562,6426.6800,6548.4320,6553.2269,6364.1600,6463.2558,6571.3423,6513.6800,6398.4571,6257.6269,6193.1000,6308.4609,6357.8788,6309.1000,6342.8264,6300.3441,6311.1600,6521.7748,5729.6017,4404.2500,4338.8485,4607.6467,4526.1900,4360.3180,4390.1578,4563.4000,4576.1663,4427.0555,4334.3500,4505.0479,4556.4254,4351.6500,4160.6277,4279.4441,4521.5300,4432.6636,4404.8742,4533.4000,4513.5242,4490.1854,4606.8600,4732.2031,4167.1460,3288.5300,3237.2905,3378.3357,3386.0300,3539.0148,3492.3971,3344.0100,3552.7439,3624.3427,3519.7000,3689.4184,3763.9773,3649.5100
2025/1/6,3644.3668,3667.3643,3653.3600,3658.8470,3753.8161,3831.1000,3742.8620,3867.3399,4073.2100,3860.7560,3797.2685,4004.4500,4037.4600,4051.3579,4096.1800,4015.9457,3883.7900,3868.7700,4075.3270,4218.4464,4188.9000,4140.3836,4178.0178,4252.9700,4243.1978,4278.5712,4315.3700,4174.8385,4081.6915,4164.8500,4320.0376,4318.4262,4155.3400,4122.0605,4646.0249,5383.5000,5503.4040,5417.1250,5449.4100,5509.7866,5476.4267,5342.8300,5230.2796,5280.2131,5270.1700,5011.7110,5827.5655,7250.8600,7388.8238,7275.0152,7428.5300,7306.3966,7181.3297,7187.4200,7162.0091,7174.1353,7188.3900,7083.0799,7044.4106,7061.6800,6971.4648,7078.0798,7254.9100,7069.6909,7040.0080,7218.7800,7123.4645,6954.6354,6914.6500,6973.3315,6888.7502,6624.4300,6393.9803,6372.3105,6420.4400,6270.7840,6323.1806,6607.4100,6736.1467,6805.2961,6827.0900,6688.1859,6602.9360,6604.2000,6546.8999,6620.7574,6729.8800,6559.4615,6397.4923,6448.2000,6600.7085,6466.0213,6227.2200,6416.9364,6445.7257,6248.0200,6350.4995,6421.7448,6329.5400,6303.9238,6334.1013,6361.0000,6337.9893,6211.8391,6153.4000,6282.3997,5672.8597,4555.2700,4190.2760,4291.3488,4481.6200,4652.7090,4540.3689,4257.3400,4219.5344,4376.3172,4517.0900,4488.7631,4509.8562,4589.6500,4509.2665,4348.1004,4278.0600,4410.8707,4564.9603,4619.8900,4580.7427,4427.1767,4380.3100,4629.1303,4293.6924,3515.5900,3358.1757,3425.7624,3398.0500,3381.1046,3373.3843,3438.8600,3647.7613,3719.8946,3608.8800,3521.8802,3402.6697,3407.8100
2025/1/7,3741.0110,3710.9838,3426.0400,3679.1188,3924.5819,3924.1500,3966.4301,3851.1738,3629.3400,3633.0292,3796.9509,3962.4200,4024.1701,4046.7708,4062.1800,4032.9777,3947.2747,3873.3000,3896.8687,3891.1035,3871.0300,3968.7109,4012.6814,4022.7000,4173.3840,4198.1928,4091.2700,4137.0200,4285.4128,4404.4700,4388.4703,4220.2728,4055.5900,4179.3732,4764.4546,5362.7700,5300.1720,5322.0543,5603.3200,5580.5931,5454.7219,5396.9200,5380.2708,5493.9268,5514.2500,5260.9650,6012.6374,7323.5400,7373.5665,7165.9026,7287.3300,7285.1873,7133.4233,7004.4500,7074.6297,7221.0117,7285.6400,7196.3454,7060.0998,7000.2100,7055.8079,7050.7147,6968.5600,6977.9993,7123.1233,7156.1300,6821.5569,6825.7529,7181.6300,7166.3476,6861.4286,6570.2000,6525.2873,6635.1340,6733.9600,6736.6727,6836.4577,6915.4200,6695.5355,6741.7615,6951.3300,6663.8261,6484.8337,6572.1200,6491.2297,6516.0687,6678.0900,6683.0353,6637.5483,6561.0500,6359.9487,6248.9115,6333.0300,6511.7854,6622.1230,6598.9100,6497.8796,6413.5184,6476.4400,6708.6316,6615.6516,6227.2300,6080.7418,6136.3433,6351.3300,6570.8076,5681.9866,4273.0400,4165.2166,4392.5376,4379.8900,4500.9237,4506.8239,4402.7600,4486.1276,4545.6704,4456.5800,4307.1940,4168.1273,4164.0200,4375.0363,4477.7804,4451.3000,4538.8514,4446.8478,4251.0300,4344.9672,4386.8448,4419.0900,4717.9588,4271.4087,3355.7500,3334.3173,3487.6211,3376.8700,3308.2583,3294.7889,3347.7700,3501.1796,3567.9915,3549.3400,3612.9860,3626.9375,3630.2100
2025/1/8,3804.6827,3915.2093,3757.0300,3396.6361,3403.0377,3718.9000,3728.6648,3584.7120,3616.2700,3933.9484,3910.8265,3723.4800,4105.2950,4125.7674,3777.9800,4007.0946,4197.4587,4068.1700,4007.8588,4117.8482,4277.0100,4304.9779,4346.1868,4440.6400,4449.7695,4281.5984,4132.8500,4294.5796,4356.1163,4204.4000,4129.2809,4128.7636,4140.1900,4233.7361,4894.6373,5661.6100,5525.7329,5435.0745,5636.7500,5466.1072,5388.6925,5490.3000,5384.7079,5467.9868,5618.6200,5418.2049,6059.7944,7251.3100,7400.2529,7257.1228,7292.3200,7202.4795,7129.2896,7184.8500,7285.1287,7179.8326,6940.0900,6904.0134,7029.6254,7114.5700,7008.0275,6995.0177,7109.6500,7099.8083,7010.8250,6970.2500,7044.1227,7045.3819,6917.3500,6804.3091,6865.2950,6936.1000,6697.0958,6490.3649,6467.1000,6475.8735,6586.0304,6737.4100,6758.8124,6781.0771,6821.0900,6742.7939,6566.3106,6394.0000,6341.2366,6410.1263,6551.8800,6684.3446,6686.7793,6573.8500,6472.4987,6380.5095,6284.0000,6232.5343,6418.7974,6574.8900,6224.4112,6011.5509,6186.1400,6349.2478,6248.0105,6157.6300,6516.7242,6531.4030,6234.9200,6305.2396,5526.2193,4229.8100,4131.0846,4381.1254,4380.8100,4373.0028,4322.2089,4256.1600,4294.5256,4355.3967,4352.0300,4299.4248,4414.1404,4578.3400,4446.6377,4292.0769,4354.3800,4593.9525,4643.6622,4537.2200,4607.0591,4489.0919,4346.3600,4630.6904,4197.8890,3203.3000,3041.4847,3256.6951,3322.5200,3223.7681,3323.4535,3528.2700,3413.8966,3394.1058,3568.4500,3616.2412,3645.4482,3663.8400
2025/1/9,3561.7974,3597.1481,3763.7900,3801.0687,3853.2165,3954.8300,3977.0073,3989.5760,3967.7200,3841.7389,3926.0375,4107.0100,3968.5600,3957.6482,4069.9900,3881.3239,3942.5588,4235.2800,4166.6880,4105.8207,4155.5900,4037.1717,3994.0237,4106.0600,4179.4112,4129.5527,4024.5500,4022.1068,4146.3482,4288.9600,4319.6185,4392.0786,4306.7200,3861.9598,4453.3060,5675.0300,5645.5762,5351.5585,5400.1100,5389.1944,5359.3817,5389.0800,5470.7803,5588.6296,5607.5400,5527.2493,6284.1769,7344.9900,7179.2989,7025.2069,7372.0500,7450.7115,7297.9313,7194.1100,7309.0706,7286.8063,7119.7400,7148.5628,7195.0881,7145.1100,7085.0373,7101.9361,7146.7500,7095.7463,7056.9146,7061.7700,7043.4576,7078.6784,7134.0900,7074.9057,6946.1843,6746.8100,6472.5949,6454.1594,6562.4400,6390.6564,6554.0168,6910.8200,6681.1908,6565.7411,6727.8300,6635.2844,6624.6153,6726.1900,6594.9169,6501.7937,6520.3300,6453.5580,6443.8129,6533.9800,6584.5684,6487.6530,6333.1300,6332.5243,6431.4264,6484.0200,6395.5528,6355.4761,6363.1200,6253.3206,6234.9823,6302.8800,6243.9493,6244.9228,6347.3900,6263.3001,5430.2066,4360.7200,4249.5681,4480.4458,4522.2200,4430.3752,4395.3295,4415.3300,4347.1526,4351.3328,4444.3200,4465.4924,4433.6050,4366.6900,4275.7082,4322.8484,4423.5900,4349.1072,4414.8701,4651.0700,4721.3895,4536.7603,4423.6800,4689.0953,4237.7690,3266.5900,3131.2489,3267.3904,3312.8200,3508.9328,3712.1107,3713.2200,3467.9974,3416.9241,3643.3900,3747.2369,3335.7145,2709.7800
2025/1/10,2591.3421,2655.4633,2666.5800,2702.2194,2667.9703,2655.0300,2846.3251,2884.3771,2793.0300,2946.2661,3055.7465,2958.5800,2815.3216,2878.0005,3068.1700,3067.9847,3000.0404,3048.6200,3249.9781,3272.9441,3050.1300,2868.8904,2996.9931,3277.1700,3269.9673,3076.3922,3033.9100,3370.8589,3521.7681,3399.0800,3440.6476,3484.8412,3408.1400,3300.2800,3314.3249,3434.8400,3496.2727,3463.6694,3389.9400,3374.3520,3485.5931,3712.1100,3959.8789,4096.6651,4064.0100,3917.0843,3828.5147,3842.0800,3876.3829,3972.4228,4064.2700,4050.1014,4222.1561,4531.5500,4616.5386,4620.4304,4631.4600,4586.4820,4557.2320,4552.5200,4515.6265,4516.0205,4508.7700,4375.2893,4282.9100,4299.2800,4324.5521,4284.1287,4205.2300,4178.8684,4177.3769,4155.5500,4109.6831,4141.0350,4185.9200,4098.0156,4145.6389,4271.1600,4125.8530,3918.2900,3884.1300,4033.3519,3966.1660,3750.9300,3854.5093,4063.6940,4059.7900,3763.2220,3733.0981,3899.6100,3696.9327,3689.4859,3892.8800,3754.8644,3778.6468,3985.0900,3834.6131,3562.9799,3502.5100,3685.7211,3413.9516,2846.6000,2844.5204,2939.2439,2856.1800,2819.4836,2890.1801,2910.3200,2691.8260,2596.4438,2697.4700,2724.2314,2737.7689,2804.8500,2901.2248,2967.6582,2970.5400,2908.1659,2777.6254,2690.3000,2772.5136,2766.8152,2689.4100,2800.7801,2865.7640,2764.6800,2654.0319,2802.6285,3082.1700,3073.3766,2878.4892,2630.2200,2391.5103,2352.9166,2476.2300,2516.6688,2456.3222,2470.8600,2710.6018,2714.4690,2457.3000,2384.4493,2463.4468,2560.2300
2025/1/11,2614.5757,2752.2535,2873.0700,2740.4436,2648.8243,2751.0500,2910.6204,2952.2614,2901.8800,2941.9056,3047.6639,3097.4300,3008.6752,3013.5679,3103.7500,3062.9674,3106.4689,3205.9200,3131.7252,3241.7002,3420.3200,3178.2047,3003.6128,3105.6200,3207.3927,3213.6525,3157.3900,3138.0493,3206.6256,3263.2600,3187.5941,3306.2844,3545.7800,3473.0957,3268.9509,3217.1200,3410.4657,3427.8149,3301.4700,3462.9419,3630.8501,3697.5300,3829.7340,3870.4184,3847.1500,3952.1694,3971.2856,3878.3100,3873.4718,3894.9494,3870.4700,3828.8125,3959.7333,4262.3600,4513.2381,4532.7182,4454.9100,4568.0734,4590.2659,4419.2300,4258.5998,4226.5424,4259.4200,4214.7840,4253.0900,4400.7500,4474.5202,4314.7152,4138.5800,4314.8013,4368.3226,4185.9200,4132.5286,4180.7326,4250.9000,4293.7651,4182.4035,3990.9600,3939.1117,3949.5046,3983.4700,4078.3232,4118.3430,4050.9900,3924.5957,3781.8669,3702.2400,3759.1062,3846.1236,3845.8900,3753.7989,3857.4414,4021.8100,3824.9846,3657.0178,3628.1300,3485.2108,3461.1448,3602.7800,3635.7769,3276.0929,2774.0100,2713.6628,2886.9918,3010.4500,2973.2197,2843.8167,2781.9700,2885.0572,2831.7097,2691.8500,2835.5281,2869.9920,2722.7200,2724.0701,2760.1950,2824.0200,3013.4900,2974.3573,2731.0300,2686.3217,2782.5387,2898.5400,2977.4624,2992.8165,2963.8300,2933.9257,2892.7780,2918.0500,3050.9622,2811.3581,2311.0900,2216.1871,2505.7069,2756.3100,2566.7937,2484.4250,2593.2400,2466.9644,2429.6972,2555.7200,2630.6195,3037.7055,3676.8200
2025/1/12,3947.6871,3811.5211,3622.6000,3762.4947,3766.2576,3569.7700,3608.6197,3852.8383,4064.0700,4004.2861,3780.3094,3645.0100,3780.4541,3869.4412,3913.8700,4192.5823,4330.7475,4167.5600,3951.6224,4016.8533,4191.0100,4009.2464,3907.8213,4061.7500,4200.2196,4239.9218,4189.3400,4113.6401,4138.4038,4215.2400,4202.7478,4320.3801,4386.7300,4086.7832,4475.3514,5400.6500,5590.0628,5484.2762,5485.7300,5498.9615,5381.3934,5208.7000,5229.5149,5472.6467,5618.2600,5425.5464,6053.8952,7178.1700,7252.2731,7151.8160,7341.7800,7376.2661,7305.7453,7199.6600,7048.8816,6988.1089,7009.0800,6984.8148,7024.2042,7068.5500,6949.1478,6953.0667,7066.3300,6991.1546,6948.9663,6941.4300,6784.9510,6936.8603,7230.5500,6980.2715,6566.9018,6440.5700,6686.6244,6779.2313,6580.8700,6447.7446,6546.5136,6784.2300,6895.6961,6764.5080,6600.5200,6717.2796,6717.6153,6516.7000,6441.0149,6488.2448,6538.2900,6480.7782,6364.6000,6271.7100,6259.8042,6318.4149,6432.3300,6553.0901,6467.3972,6308.0100,6420.3864,6468.5252,6336.4100,6259.1590,6294.7230,6377.8200,6396.2264,6351.6336,6349.2100,6370.0791,5658.4191,4546.1900,4228.9202,4286.4860,4367.8700,4537.8895,4587.5222,4480.7900,4401.4115,4417.2372,4399.9200,4189.7040,4141.0549,4324.3600,4445.4175,4415.9451,4351.8300,4440.6759,4565.7504,4563.0600,4388.8838,4344.5437,4493.2300,4535.3510,4050.9401,3378.8400,3322.2707,3423.7006,3427.4800,3510.6784,3494.6758,3475.4900,3700.8521,3590.6135,3323.1000,3636.9669,3687.2144,3428.9200
2025/1/13,3664.8226,3796.0254,3640.2100,3622.5043,3502.2591,3442.2500,3877.4521,4058.3870,3854.9600,3854.6287,3844.8009,3793.0100,3920.3192,3922.0899,3841.4300,4032.5041,4176.0160,4146.5300,4127.7748,4075.7310,4016.1500,4066.0939,4183.6089,4256.5500,4192.0591,4090.2487,4095.7100,4262.2003,4313.9978,4291.8100,4473.5987,4507.6034,4250.5600,4029.0082,4518.2504,5357.0100,5461.9133,5320.0047,5368.3100,5515.5833,5404.0999,5226.4400,5514.5093,5728.6236,5482.4600,5095.7470,5904.4347,7308.6300,7308.5163,6996.0608,7138.5600,7387.0392,7428.0463,7289.8200,7263.3115,7397.5353,7430.6600,7090.1807,7011.7474,7230.1300,7174.4341,7152.6866,7225.2400,7091.5756,6913.1899,6958.0000,7281.2919,7190.8671,6848.9400,7030.5745,6855.5037,6332.6900,6396.6580,6460.8066,6331.7900,6441.3027,6579.4648,6599.2200,6615.2155,6841.3886,7058.5000,6825.4626,6613.2601,6617.5700,6580.7511,6470.5188,6437.5200,6623.3726,6667.5029,6490.8100,6365.0970,6332.7342,6382.2200,6460.5474,6336.7486,6189.3500,6421.7311,6544.2737,6382.3100,6245.7277,6205.3068,6162.0500,6012.3093,6036.1704,6297.1400,6421.7071,5607.7431,4424.2800,4334.2432,4513.7539,4394.8800,4230.6443,4179.4372,4297.8200,4502.1756,4447.4970,4264.0900,4407.0533,4492.6310,4412.4800,4444.0335,4452.4650,4396.4100,4383.4830,4322.9995,4379.0600,4774.9591,4791.9948,4554.1000,4777.8613,4306.2637,3362.9000,3404.6549,3437.2321,3180.4300,3402.8914,3693.2037,3646.8700,3339.5077,3458.6917,3896.1500,3865.1225,3637.6074,3562.4800
2025/1/14,3697.9759,3747.6432,3671.2500,3687.5239,3690.6944,3729.4500,3947.3150,3936.6292,3760.5500,3897.6533,4057.5941,4078.2800,4083.8129,4039.1961,3978.0300,4001.9451,4040.0989,4051.7600,4081.0420,4205.4195,4323.7900,4253.2183,4216.5933,4284.5900,4282.6217,4092.0312,3932.1000,4157.7637,4394.8383,4375.6200,4192.7375,4188.9897,4266.0000,4125.6214,4611.4452,5465.6100,5493.3361,5298.6069,5424.5100,5764.5880,5749.3421,5417.9500,5362.4173,5507.1929,5505.5900,5276.1374,6089.9784,7427.0300,7404.3563,7150.6382,7234.8400,7121.0484,7169.2129,7323.7900,7111.0081,6978.6805,7110.2800,7225.9639,7207.6195,7149.0300,7218.8417,7229.8919,7098.3600,6973.6872,7137.5167,7347.9100,7082.1778,6886.8085,6994.3400,7044.6040,6685.9447,6257.4500,6423.7740,6462.9742,6203.9900,6215.8957,6410.3962,6574.9500,6598.7261,6574.1707,6566.6100,6584.9017,6710.1910,6783.3300,6572.0180,6559.8235,6766.4700,6713.5030,6511.4193,6402.7400,6497.0689,6478.8189,6318.6100,6283.7744,6267.8291,6257.0300,6359.1253,6411.6841,6316.0600,6145.8456,6119.3464,6249.5700,6333.8378,6277.1871,6251.3600,6369.8612,5636.2271,4401.2600,4143.4386,4362.3562,4496.9900,4483.0056,4432.1063,4432.1000,4473.4318,4419.4883,4344.7300,4447.5956,4469.0721,4379.4800,4417.7491,4514.3555,4576.5500,4567.9369,4452.9580,4336.7900,4384.1615,4441.8823,4469.3800,4475.6136,3940.3912,3285.5800,3498.6046,3579.0998,3289.2200,3405.5732,3684.6806,3779.7500,3627.7651,3616.7077,3758.7700,3713.4398,3664.8078,3672.8900
2025/1/15,3620.6386,3708.3377,3838.3200,3697.5425,3616.2551,3730.2600,3846.9076,3898.5240,3875.2100,3815.0780,3850.0953,3956.4400,3969.5136,3881.7966,3821.7700,3913.8305,3904.4889,3843.0400,4037.7965,4247.0307,4248.0400,4069.9033,4083.9377,4262.0800,4230.8738,4159.0828,4154.0000,4149.3712,4190.2662,4264.6800,4312.3813,4413.9209,4348.6200,3943.2555,4474.4327,5548.3000,5455.8935,5313.3578,5579.3600,5541.4861,5343.0804,5255.3100,5374.4514,5501.4920,5339.1800,4945.9590,5800.8471,7364.7600,7507.7254,7186.7180,7164.4300,7232.1356,7266.4146,7234.5400,7181.1675,7218.3981,7287.3700,7234.7170,7261.9851,7302.1200,7095.8184,7028.4994,7108.6800,6964.7042,6860.0289,6942.5300,7071.0172,7079.3719,7027.4900,7077.8548,6911.9381,6664.1600,6788.4291,6743.0632,6398.4000,6222.1543,6392.3254,6774.0300,7016.6377,6859.4982,6533.0100,6550.9908,6703.1405,6733.4500,6607.3214,6597.4930,6675.5700,6573.9580,6553.8661,6555.7600,6270.5816,6192.2126,6399.4600,6455.4466,6346.7819,6238.6100,6294.8220,6412.6386,6460.6200,6397.4004,6378.4975,6415.1000,6362.9230,6236.3891,6276.1600,6551.1910,5794.0877,4408.7400,4169.1645,4334.9524,4303.5800,4245.8886,4268.7645,4381.3400,4495.3332,4438.9802,4333.8300,4458.7756,4489.4042,4421.1700,4587.0461,4778.3999,4756.8000,4516.0372,4507.0391,4645.3400,4455.2805,4457.0947,4672.4900,4513.9403,3985.8003,3483.2200,3442.6273,3537.9536,3489.4000,3307.4853,3199.0136,3255.6400,3394.4568,3486.9200,3537.2900,3622.9227,3558.6410,3429.6000
2025/1/16,3526.9471,3626.8272,3626.5900,3641.0299,3647.4731,3754.7100,4055.3702,3946.9391,3651.7400,3951.4431,3923.0595,3568.2900,3842.8051,4103.7695,4044.7700,4034.9116,4134.1421,4153.6700,3925.5742,3983.9433,4260.7500,4154.8507,4030.1941,4043.4900,3997.7702,4093.5673,4269.5900,4241.1487,4276.5942,4371.2900,4250.1119,4200.1010,4267.2900,4287.4853,4761.2514,5477.1500,5639.7902,5625.4495,5606.6200,5395.3118,5366.0404,5558.0600,5626.8460,5609.3890,5434.4600,5129.7378,5871.1972,7238.3400,7524.4005,7386.1680,7301.6500,7118.5668,7286.0201,7523.8400,7113.2450,7072.6026,7462.6400,7317.9348,7145.0309,7146.9800,6981.6112,6864.0469,6943.1600,7103.3035,7043.1418,6870.1000,6956.1981,6943.4470,6809.0400,6894.0002,6916.2069,6709.1000,6431.9024,6416.3607,6528.1600,6364.1463,6436.5655,6722.3600,6678.6470,6734.8208,6951.1200,6922.9589,6854.2634,6768.3000,6505.0660,6498.3409,6615.8500,6304.5338,6170.0549,6408.9100,6570.1920,6453.4866,6227.9600,6235.5021,6320.5967,6392.6300,6487.9626,6397.0092,6217.9300,6293.3681,6457.5278,6391.1500,5977.6923,5960.9148,6397.6400,6477.2279,5581.5770,4364.5200,4187.8237,4415.9697,4504.0700,4492.3332,4356.9789,4251.5100,4404.2374,4552.2016,4515.3500,4368.5589,4362.5221,4511.7000,4579.8728,4450.8266,4294.2500,4402.6087,4555.1868,4561.6700,4436.9432,4367.0796,4494.8800,4678.6031,4045.3251,3128.3500,3386.6017,3684.8610,3490.6200,3405.7260,3490.1810,3552.8500,3439.5028,3528.2241,3825.3200,3873.6924,3406.5610,2666.0300
2025/1/17,2257.2766,2397.7026,2813.9700,2957.0975,2744.2964,2523.2700,2709.2039,2779.2945,2672.7600,2825.4676,2883.0635,2806.2400,2919.4573,2940.4807,2871.0700,3003.3446,3043.6663,2964.5600,3055.4828,3206.3367,3259.9600,3184.1367,3206.2324,3377.8500,3500.9363,3358.0932,3165.8100,3362.4090,3546.8679,3505.4000,3400.4142,3294.9629,3298.2800,3476.6582,3446.1618,3239.1400,3266.7995,3345.4919,3328.0800,3305.1722,3534.5287,3866.6000,3880.0349,3840.8903,3887.6600,3906.1241,3980.1238,4055.4100,3964.3905,3844.0020,3775.2600,3778.0304,4138.5692,4628.2900,4658.1401,4517.6887,4468.5500,4507.3177,4584.0730,4583.2900,4431.6343,4431.9218,4533.5500,4404.8644,4360.1508,4375.6900,4117.7592,4008.6204,4172.3900,4298.6845,4313.0226,4277.2600,4256.3285,4057.7372,3834.8000,3957.5544,4040.7685,3998.1800,4089.1481,4008.2518,3802.6900,3854.3518,3901.5064,3846.3200,3850.3870,3803.9563,3800.9100,4034.9904,4029.8138,3839.8400,3966.2912,3920.7962,3618.4700,3507.9532,3538.7746,3554.6600,3482.7829,3473.1590,3592.4800,3678.3868,3247.2339,2645.0800,2729.8818,2810.8925,2658.1100,2721.3240,2754.0504,2694.2900,2751.3478,2757.3229,2662.1500,2620.3758,2731.7806,2886.8700,2884.7199,2918.3542,2981.9200,2880.7250,2847.1691,2871.0700,2711.2340,2604.0074,2704.3200,2907.7781,2911.0682,2810.8300,2942.9338,2848.0255,2718.1200,3153.4958,3037.0518,2403.9300,2422.6272,2467.5583,2276.1200,2310.2826,2603.1117,2815.2500,2601.7353,2582.8903,2789.4600,2657.6167,2559.9359,2653.7000
2025/1/18,2697.4268,2688.0064,2668.9400,2697.2903,2936.5134,3123.3500,2806.6371,2570.2508,2638.5600,2725.0725,2972.4356,3172.9600,2920.2445,2836.9868,3036.2900,3031.6962,3014.6763,3087.9700,3105.9112,3002.1911,2874.2700,2926.0835,3210.8263,3454.8000,3287.3786,3088.4100,3145.2500,3382.8892,3430.7967,3322.0700,3401.4177,3381.0633,3234.2600,3257.2882,3344.9640,3375.4700,3329.3057,3243.9581,3199.8600,3290.2147,3537.0820,3863.7600,4095.5313,4005.3522,3743.8800,3715.1688,3782.4200,3786.4000,3731.1341,3792.8185,3902.4600,3856.3275,4035.7036,4429.4100,4588.0665,4484.0110,4361.5200,4463.3637,4407.3683,4183.4000,4192.9036,4362.1313,4462.0700,4317.9965,4095.8238,4067.6100,4342.0199,4328.1193,4091.8500,4266.3949,4444.3716,4369.5100,4207.0090,4119.4191,4106.2100,4063.7852,4098.9616,4179.1000,4128.1126,3974.4431,3871.5600,3968.2726,4110.0625,4119.3600,3935.7888,3749.2117,3714.6300,3823.0164,3811.7147,3700.4900,3736.9643,3717.7466,3700.9100,3947.0661,4035.1397,3828.6100,3627.2869,3628.1392,3732.4500,3632.8595,3258.6684,2863.1800,2805.5617,2832.3248,2797.6500,2789.7078,2782.4624,2825.0100,2977.5377,2936.1531,2711.6600,2637.4234,2705.1387,2717.3100,2540.1147,2657.3542,2928.5200,2737.9381,2657.1598,2850.1000,2884.5378,2795.4336,2735.0200,2822.4223,3064.2315,3221.9200,3014.3339,2840.7645,2879.1400,2914.7585,2751.8838,2523.3600,2557.4772,2690.1213,2718.2200,2577.3304,2406.3386,2380.9800,2567.8976,2662.1300,2554.6200,2505.8609,3056.3953,3823.9100
2025/1/19,3821.1868,3580.0444,3565.0400,3723.9786,3783.1536,3734.9900,3802.4033,3869.9562,3861.4500,3835.2643,3873.9603,3952.9900,3984.6160,4064.5528,4089.6300,3864.5005,3790.0931,3988.6500,4174.7034,4161.4246,3965.3600,3795.3468,3913.2545,4132.8600,4022.0244,3980.5192,4116.5700,4123.7888,4055.5124,4058.0000,4214.3325,4364.3136,4269.2300,3941.3133,4398.3282,5336.4000,5411.8556,5372.7447,5552.8300,5498.3552,5411.7523,5402.4900,5353.0844,5301.4234,5172.1100,5028.7970,6017.4264,7413.6200,7246.1559,7043.5300,7337.8100,7143.3595,6957.9392,7093.2600,7280.2901,7251.9392,7066.9900,7034.6426,7180.8558,7258.1400,7012.6905,6936.1501,7121.3000,7191.3061,7229.2641,7183.5900,6915.1735,6926.8644,7147.6900,7000.4004,6810.3165,6662.6300,6341.2557,6291.1890,6461.3500,6378.1893,6510.9154,6807.9300,6718.7444,6722.9210,6890.8500,6788.8294,6654.7375,6620.3700,6571.3983,6532.2852,6513.0700,6502.6380,6602.1169,6668.3400,6435.7736,6228.5561,6235.1400,6354.3797,6470.7827,6460.1200,6280.0413,6234.3001,6381.4800,6456.1181,6242.8068,5976.7300,6102.6080,6193.0776,6223.5800,6436.6902,5722.2528,4470.7800,4322.5961,4562.1303,4496.0100,4200.6151,4267.6742,4549.9500,4355.4232,4228.5990,4399.9600,4519.7149,4453.6290,4269.2500,4178.8157,4390.9036,4687.2600,4598.7682,4348.0856,4284.4600,4529.1867,4530.7260,4364.1000,4537.1092,4170.9633,3376.8400,3254.1161,3483.6047,3604.4500,3497.7380,3484.7426,3617.6100,3638.0828,3552.3443,3422.4900,3326.1141,3445.4590,3654.6900
2025/1/20,3637.3248,3637.6183,3719.3100,3709.2827,3774.3553,3939.3100,4013.9205,3880.9700,3687.5100,3724.3305,3886.6570,4045.6900,4143.0188,4097.6081,3958.1200,3882.6979,3917.9796,3976.3800,3936.6422,3950.8094,3980.8200,3853.7657,3878.1694,4087.4300,4198.7221,4252.4673,4256.0600,4150.8890,4082.6528,4146.3100,4299.9517,4371.5182,4267.9600,4142.6937,4644.2341,5426.4300,5454.7280,5378.9352,5578.3300,5742.6877,5636.6935,5445.9800,5569.3819,5687.2578,5447.3800,5004.5514,5832.0159,7360.1800,7455.2219,7160.3018,7218.6000,7305.9903,7312.7802,7253.1400,7186.3058,7122.2236,7108.3800,7184.9652,7171.8892,7081.5000,7101.0877,7131.8932,7147.3300,7215.0167,7201.8190,7106.4600,7065.0429,7031.3637,6975.1100,6914.5065,6810.7062,6671.9100,6559.1635,6493.8756,6419.5100,6301.7807,6442.6254,6723.8100,6690.2472,6552.4860,6537.8300,6662.9270,6729.4834,6643.3500,6475.5492,6334.2667,6361.9400,6595.8292,6575.0594,6380.0900,6509.2832,6498.9078,6341.2500,6484.7993,6421.8996,6182.6200,6336.9512,6492.9202,6381.0100,6154.3729,6152.5289,6347.1400,6376.1497,6197.0538,6146.5200,6425.6454,5616.9772,4234.6400,4287.1209,4472.9208,4238.5500,4360.7371,4548.0595,4584.6200,4569.2367,4427.1702,4223.2600,4173.3123,4338.3468,4489.5800,4336.8665,4316.1857,4487.3400,4476.1721,4408.4853,4405.1400,4434.1847,4406.5007,4441.1400,4634.0719,4163.7447,3311.7700,3256.7039,3449.9969,3465.4700,3414.6001,3291.8243,3229.0700,3404.4809,3505.7869,3476.7200,3561.1085,3682.4426,3709.5100
2025/1/21,3614.2576,3646.3504,3745.4400,3625.0196,3591.6057,3676.0100,3632.2788,3794.3598,4064.7100,3961.8912,3782.5416,3773.3300,3895.5826,3979.3714,3975.2200,3958.4907,3905.1340,3838.9700,3860.9548,4068.6401,4229.3300,4021.4610,4047.5328,4353.3700,4383.1813,4325.1586,4226.4600,3952.9142,3960.4556,4231.0800,4298.6545,4384.5715,4420.8500,4200.5332,4755.9807,5676.4500,5454.6926,5177.7596,5418.0900,5652.8370,5709.3320,5544.8800,5251.7024,5309.7979,5518.9200,5360.6225,6062.7226,7286.9700,7336.1043,7081.0778,7137.1900,7231.4028,7224.4550,7200.4000,7299.4177,7188.8436,6909.5500,6896.1332,7172.7967,7419.2100,7268.0317,7091.6733,7034.9900,6924.9335,6960.5587,7059.6200,6915.4414,6822.6586,6854.5300,6763.6972,6528.8309,6303.5300,6278.6438,6340.9637,6393.3400,6437.0197,6492.4524,6559.5600,6614.6130,6634.1586,6542.1300,6318.5134,6355.4744,6606.6100,6637.1204,6616.1352,6613.4200,6504.7492,6409.8256,6391.0800,6409.5592,6499.3911,6585.4100,6512.3147,6321.9943,6156.0900,6160.9701,6301.7754,6407.0800,6306.7151,6190.6769,6163.7900,6162.3664,6157.4345,6220.0100,6310.2110,5645.2271,4578.3800,4320.7409,4259.5562,4143.3900,4333.8999,4347.7191,4160.1200,4243.0025,4351.0243,4333.9300,4311.4827,4349.9374,4359.3000,4216.4590,4208.9095,4363.7700,4420.5412,4425.2683,4476.4600,4577.6416,4486.4436,4384.4800,4596.8995,4148.8871,3247.8900,3154.5927,3320.6931,3375.1300,3479.2693,3365.3111,3232.6500,3549.9926,3584.1062,3367.7100,3646.5521,3763.5655,3526.8000
2025/1/22,3445.1091,3517.6790,3551.5700,3438.4345,3601.5994,3934.7400,3894.0110,3819.1541,3844.6000,3771.0900,3784.6221,3854.5200,3765.9529,3818.0558,3977.2300,3905.0839,3886.1434,3983.9800,3984.6780,4076.1187,4200.0600,4097.5097,4090.6423,4220.7300,4214.8396,4251.5244,4356.4800,4321.0200,4094.4049,3979.0500,4346.7259,4625.0674,4485.1800,4209.1978,4545.8292,5311.7000,5554.7683,5420.8956,5316.7400,5468.2090,5498.1415,5319.1800,5265.3567,5566.1760,5762.4900,5300.8093,5779.1603,7023.7200,7215.2055,7175.0804,7381.2800,7408.7913,7333.0328,7264.0000,7207.6582,7161.9309,7140.1900,7159.1075,7185.3150,7220.9300,7268.6337,7152.6652,6925.3000,6844.0267,6893.1937,6956.6500,6938.7995,6937.5411,6972.5800,6930.4557,6685.5598,6405.4700,6406.9178,6438.4236,6432.8600,6570.8503,6711.5387,6768.8000,6756.7582,6550.9576,6339.2000,6489.8638,6709.0931,6742.1200,6602.2851,6528.7168,6524.8300,6410.9096,6419.1479,6545.4900,6533.5093,6482.5261,6484.3100,6499.8606,6379.9605,6218.7800,6269.6640,6351.4325,6356.4700,6347.5803,6330.1373,6328.1100,6360.3644,6297.9953,6261.1700,6361.3270,5602.5883,4374.3400,4168.8454,4268.7387,4291.9700,4552.2693,4554.4231,4319.5800,4379.7951,4416.3840,4341.6200,4409.7755,4449.2873,4467.4800,4636.5983,4644.4538,4444.1800,4326.5520,4370.3453,4504.1500,4588.6277,4591.1140,4660.7200,4865.2364,4387.6885,3481.8900,3313.1445,3528.1233,3609.4100,3421.8888,3415.8448,3624.4700,3640.8186,3537.5601,3433.6700,3378.0966,3451.1453,3569.3700
2025/1/23,3562.1129,3590.8072,3698.6700,3762.7363,3804.5706,3809.5300,3748.6813,3819.8877,3952.5600,3892.6395,3934.5087,4022.6600,3795.8606,3615.9188,3657.9800,3777.4358,4029.0446,4228.5800,4080.7888,3997.3880,4101.0500,4128.5615,4144.4526,4192.5500,4193.8287,4025.2343,3922.5200,4250.2780,4440.2757,4286.2800,4153.7825,4279.2136,4429.3500,4246.9202,4550.2744,5287.1900,5528.1758,5499.3129,5450.7500,5380.2519,5380.0405,5416.5000,5384.2974,5481.0709,5522.9400,5271.1527,6011.7795,7336.9300,7448.7502,7261.9890,7291.7700,7134.7691,7097.6909,7250.8100,7313.9524,7305.0636,7225.4800,7061.1468,7097.5392,7191.3800,6923.3745,6764.0547,6846.4500,6835.0775,6783.4190,6871.0500,7163.5136,7205.8049,7007.0200,6979.9030,6798.6992,6511.9600,6559.0491,6688.8991,6657.6100,6483.5261,6476.1948,6701.5300,6899.5547,6783.5469,6501.6500,6478.6748,6507.7255,6537.8900,6702.5411,6623.3262,6382.7100,6458.5386,6556.0399,6518.9000,6478.7679,6375.6499,6302.4100,6432.0225,6456.8422,6330.7000,6321.4009,6414.0904,6449.7300,6319.5031,6368.1724,6497.0300,6271.9060,6128.8930,6309.2900,6457.8071,5583.7715,4294.5100,4259.8244,4442.1428,4284.2800,4274.7618,4376.6432,4354.6700,4083.0970,4063.3310,4341.4000,4465.7106,4444.8686,4401.1700,4416.0446,4443.2798,4483.3300,4574.9173,4601.3656,4531.0500,4457.0379,4467.9751,4555.9500,4561.9643,4127.8622,3503.4500,3374.4837,3545.9251,3647.1800,3492.3621,3408.6293,3433.3400,3322.1510,3357.7558,3592.4500,3696.9892,3309.8293,2676.9700
2025/1/24,2454.8560,2503.1642,2653.2200,2860.2710,2880.7933,2778.7300,2843.3884,2844.8353,2777.5500,2879.6050,2944.2292,2955.7100,3094.5401,3118.2380,3062.5800,3215.9765,3338.5043,3294.9400,3183.0556,3069.2598,3027.9900,3093.0213,3075.6669,3055.8700,3266.4209,3282.1619,3157.2900,3351.2180,3384.5866,3218.6400,3295.7538,3277.9747,3188.7200,3391.4893,3387.4373,3209.6300,3386.3735,3439.5712,3254.9700,3261.4341,3552.7944,3845.7500,3775.2195,3772.9415,3969.4000,4044.2727,3898.5619,3724.3000,3779.7769,3694.1788,3540.4300,3796.1381,4154.1112,4346.3300,4396.8721,4516.8168,4657.1800,4563.7950,4376.9656,4306.7200,4427.8864,4422.9429,4320.4700,4437.9774,4489.0141,4387.5600,4322.5609,4169.8425,4000.8000,4058.7394,4167.7610,4139.8600,3989.7687,4130.1387,4388.7700,4189.9500,4047.8194,4091.8300,3945.0531,3850.5206,3914.1900,3975.3644,4003.2024,3979.8900,3895.5604,3855.5300,3823.2900,3693.1359,3743.1837,3828.8800,3546.1590,3500.5605,3774.1500,3819.2749,3695.0751,3604.6100,3640.2181,3536.7839,3394.0500,3499.1378,3127.3168,2542.5900,2767.0596,2916.6364,2712.4800,2738.4986,2673.5839,2549.2000,2763.8894,2848.8452,2744.3400,2845.1956,2854.3145,2738.8500,2773.9649,2707.4422,2544.0100,2573.4613,2658.8762,2727.7100,2838.0265,2872.5661,2753.9100,2572.7107,2720.2863,2997.4100,2839.3916,2844.1800,3120.7100,3097.8301,2651.0909,2211.6900,2369.9225,2631.2980,2682.9700,2647.7992,2563.1294,2488.8000,2476.4154,2364.5323,2290.7100,2558.4689,2744.8498,2716.5200
2025/1/25,2725.9526,2680.0361,2659.8400,2861.9215,2905.6089,2809.2500,2942.6338,2923.2679,2787.6300,2965.6344,3034.1367,2927.0200,3011.4346,3089.5616,3045.2600,2987.7561,3006.3681,3084.3500,3126.3068,3116.9757,3072.6600,3032.6936,3080.0636,3156.8200,3125.5784,3130.4829,3213.0300,3270.1602,3315.7504,3312.3300,3207.5332,3209.2912,3361.1100,3477.1944,3389.6322,3243.7300,3336.7660,3366.6260,3278.0700,3360.0772,3665.4689,3894.9900,3712.6548,3753.1081,4054.8900,4015.2966,3827.5220,3736.9000,3788.9000,3858.0465,3872.5600,3877.6081,4000.7483,4240.5900,4437.5166,4407.4568,4290.1900,4408.5137,4513.9210,4437.9700,4286.0237,4334.2227,4479.2300,4368.0102,4310.2467,4394.1700,4369.3618,4206.5277,4134.8000,4371.2835,4324.9891,4005.6100,4010.5176,4082.2261,4059.0600,4063.6281,4084.3251,4120.8900,4172.4181,4057.9880,3918.3200,4063.8793,4042.9883,3837.0600,3865.4845,3810.1825,3645.6100,3679.5471,3639.0560,3582.6900,3831.8668,3861.2116,3603.9600,3529.2409,3550.8973,3517.5500,3413.9279,3434.0292,3571.4700,3567.5467,3184.5084,2715.7000,2721.0976,2758.5335,2668.5800,2719.4226,2743.7553,2690.4500,2703.5000,2782.2380,2858.8400,2884.2639,2984.8855,3023.6500,2730.4273,2515.4751,2559.7500,2676.3603,2816.0299,2920.4600,2918.1476,2873.2150,2816.7200,2761.3788,2900.4206,3106.5000,3020.6067,2820.0610,2756.7700,2895.4313,2827.9101,2527.1500,2387.1465,2484.5415,2647.1800,2621.5043,2483.2034,2367.8900,2362.2724,2451.6940,2539.4500,2578.0459,2919.4172,3440.3600
2025/1/26,3618.1419,3625.0328,3600.1200,3525.6640,3596.9321,3775.4000,3818.2361,3816.2744,3795.6400,3687.2824,3642.2271,3767.0500,4013.0514,4125.9305,4050.7700,3939.5538,3780.2709,3678.5000,3824.2939,4098.0264,4249.8400,4114.7502,4054.3540,4174.1400,4234.8671,4178.5459,4154.1000,4322.8401,4292.6064,4129.7100,4281.1493,4345.1844,4219.6300,4292.2109,4811.7339,5411.1400,5444.9027,5425.9845,5494.4500,5321.7277,5352.1961,5596.5200,5612.9403,5662.4424,5625.3100,5259.8909,5988.9360,7353.2000,7377.7838,7185.2959,7400.6400,7465.2636,7285.5238,7105.6700,7211.8964,7248.4039,7148.4400,7178.7695,7147.8230,7083.2400,7200.7589,7140.1234,6999.4400,7201.8835,7090.4166,6728.9000,6864.4274,7011.2867,6926.7200,6851.8199,6722.5178,6572.1800,6548.9194,6544.7660,6489.0000,6434.0775,6501.8355,6595.3300,6510.4485,6536.3790,6678.9100,6638.9540,6533.0109,6537.3100,6699.2269,6754.1937,6560.6000,6244.0654,6177.8737,6348.5900,6409.0876,6455.3150,6519.4700,6493.2366,6423.1929,6379.4800,6379.6147,6308.7459,6237.5500,6346.2556,6391.0395,6280.4100,6172.7032,6180.7322,6360.9400,6509.0941,5626.3481,4326.3500,4313.8513,4475.2435,4336.6300,4518.2502,4585.4478,4401.7000,4302.4635,4215.1705,4219.5400,4476.5425,4462.8371,4236.6100,4361.7801,4428.4876,4347.7200,4450.2024,4471.7450,4368.7700,4374.9575,4343.0202,4311.4100,4409.9237,4036.2212,3378.1700,3285.6804,3371.3467,3382.9400,3462.0232,3509.1319,3467.5600,3420.1911,3559.2156,3716.6300,3554.2886,3566.3998,3722.2100
2025/1/27,3516.9328,3466.7420,3621.0000,3510.7865,3493.3368,3655.2800,3703.1288,3756.2096,3874.0900,3949.2539,3886.7372,3771.9900,3783.6653,3784.2691,3845.3800,4157.5352,4251.3866,4045.2400,3918.8613,3876.9541,3877.7500,3947.0226,4155.2451,4313.6400,4161.1801,4195.9729,4398.6100,4271.7750,4222.3179,4316.2500,4210.2352,4201.1959,4272.5100,4175.2552,4601.6956,5362.8800,5520.9025,5594.4171,5687.5700,5390.6877,5362.9918,5635.7800,5578.1772,5501.8465,5415.0300,5145.6264,5905.6819,7202.1000,7208.2477,6942.9659,7039.0600,7097.3869,7072.4379,7050.9500,7113.6973,7192.5831,7206.9800,7128.8900,7039.6290,7023.2600,7109.6017,7208.8447,7204.3100,7028.6785,6801.2065,6692.8000,6811.6219,6994.4176,7003.1900,6710.3672,6444.9135,6365.7700,6346.2006,6261.5911,6170.7500,6256.7835,6477.6497,6658.8300,6620.5647,6460.5907,6383.3000,6528.1764,6641.1637,6641.3700,6673.7523,6699.2353,6638.2300,6495.4027,6554.5088,6622.9400,6254.8640,6138.5503,6406.1400,6508.2409,6541.7203,6541.7600,6380.6627,6204.8511,6128.5300,6142.3405,6157.6546,6107.5100,6008.5584,6043.9633,6288.9900,6485.2572,5706.5742,4464.0700,4277.9916,4337.3843,4205.9800,4259.5422,4240.6681,4157.4700,4307.9134,4426.2907,4442.4300,4528.5695,4477.7566,4350.4700,4424.7080,4403.1355,4261.4600,4285.0939,4324.2530,4333.6200,4425.0088,4477.1600,4534.9200,4670.4608,4209.4060,3453.5800,3443.3828,3545.5713,3454.9200,3488.4053,3432.3529,3329.7100,3480.5689,3636.2047,3704.6700,3794.5385,3647.2224,3458.6700
2025/1/28,3695.8008,3746.0434,3518.1400,3552.6533,3734.2210,3904.3900,4025.7551,4030.1350,3922.9500,3824.4289,3961.0852,4083.0700,3751.6921,3735.2172,4067.8700,4034.0334,4054.8445,4185.7400,4035.1474,4041.1612,4228.1700,4150.5681,3990.3903,3958.2700,4098.0836,4324.2712,4445.8900,4299.1990,4121.6278,4122.5600,4331.0667,4567.3091,4503.0400,4041.9142,4336.4032,5278.0600,5563.1747,5398.3695,5262.3900,5373.1738,5415.1845,5366.7900,5507.4854,5621.7384,5460.2400,5173.8734,6039.7811,7434.6000,7344.1121,6870.6699,6915.7800,7270.9596,7335.7982,7155.6500,7266.6945,7264.8831,7124.7800,7246.2619,7265.0789,7108.4600,7094.3410,7149.4216,7172.4500,7140.0094,7043.5178,6978.1400,7040.9617,6956.3891,6879.9900,7171.3198,6961.3834,6370.9400,6423.4767,6568.6521,6438.1600,6287.1949,6479.1348,6792.9400,6680.6574,6675.5401,6880.9000,6856.2812,6797.9078,6709.2500,6409.1626,6385.2374,6578.1000,6440.6354,6326.8871,6362.3900,6295.0708,6209.2849,6280.8800,6557.9895,6590.4511,6299.6100,6061.1781,6073.5350,6249.3100,6319.6438,6238.3078,6124.8500,6136.4854,6163.6161,6315.8600,6634.6227,5833.7084,4422.4800,4302.3330,4470.1743,4307.0900,4237.2872,4317.5251,4384.8100,4276.7738,4278.3326,4401.9200,4394.1905,4464.2872,4561.7300,4423.1921,4426.7505,4543.0900,4370.3261,4284.0833,4408.6500,4457.5690,4323.9184,4281.0500,4594.3062,4240.9948,3367.2700,3176.4938,3156.7372,3120.3200,3431.1774,3606.7014,3512.4000,3493.9478,3546.1120,3598.2800,3622.7544,3644.9019,3606.8000
2025/1/29,3458.6049,3543.9984,3765.7000,3687.1272,3655.5767,3753.4800,3716.6518,3747.0853,3839.8200,3762.8299,3683.7993,3725.1500,3851.3249,3988.4237,4017.3900,3888.8498,3956.7638,4125.3400,3966.3955,3901.0145,3996.4900,3912.4253,3948.0996,4154.5900,4239.4883,4195.6728,4128.1200,4139.9163,4182.8641,4197.1600,4186.7171,4289.7628,4357.0500,4202.0577,4705.5599,5502.2800,5288.9047,5031.5030,5277.6000,5587.4199,5598.5221,5350.2000,5210.3075,5355.4423,5456.0800,5197.1609,6034.2469,7501.3100,7546.7527,7205.0549,7202.7800,7251.2468,7409.4733,7535.1100,7333.7226,7096.4607,7085.8500,7281.7006,7268.2115,7032.2800,6955.8405,7002.8225,7036.5700,6991.5715,7037.9815,7148.0500,7101.9248,6941.7447,6858.2800,6977.4693,6868.6545,6506.8000,6303.1504,6236.0008,6272.8100,6453.5555,6694.1010,6864.5100,6867.1677,6785.8813,6695.2100,6601.8149,6465.0849,6353.9600,6385.1195,6392.8823,6361.5300,6433.6032,6500.0723,6452.9200,6316.0529,6356.6598,6468.8300,6298.2664,6207.6992,6238.9900,6096.4484,6126.8870,6232.8100,5979.5975,5988.6210,6300.1900,6292.8147,6104.7587,6070.8400,6235.1418,5562.6053,4405.1300,4217.2859,4277.1805,4204.0300,4333.5906,4281.2404,4090.7200,4236.6306,4452.5847,4487.3700,4337.0094,4156.2830,4107.4900,4243.3465,4310.5003,4268.1200,4310.2424,4412.9605,4436.0700,4283.9398,4261.3816,4491.6700,4728.1859,4410.5804,3737.5600,3473.6455,3329.0838,3196.6700,3305.4878,3419.6862,3433.7100,3453.0932,3427.6649,3403.6400,3504.0840,3609.0955,3580.4900
2025/1/30,3405.0251,3380.0304,3577.5600,3783.6354,3856.4513,3824.8600,3827.3155,3845.2461,3858.5100,3874.8551,3859.9835,3852.8700,3927.6167,3965.3072,3873.7100,3726.5738,3926.3690,4234.7700,4023.3392,3952.9830,4132.7100,4026.1383,4019.4923,4181.7700,4158.3530,4122.8105,4213.2000,4324.2664,4102.7096,3828.1500,4137.5499,4356.9406,4200.3100,4137.5527,4724.5597,5520.4300,5512.8903,5408.2934,5506.1700,5412.5822,5337.2095,5358.0100,5315.6271,5264.8746,5218.7900,5254.1598,6042.2438,7161.2300,7392.7444,7280.6400,7308.4300,7406.3915,7361.7069,7196.0900,7134.8739,7159.2675,7186.5500,7169.8028,7197.8419,7224.2300,7110.4886,7018.7333,7006.2800,6976.7466,6945.9801,6955.1800,7008.0727,6985.3095,6918.9900,6943.2568,6879.5196,6645.4200,6393.7171,6483.9943,6689.0800,6446.9699,6371.0456,6661.7500,6865.4227,6779.6018,6556.5900,6532.9858,6644.7924,6695.3900,6550.7458,6435.9368,6469.4500,6556.0070,6539.6212,6424.0600,6349.8610,6316.0749,6341.5800,6428.3448,6305.7453,6167.5900,6443.5135,6417.6185,6082.7300,6155.3940,6264.1638,6231.8900,6269.2072,6242.5971,6243.2200,6378.7541,5634.1529,4417.6000,4274.7081,4502.2566,4521.0100,4444.4081,4338.8188,4297.7300,4406.8332,4537.7375,4590.9100,4559.0024,4472.2431,4378.5200,4331.4062,4365.9783,4409.4800,4360.8880,4403.9618,4463.0600,4277.6201,4164.8813,4375.5800,4750.4443,4405.2383,3566.1700,3355.6295,3349.0323,3303.4000,3416.3011,3343.5838,3194.5900,3433.1575,3585.8703,3531.4100,3560.8635,3272.9370,2764.8600
2025/1/31,2646.1276,2855.5504,2992.7600,2726.2465,2625.2224,2782.1000,2737.1989,2634.3706,2702.6200,2974.1159,3010.7318,2785.1600,2705.3167,2806.6425,2956.7500,3015.4936,3082.8054,3216.2600,3342.7105,3288.6358,3083.4900,2957.0343,3026.7270,3247.7700,3430.0944,3345.1988,3118.1600,3096.1014,3081.2197,3050.3900,3211.4128,3436.1829,3507.6900,3311.7729,3142.9083,3201.4400,3424.7698,3498.7079,3388.2600,3366.8188,3572.0744,3887.7800,4033.4899,3945.9216,3819.9200,3907.5969,3904.1434,3814.8400,3934.9192,3931.9504,3736.1700,3695.0484,4100.6031,4629.9900,4630.4064,4494.6264,4430.1600,4287.6493,4288.9844,4432.4500,4456.3366,4348.1921,4244.2600,4279.0401,4260.6514,4187.5900,4236.8391,4219.0996,4107.5800,4069.7930,4030.9301,4052.3600,4255.3830,4226.9860,3970.9800,3931.5101,4099.0801,4240.2100,4130.4793,3991.1863,3962.3900,3985.0705,3981.9354,3936.3300,3884.0683,3820.6494,3778.9300,3790.2557,3700.3480,3602.4000,3744.9629,3833.4458,3731.1900,3583.8382,3476.6332,3435.6400,3464.5494,3629.9363,3767.1500,3578.4748,3220.5113,2897.8000,2738.8542,2827.3551,2914.4700,2667.7624,2671.9607,2910.9400,2777.2844,2612.3865,2531.6400,2354.0137,2563.4296,2932.5900,2704.8886,2505.2233,2588.8700,2611.3308,2713.5911,2842.6600,2760.6899,2768.3574,2956.6300,3066.6595,2853.2272,2563.4500,2720.0962,3016.7542,3130.8400,2987.8558,2718.2505,2465.5600,2323.2047,2323.7541,2385.8600,2375.9042,2346.4082,2370.6700,2453.2289,2442.3864,2407.2100,2554.4855,2618.3394,2543.7600
2025/2/1,2532.1822,2492.4439,2464.3000,2581.7688,2546.4635,2436.3100,2620.5011,2710.7861,2676.4800,2830.5980,2688.1558,2384.4200,2604.5438,2943.3655,3019.3200,2844.4369,2768.3064,2861.6500,2900.3973,2919.6115,2993.0900,3109.8584,3054.8008,2901.7000,2947.1208,3027.8717,3033.4700,3019.3858,3017.0819,2997.8500,2932.7015,2991.1125,3175.3400,3284.4619,3187.3644,3065.9000,3211.1231,3203.9961,3027.1200,3117.3221,3398.4900,3652.7500,3703.2843,3572.3788,3477.2200,3654.0022,3841.4201,3803.6500,3545.4639,3411.3490,3445.3700,3467.1139,3894.4802,4422.7600,4267.5205,4190.1702,4418.3200,4399.2754,4182.7342,4071.5300,4268.5932,4240.2423,4001.9600,4072.3226,4068.7830,3917.5500,3946.1661,3936.6103,3927.2100,4153.2513,4080.8969,3840.2000,4061.0483,3978.5628,3564.1300,3606.6850,3800.0122,3832.0900,3716.2454,3639.0264,3642.0800,3637.9100,3749.5633,3849.8700,3676.3403,3619.6065,3664.8700,3429.7385,3327.5652,3473.5400,3562.9320,3620.2202,3651.9300,3580.7319,3420.6657,3292.5000,3324.4944,3354.2164,3378.6400,3481.7178,3196.9081,2680.6800,2601.2611,2638.6848,2616.8200,2675.9710,2639.3558,2570.8200,2725.1073,2833.5919,2725.0100,2510.2571,2484.4934,2592.8300,2544.0862,2654.4748,2902.4800,2887.1068,2668.5956,2508.5700,2620.4431,2716.1871,2699.8100,2730.4002,2724.0742,2756.4300,2984.5246,3019.6988,2865.3400,2874.8157,2701.2246,2352.5100,2230.6189,2181.4693,2154.9400,2292.3043,2503.0105,2590.7800,2438.7897,2405.7592,2459.6700,2323.4202,2728.2609,3484.9400
2025/2/2,3591.9843,3490.4069,3507.5600,3516.6172,3523.1812,3576.4400,3672.3289,3589.9458,3433.4000,3549.9164,3745.7742,3771.9900,3594.4447,3671.1635,3882.8300,3711.2114,3797.0551,4096.4500,3901.7476,3751.7022,3892.9600,4003.4218,3951.3330,3825.9300,3819.9275,3875.4400,3917.7900,3937.5329,3992.3240,4086.2000,4146.1246,4075.3387,3887.6800,3800.9682,4342.6923,5133.2000,5203.4971,5131.6891,5241.0100,5256.0742,5123.0993,4993.5900,5070.2148,5192.5144,5177.8600,5107.2798,5778.3380,6861.8200,7139.7466,7041.3312,7005.2100,7028.9548,7017.2375,6958.1800,6935.0691,6996.6790,7027.6200,6860.5787,6729.1115,6761.8900,6859.4615,6845.7405,6724.9500,6674.3697,6765.9436,6843.2700,6688.1647,6621.1787,6792.2500,6965.5774,6630.8407,6087.6200,6175.5508,6411.0816,6361.3800,6105.7160,6176.8003,6523.9500,6584.3213,6510.3066,6505.5800,6573.9919,6477.1548,6293.1700,6343.9244,6432.3346,6412.6700,6334.6450,6283.5157,6229.6800,6095.8225,6087.7390,6190.5700,6188.1819,6219.2064,6258.9100,6141.1677,6137.4884,6224.4900,6105.9198,6010.4802,6029.9900,6026.1738,6032.2614,6161.5100,6305.1609,5412.6184,4082.2600,4095.6770,4472.5015,4531.6600,4527.6331,4424.7960,4323.7700,4404.8581,4312.8182,4130.1300,4288.8356,4348.8871,4231.8900,4286.1231,4243.0563,4138.3200,4290.6901,4315.4061,4171.9800,4209.4300,4246.2148,4246.1200,4309.7445,3982.2390,3400.5100,3218.5300,3233.6389,3249.5800,3279.3040,3263.6442,3249.2500,3340.4792,3374.5712,3290.7500,3222.8875,3382.9527,3548.2600
2025/2/3,3319.2759,3357.1864,3657.7200,3554.5058,3451.8734,3501.3600,3451.4924,3542.1206,3695.1800,3578.3139,3604.2630,3829.9100,3880.9085,3840.4513,3782.4300,3687.2132,3675.2639,3798.7500,3984.4677,4080.7714,4010.1200,3846.4851,3882.6756,4079.4200,4136.8547,4238.4444,4297.0500,4021.4082,3863.4609,3942.0600,3947.5006,3942.7658,3952.2900,3985.0604,4499.5576,5189.9800,5241.4145,5279.2812,5482.3600,5399.2249,5309.6915,5379.8400,5474.7763,5479.9280,5338.1000,5211.6634,5884.2656,6901.3900,6957.8660,6874.3036,7031.0100,6975.4139,6867.2926,6931.2700,7168.4724,7113.8761,6903.4100,7092.1866,7081.9938,6787.0600,6763.2921,6902.8358,7016.3100,7015.3261,6849.1934,6633.2200,6591.6314,6748.0069,6939.4100,6906.4448,6557.1512,6179.1600,6201.0237,6283.7355,6205.7900,6101.8178,6256.2681,6478.4800,6326.5879,6353.2911,6521.1700,6262.9832,6229.8159,6481.0600,6403.1887,6297.0155,6333.3300,6361.4609,6413.9012,6453.9400,6363.6505,6180.9555,6087.2400,6224.8774,6192.9434,6034.0000,6176.3787,6286.8491,6225.2700,6188.0451,6160.8359,6129.4500,6127.4318,6152.2373,6224.1400,6233.9384,5481.1387,4401.8300,4245.8516,4405.0674,4386.0100,4283.1266,4170.8372,4144.7400,4275.9972,4411.1059,4428.6900,4335.9206,4291.4631,4306.9700,4269.9239,4298.3288,4377.6100,4344.9780,4218.9560,4184.9000,4391.6678,4394.6789,4285.0500,4493.1038,4123.8497,3293.3700,3105.1174,3229.5907,3357.6600,3501.5761,3407.5277,3255.7200,3462.0944,3405.4182,3093.7000,3198.8987,3477.1602,3553.2200
2025/2/4,3336.6152,3408.8996,3660.3800,3443.3810,3357.9047,3581.8300,3660.2306,3584.7198,3554.8800,3732.4547,3792.5835,3683.7700,3679.2392,3765.8870,3825.6000,3781.5830,3823.7076,3869.6600,3676.6709,3690.3593,3929.8600,3947.2932,3832.9804,3750.7400,3770.2417,3855.8012,3958.7200,4026.6169,3951.1382,3816.3100,3849.5351,4019.7327,4093.7200,3932.1840,4266.4029,5006.3900,5278.7665,5233.1418,5171.7400,5211.4822,5197.2767,5156.1600,5263.4876,5302.4221,5183.3400,5167.5228,5950.1372,7018.4900,7090.5435,7014.7406,7107.2500,6866.4316,6803.4191,6936.3500,6781.4388,6844.4418,7091.3200,6956.5717,6902.3983,7008.4700,6860.5501,6654.4937,6584.8900,6642.6662,6658.1956,6661.1600,6817.0111,6894.0265,6796.5200,6645.9327,6480.6620,6320.6300,6209.7270,6256.7548,6328.3300,6200.3562,6293.9794,6618.0100,6718.4247,6597.7530,6423.2100,6352.0320,6325.4830,6248.3400,6108.2160,6136.0102,6257.1900,6169.6890,6114.5243,6222.2200,6359.7027,6350.3532,6230.0500,6193.8356,6193.6116,6180.2600,6168.6792,6178.8633,6181.1300,6133.0318,6135.5204,6175.6100,6129.0218,6031.0407,6035.4000,6148.7496,5538.9329,4463.3800,4112.4403,4217.3460,4351.8900,4357.6076,4262.4012,4181.7200,4222.2926,4284.4862,4263.9600,4181.9588,4346.2639,4535.9100,4223.1693,4022.6749,4158.1000,4261.6649,4328.0016,4351.0300,4270.9124,4206.0606,4274.9000,4401.7238,3964.2736,3283.3300,3361.1725,3631.4896,3627.1700,3432.9369,3316.6710,3328.2100,3304.7698,3265.9979,3273.4300,3340.2987,3324.7940,3318.0100
2025/2/5,3549.4514,3726.2944,3658.7200,3444.0645,3371.5581,3538.2400,3758.5985,3691.2443,3505.9400,3681.9327,3771.0100,3647.7600,3667.4439,3857.5951,3982.6300,3807.7439,3773.9570,3870.1000,3689.2947,3702.9844,3901.0200,3804.5122,3864.5933,4156.2200,4245.6438,4132.3903,3982.2700,3963.4550,4045.8244,4081.5100,3965.1573,4010.8965,4160.4000,4107.3539,4428.5572,5079.8700,5350.9171,5260.8765,5171.0600,5364.7280,5252.9790,4978.0500,5280.7653,5518.6126,5276.1300,4955.1631,5802.5486,7201.8400,7224.4705,6916.1320,6957.2200,6970.7892,6881.9081,6817.9200,6917.1612,6922.7812,6891.7100,7092.0100,7015.2382,6734.6100,6852.4380,6984.6580,6914.3600,6823.1873,6794.1983,6801.4000,6746.6319,6573.2756,6489.7800,6715.6050,6544.8645,6080.2100,6134.6449,6221.0944,6179.6200,6340.2179,6358.2071,6168.8100,6121.2057,6379.5771,6661.9400,6523.8357,6424.8672,6470.8400,6328.0088,6227.5557,6241.6300,6188.3120,6096.2172,6051.7300,6107.4261,6175.2133,6168.8400,6093.9183,6159.4300,6261.2800,6107.4314,6084.5900,6217.5400,6148.5445,6117.2321,6178.1700,6123.5960,6057.3163,6158.6000,6333.7326,5505.6169,4259.5400,4322.0213,4423.1983,4146.0700,4331.6129,4397.4940,4217.7000,4297.7254,4364.8371,4299.0500,4281.3639,4274.4482,4260.5700,4281.5221,4304.6559,4274.3000,4184.7236,4230.5998,4347.8600,4286.2697,4275.6154,4422.4400,4496.0386,3948.2411,3176.9500,3189.1888,3367.0094,3345.1800,3359.5033,3372.3589,3343.8500,3306.9838,3292.5734,3329.3500,3407.6470,3378.9675,3329.7900
2025/2/6,3497.9209,3655.2255,3623.5100,3476.4439,3591.7096,3832.3100,3689.8130,3512.4654,3576.4300,3784.4762,3740.3364,3513.9800,3547.6302,3631.7631,3623.6100,3636.9672,3851.0040,4038.1600,3798.4365,3694.4181,3860.6300,3909.0565,4036.1819,4167.9600,3967.0475,3731.5802,3751.5000,4016.3868,4030.6615,3848.1100,3981.9707,4119.6281,3994.1700,3775.8150,4288.2664,5219.6000,5384.5687,5265.3908,5233.2300,5165.0204,5125.3110,5137.6400,5156.1992,5221.8023,5136.7500,4828.4213,5671.6114,7183.2600,7370.8801,7059.1318,6994.5600,7074.7624,7041.4353,6892.4500,6834.3263,6774.0590,6791.2100,7042.6097,7024.1427,6799.8400,6918.1490,6945.9367,6772.2100,6754.8012,6829.7963,6945.5100,7088.9525,6932.1934,6664.1600,6774.8271,6614.9184,6253.4300,6430.7434,6562.3879,6362.8300,6187.2486,6365.7413,6692.9900,6651.7620,6552.0172,6608.0600,6684.1086,6499.5032,6257.3200,6400.7550,6307.1531,5990.4400,6113.5462,6317.6375,6367.3600,6369.0472,6248.8631,6081.8300,6072.5868,6153.6375,6234.9500,6274.8648,6237.8934,6166.5200,6149.2140,6152.7943,6163.4600,6194.6798,6174.6640,6196.7400,6287.1803,5525.6830,4336.5600,4179.4467,4352.2859,4283.7100,4132.7538,4207.6564,4428.7000,4420.9672,4294.9882,4184.4300,4115.8736,4099.3943,4155.2400,4284.5026,4365.2546,4387.5200,4417.8870,4276.9982,4159.2700,4434.6906,4468.5287,4287.1200,4463.2525,4144.5334,3413.5700,3286.6188,3334.1493,3322.0700,3459.2504,3460.9125,3350.5700,3427.9108,3371.0317,3281.0500,3518.3223,3204.4529,2446.6200
2025/2/7,2317.5067,2551.5967,2681.6100,2515.5190,2360.9112,2352.1000,2377.9897,2522.9020,2714.1300,2740.8987,2676.2771,2656.3400,2761.4582,2891.9185,2942.1400,2881.5252,2818.7568,2794.8400,2789.3528,2932.7084,3127.2800,3096.2900,2919.1710,2888.6500,3198.0765,3197.1951,2913.9700,3005.0418,3101.0153,3045.6400,3066.5776,3021.8955,2956.6000,3070.6652,3065.3656,2965.8400,3091.0776,3146.1675,3072.8200,3148.9148,3409.6004,3661.8500,3661.7567,3602.3877,3512.3700,3283.0895,3332.6611,3617.5100,3666.7599,3671.7789,3674.2400,3554.5827,3801.4018,4281.9800,4321.5445,4174.4885,4104.8100,4125.0966,4171.5080,4261.8900,4434.4978,4428.4811,4186.2000,3928.6528,3863.6249,3930.8700,3906.4129,3947.7974,4078.4400,4123.2356,4044.6803,3891.3600,3793.2051,3982.7500,4120.8500,3654.1618,3509.9755,3860.8700,3953.5463,3854.1690,3783.9700,3831.0188,3809.2441,3682.7100,3596.7205,3551.9824,3565.0600,3659.5606,3677.6437,3597.2700,3530.6448,3410.6488,3367.7800,3604.4523,3657.2982,3447.4600,3370.2341,3496.4442,3661.3000,3587.1481,3154.6085,2651.2700,2549.0755,2602.1399,2559.3000,2428.6276,2521.5602,2750.6600,2702.5994,2548.5910,2544.4900,2766.3310,2856.1812,2770.6400,2771.0269,2665.6767,2538.6100,2700.7510,2813.0736,2750.1800,2711.7362,2682.1524,2730.0600,2946.4209,2964.3955,2795.7700,2813.9795,2869.6311,2884.9400,2903.8178,2646.8815,2227.6800,2118.6366,2315.3029,2501.9600,2359.0354,2278.7920,2377.6500,2400.8248,2425.9028,2476.8300,2466.7072,2430.0806,2384.5900
2025/2/8,2341.7515,2470.4076,2672.6100,2658.4702,2590.3963,2597.5600,2635.6004,2574.3796,2483.0300,2564.6464,2685.7726,2714.6000,2650.4279,2653.2525,2672.8800,2543.3971,2613.0524,2894.0700,3012.9540,2926.4899,2768.8100,2726.0800,2829.4415,2965.8300,2993.6622,3063.8276,3144.0800,3048.1729,2992.0363,3034.9500,3032.4921,3059.7317,3117.6400,3110.9314,3082.9690,3030.4500,2930.0234,2991.4215,3077.9700,2876.6178,2961.1378,3448.5100,3840.8402,3922.8412,3791.3000,3711.2136,3683.7115,3617.8200,3470.8274,3472.0038,3570.1400,3524.3658,3705.6773,4086.1900,4208.2500,4121.5693,4093.5600,4314.4298,4351.2177,4175.1300,4170.7722,4146.4341,4070.7300,4117.5036,4055.8640,3928.3800,4002.9320,3958.4875,3824.5900,3958.2897,4034.9636,3921.1000,3812.6111,3754.9529,3752.7100,3815.9017,3964.0912,4012.3500,3753.6393,3691.0133,3848.8700,3761.1833,3623.5697,3566.0400,3526.9069,3617.8063,3703.0900,3527.6316,3504.4535,3605.5000,3427.6007,3477.7658,3707.6300,3525.5076,3309.5160,3336.9800,3495.7825,3536.9177,3481.3100,3512.4924,3284.0124,2784.9600,2438.5491,2500.3850,2752.4200,2725.5465,2642.8433,2680.8100,2763.1768,2710.9051,2573.2600,2579.0636,2671.5519,2772.2900,2836.7741,2756.7190,2645.2100,2726.2210,2731.8889,2636.8100,2686.3673,2747.3330,2823.7600,3011.7561,2862.6392,2491.9400,2505.9998,2673.0217,2785.8400,2825.3895,2579.1988,2278.7700,2401.0457,2450.6884,2272.8900,2222.3953,2330.2868,2410.1300,2288.1399,2335.5518,2467.6300,2297.8503,2560.3434,3210.8700
2025/2/9,3413.1243,3410.7391,3455.3900,3530.9259,3640.1986,3696.6500,3594.5691,3532.2407,3601.5900,3691.0079,3622.8511,3532.5700,3718.2938,3835.1652,3752.6400,3687.6941,3726.8646,3786.1500,3740.9419,3822.0144,3957.7200,3835.9485,3743.7079,3895.1100,4147.7392,3888.3989,3466.1400,3836.9859,4121.0497,4014.0000,4054.4316,3986.3650,3780.7200,3826.3176,4406.5888,5117.9600,5213.7558,5173.0183,5213.0200,5087.7112,4992.6928,5088.1600,5330.3755,5474.3428,5360.7300,5182.8537,5931.5321,7069.6400,7013.0112,6835.2684,6987.2100,6855.1330,6774.3172,6923.0000,7076.4168,7043.0052,6885.9800,6845.5852,6901.5097,6949.1200,6908.9049,6863.2487,6828.4400,6772.0265,6878.1770,7035.6200,6918.5128,6739.5027,6706.4400,6801.1068,6692.1289,6381.3200,6200.6084,6160.8100,6143.3600,6082.9418,6281.0463,6572.2200,6455.9764,6310.3522,6332.1400,6342.1121,6289.9034,6272.5800,6393.2239,6357.3874,6256.3400,6439.8152,6380.1400,6098.5000,6162.7816,6250.6368,6199.5100,6196.2174,6259.4301,6310.8600,6253.8715,6121.6041,5995.0600,5936.7561,5882.9593,5900.7100,6099.0482,6128.3256,6052.8100,6138.8163,5413.7623,4282.3200,4245.8923,4461.6363,4393.3500,4336.8806,4277.4231,4257.3700,4369.9413,4350.6509,4264.5400,4417.7273,4422.2484,4253.2300,4271.9255,4235.6357,4119.5300,4183.0157,4323.7969,4357.8200,4213.9200,4205.2685,4375.3300,4393.0870,3922.3547,3315.7700,3294.6110,3336.7503,3202.5200,3171.3778,3200.1094,3254.3800,3353.7950,3358.6249,3304.4900,3371.5493,3456.3921,3455.9200
2025/2/10,3379.5939,3383.4974,3448.1600,3401.8151,3310.8169,3342.0500,3590.7072,3724.3730,3618.8700,3472.4035,3498.5763,3641.3200,3673.3313,3749.9849,3838.8500,3747.9383,3772.7648,3877.9600,3733.1851,3637.5125,3726.0300,3836.5689,3923.6135,3980.9800,4017.3722,4072.9699,4156.0400,4214.4236,4124.2018,3996.6300,4070.2555,4094.0932,3965.3300,3935.6531,4534.1280,5280.1500,5131.1066,5047.1349,5289.0500,5175.9768,5084.0444,5130.6800,5042.6345,5104.9789,5201.0300,5037.1510,5722.9662,6954.2400,7204.3318,7106.1213,7087.1000,6917.6326,6788.5475,6778.1700,6781.9739,6860.9025,6955.6000,6901.7422,6773.4372,6744.9500,6911.8197,6921.1422,6795.1900,6884.2005,6916.6855,6853.1900,6922.3371,6868.1077,6635.3000,6446.8012,6333.0288,6280.7100,6267.5904,6211.1174,6188.3200,6369.7152,6602.4027,6687.2700,6542.9747,6402.6821,6343.0000,6254.9764,6222.0466,6275.8500,6335.7219,6288.7541,6176.2700,6157.4738,6217.2728,6268.8900,6242.6330,6235.3382,6222.7600,6082.0383,5945.0647,5945.4000,6080.6489,6076.3087,5965.4100,6031.9221,6074.4768,6001.5500,5947.3338,6003.9012,6163.9800,6203.4616,5432.3006,4330.0500,4160.3165,4219.1371,4132.6700,4245.7049,4433.7080,4461.4300,4234.5337,4140.9324,4275.2900,4366.2027,4336.4434,4250.4300,4224.2607,4229.0967,4257.2000,4328.1796,4343.5835,4306.3400,4319.8492,4366.2080,4462.9500,4568.2065,4169.6641,3455.5900,3188.9582,3167.0284,3190.9400,3279.7622,3314.1210,3298.0300,3353.5211,3433.5833,3493.9800,3540.5163,3588.2487,3569.7000
2025/2/11,3413.1735,3355.8200,3448.9000,3499.9739,3406.6361,3290.2700,3368.9998,3464.6653,3531.4900,3680.6743,3728.3424,3677.2200,3722.5369,3782.3375,3805.9800,3828.9341,3820.2622,3802.8400,3831.9758,3814.2393,3794.4200,3893.8921,3852.6459,3701.1100,3749.3532,3880.4067,3986.4400,4066.3956,4068.6519,3995.4500,3915.7712,3889.9944,3878.4600,3862.5048,4266.8742,4965.1700,5311.3728,5244.8342,5122.5200,5326.6014,5317.5364,5082.3800,5178.5319,5405.3337,5370.3400,5034.1354,5660.9293,6925.7100,7166.8905,7005.0033,6928.2700,6791.6544,6800.1030,6969.0100,7064.9932,7006.3532,6906.5900,6935.7884,6887.2513,6764.8000,6788.6782,6825.9334,6805.3900,6791.7637,6780.3684,6765.8600,6745.9792,6663.6085,6591.3800,6658.1091,6651.4306,6471.2100,6252.8643,6259.7822,6379.8300,6279.7377,6338.8052,6568.5600,6538.1586,6257.3134,6046.7800,6227.0981,6361.8733,6354.7100,6500.3727,6546.6959,6415.6500,6309.5813,6283.9183,6317.7000,6333.2549,6186.0760,6063.1200,6277.7738,6287.8513,6011.5200,5914.0565,5941.4440,6005.8100,6093.4407,6082.0952,6014.9000,6056.5613,6091.5349,6113.5100,6107.7940,5358.0607,4280.7900,4127.3359,4276.6873,4284.3500,4312.9380,4321.1219,4292.3200,4282.8958,4308.7451,4366.8500,4428.8408,4402.4261,4314.7300,4299.5401,4371.7866,4417.9300,4325.9289,4360.0927,4454.0900,4298.7698,4294.4142,4511.9400,4512.0046,3896.5149,3117.7600,3098.6629,3325.6005,3342.5600,3197.0669,3227.6168,3396.8100,3360.9713,3318.1995,3403.1300,3511.4656,3414.4946,3222.6200
2025/2/12,3272.9536,3349.6031,3369.1500,3450.7993,3438.7610,3414.5700,3606.6090,3619.2095,3464.4800,3533.5142,3490.2982,3395.4300,3648.3843,3700.1997,3544.2600,3717.0732,3807.6443,3694.4100,3701.5862,3797.3879,3870.1200,3858.2282,3840.1305,3912.7600,4089.0705,4126.8486,4072.7900,4185.7572,4179.5333,3999.5500,3910.1870,3958.6663,4002.2900,3933.7326,4279.4535,4954.9900,5282.4251,5292.9099,5194.9600,5164.4701,5270.1089,5320.9700,5099.3445,5170.8846,5369.7700,5103.5516,5701.5902,6910.0200,7038.6535,6906.9702,7060.1800,7161.6182,7053.7235,6831.7000,6754.9520,6933.4812,7099.2200,6871.9593,6750.0182,6838.9000,6766.7449,6706.7741,6744.5900,6751.6825,6671.5113,6599.5400,6685.2513,6772.7219,6728.9400,6564.0332,6448.7866,6386.6900,6240.5349,6131.2690,6145.2000,6262.0230,6437.0938,6537.1400,6426.3021,6289.4757,6312.3700,6493.7517,6432.8869,6246.4000,6418.7850,6469.5860,6329.5700,6397.1070,6327.2119,6108.8700,6089.9730,5972.5070,5898.2100,6284.3968,6276.2774,5915.3600,6092.9383,6245.0482,6103.4400,6010.1431,6051.9184,6139.7100,6130.8014,6086.8829,6136.2300,6203.4816,5410.9290,4262.1100,4237.3936,4440.5489,4365.5900,4370.1907,4275.7047,4126.0000,4219.3140,4402.3792,4437.5200,4249.9092,4260.7750,4439.2900,4351.5358,4242.1787,4261.1700,4308.8980,4367.5178,4380.3900,4297.6644,4335.3030,4544.5600,4655.1476,4083.4038,3203.1100,3045.8569,3163.4074,3224.2000,3334.4123,3368.5906,3350.7700,3437.1037,3470.2312,3428.0300,3429.5613,3312.5874,3246.8600
2025/2/13,3551.1175,3564.4899,3359.4100,3637.4322,3727.2317,3541.7200,3670.4203,3686.1340,3576.2100,3776.6289,3829.2363,3670.2700,3705.0845,3727.1376,3670.0900,3687.8113,3628.8970,3582.8300,3801.8710,3927.8411,3911.9200,4036.9681,4064.1527,3927.2800,3839.7693,3892.7028,3959.3600,3852.1611,3859.7716,4036.0600,4121.7531,4035.5976,3905.5900,4003.4932,4510.4632,5075.0800,5112.9521,5115.1071,5270.9400,5288.7626,5253.1230,5264.4300,5313.8866,5297.0686,5156.6600,5071.5977,5821.4827,6879.2700,6860.8934,6728.0422,6899.9000,6849.2515,6826.2502,6905.4000,6877.6233,6917.3204,7014.8900,6970.6903,6949.2561,6937.1500,6780.3822,6826.3424,6982.8000,6803.8085,6680.3340,6762.8100,6803.3488,6783.0979,6707.0400,6558.2792,6387.2029,6285.4700,6310.4857,6294.5457,6195.8300,6136.7719,6165.0738,6261.3400,6365.1747,6438.0924,6453.6700,6402.6416,6319.5446,6237.7600,6185.8141,6218.1278,6330.9200,6413.6039,6210.8780,5961.5100,6152.2354,6180.1099,5996.4000,6152.6901,6288.5033,6180.8400,6015.4129,6092.1913,6234.4500,6014.4743,5972.8414,6162.4400,6077.8660,5917.8715,5980.0300,6195.9096,5454.3484,4206.8000,4096.7818,4288.6917,4264.1500,4327.2801,4263.2524,4152.5400,4335.2677,4466.5791,4449.8100,4504.7293,4434.0364,4252.1100,4220.6924,4306.8174,4361.0400,4279.0138,4281.6382,4392.5800,4404.7974,4311.8660,4332.2800,4576.2919,4099.5730,3175.0900,3086.9552,3262.1302,3319.8400,3450.3645,3449.6700,3300.1000,3235.3239,3320.5590,3476.6000,3485.2873,3002.7256,2421.1900
2025/2/14,2507.4053,2504.4070,2279.8900,2453.1982,2614.2955,2540.6900,2446.8116,2463.2495,2526.2200,2484.4435,2502.2270,2641.8100,2788.2162,2853.8397,2873.1800,2941.2771,2950.6945,2932.7200,3031.4389,3088.6809,3071.2200,3077.6325,2938.1001,2750.3400,2813.4681,2897.2229,2918.9400,3017.7785,3088.1770,3018.4300,2822.8368,2777.4037,3002.2700,3331.1391,3358.6035,3168.2400,3208.2589,3214.0725,3055.7400,2966.1040,3321.3615,3793.4500,3662.1843,3551.7063,3666.8500,3627.5892,3741.3119,3879.5800,3592.3123,3560.3716,3690.3300,3302.5634,3551.5395,4325.9300,4284.9499,4083.3399,4195.6800,4372.7346,4284.1428,4079.6900,4185.3818,4186.6034,4033.8800,4093.8859,4092.9204,3997.3800,4056.0614,4037.6559,3963.5600,4077.1002,4020.4602,3734.9100,3595.7207,3874.9701,4242.2500,4067.0054,3788.4046,3743.7900,3833.8068,3736.1490,3570.1800,3723.1806,3710.2281,3488.3300,3509.0192,3554.8056,3563.0600,3684.7153,3626.6321,3422.2100,3406.8108,3371.4365,3250.5700,3219.0463,3276.5868,3402.2500,3551.8878,3500.5255,3363.6100,3423.0939,3125.4527,2663.3700,2811.0042,2870.2823,2654.9800,2689.9230,2791.9680,2810.1900,2790.7901,2699.1235,2628.8200,2722.1363,2728.5724,2668.7600,2777.1605,2686.6964,2491.3900,2668.8166,2790.5219,2695.3600,2660.0487,2709.7889,2786.5400,2823.4388,2781.4662,2712.6300,2724.4115,2809.5529,2907.9100,2900.0471,2546.6841,2129.4100,2205.0428,2258.8212,2180.0700,2348.1134,2411.5928,2316.8700,2380.9303,2459.6931,2466.0900,2475.0873,2498.3467,2509.5600
2025/2/15,2470.6272,2382.0519,2368.1100,2562.6447,2694.4828,2670.0900,2638.8085,2603.2797,2580.3800,2604.0104,2569.8976,2558.9500,2755.3699,2887.7801,2853.3300,2808.6563,2807.1600,2832.0800,2826.6850,2746.0871,2704.2600,2863.7716,2971.2828,2929.5600,2873.7259,2823.2854,2814.1400,2906.9504,3064.1049,3118.2100,2950.9929,3028.4188,3258.8100,3111.6413,3090.4657,3283.9000,3249.9468,3140.3558,3067.1200,3022.6376,3277.5637,3580.8700,3403.4837,3434.6423,3694.1000,3515.8993,3389.5491,3557.8900,3712.3789,3546.7399,3274.4700,3438.1919,3847.0411,4185.3500,4277.9180,4251.6422,4241.4400,4260.5477,4119.6383,3965.4900,4139.1512,4233.1074,4067.1400,3863.3264,3775.1077,3863.4800,4066.7828,4127.1437,4003.9600,3902.3990,3940.7108,4034.7600,4002.3289,3972.1955,3979.2700,3909.4115,3752.4605,3660.5400,3796.4761,3845.4978,3761.1800,3793.2892,3823.9250,3740.3100,3565.5059,3454.6804,3458.7600,3512.2008,3623.7294,3720.5800,3686.1030,3627.5400,3554.5500,3393.9213,3348.3604,3434.6000,3451.6225,3360.7732,3320.4200,3468.5596,3279.2582,2786.8600,2590.3181,2636.4918,2730.0100,2735.6491,2649.6432,2638.1700,2844.6785,2801.1139,2544.6700,2592.4295,2748.6131,2771.1400,2624.1035,2534.5975,2679.1400,3002.1837,3007.2386,2728.8100,2678.5967,2724.7440,2739.2300,2750.2798,2729.8125,2763.9500,2954.8205,2969.2590,2849.4900,2912.6371,2666.0570,2164.8600,2055.4315,2319.8601,2600.4600,2536.9145,2409.0558,2410.2000,2477.0663,2514.3034,2440.3100,2312.0104,2632.2290,3285.8500
2025/2/16,3581.8623,3455.4123,3300.0000,3560.6628,3736.6145,3615.9100,3478.3666,3453.9842,3566.6000,3730.1577,3686.3889,3493.1800,3477.6261,3609.1312,3753.2900,3803.0421,3798.8088,3734.1400,3598.3508,3681.0276,3933.3600,3982.6389,3824.5209,3697.3400,3854.6305,4033.8598,4007.0100,3823.8139,3949.7070,4161.6000,3829.8469,3806.3444,4075.9300,3878.2330,4373.4010,5323.0400,5228.6140,5067.7645,5258.6600,5220.5600,5162.0763,5223.4400,5273.2069,5214.3079,5086.1500,5135.6243,5893.3461,6891.5000,7041.8646,7010.3161,7088.5100,6917.7643,6816.9516,6850.7100,6775.8882,6829.8580,6941.3800,6776.0395,6663.6439,6716.6400,6734.3081,6805.7117,6863.0500,6726.3025,6684.3033,6768.7100,6698.8956,6462.2230,6328.7100,6571.4232,6655.4958,6431.6600,6266.7438,6230.4488,6268.8000,6311.1209,6389.2587,6508.3500,6593.1934,6473.2112,6289.4900,6379.1322,6529.1886,6512.9200,6301.4327,6139.4936,6154.4500,6267.5733,6319.0474,6255.3600,6158.4546,6145.2689,6143.7100,6002.0963,6017.5848,6181.9500,6183.3564,6165.0782,6173.7400,6107.9785,6123.7568,6196.1400,6120.2940,5968.5837,6031.5900,6372.5389,5651.9178,4258.6500,4030.5357,4305.2040,4391.9000,4297.1692,4323.0664,4483.8400,4510.4814,4420.1037,4297.2800,4225.3091,4304.7427,4423.7300,4350.5904,4237.0370,4230.6300,4312.0562,4223.6602,4095.5700,4288.8453,4334.7216,4266.9400,4488.6503,4084.4293,3240.4100,3144.2762,3261.0615,3231.8900,3269.7873,3380.8962,3416.7400,3253.3506,3231.4509,3409.1700,3495.3228,3409.0306,3314.6400
2025/2/17,3431.7080,3464.7519,3377.3200,3431.3453,3527.4680,3576.5100,3575.2625,3456.5529,3393.5600,3632.8254,3712.7600,3637.9000,3845.8645,3942.9591,3782.6000,3648.7630,3690.8685,3822.9800,3840.7382,3845.1775,3845.8100,3760.4248,3805.4805,3942.5700,3933.4157,4044.5704,4188.0700,3976.5794,3749.2786,3725.9300,3819.8482,3941.5587,3947.9100,3847.4726,4420.6849,5267.2600,5148.4723,4927.7716,5069.3700,5198.3629,5334.1552,5405.7900,5247.4830,5098.6741,5017.0600,4982.7563,5745.3417,6858.3000,6988.6956,6794.1610,6759.7300,6736.0929,6773.4448,6859.8400,6876.1621,6759.9085,6625.5000,6670.5591,6782.9626,6845.8000,6823.9207,6718.0077,6684.5500,6867.6441,6801.7520,6563.4600,6697.3076,6850.6426,6794.1800,6626.8950,6348.5401,6134.8500,6221.7316,6281.2467,6166.1500,6041.9441,6029.4626,6233.7500,6600.9744,6490.9986,6139.8000,6387.4033,6447.2715,6206.2400,6339.3585,6341.2551,6121.2400,6154.6937,6298.2876,6339.9000,6220.7502,6114.2726,6117.1100,6175.0040,6170.7143,6094.7100,6048.9160,6088.2711,6143.8300,6100.3069,6092.8792,6152.9600,6154.7556,6026.6843,6000.3100,6214.3521,5380.9270,4031.2800,4080.0175,4323.1557,4202.9900,4364.1505,4481.6681,4439.7700,4493.2595,4514.7449,4403.9400,4225.8516,4185.5425,4295.4400,4375.1690,4379.6866,4335.8600,4285.2296,4192.7692,4165.4700,4346.7078,4402.3228,4403.1200,4621.1289,4098.0991,3139.4300,3105.6890,3304.3399,3290.9600,3321.7955,3347.1378,3374.4200,3492.2515,3552.3526,3508.4900,3456.4279,3410.2663,3399.9200
2025/2/18,3450.3468,3422.9814,3328.7400,3337.8974,3487.4247,3605.5300,3494.6050,3523.4594,3665.6800,3553.1238,3579.3909,3736.8800,3617.0876,3578.6485,3735.4100,3798.4413,3652.2794,3503.3600,3671.4332,3847.5044,3850.0100,3805.6633,3909.2533,4038.8200,3909.0472,3882.4283,4004.9200,3974.5829,4009.1854,4070.4900,3905.9491,3939.8387,4067.9000,3857.8480,4304.7510,5205.2400,5265.5357,5057.1148,5064.7600,5165.6198,5102.8008,4950.7100,5024.7181,5170.7299,5132.9700,4941.1125,5614.0172,6731.6000,6811.1876,6812.2937,7150.5900,7206.1836,6922.3072,6707.9600,7006.8545,7182.2754,6986.0600,6776.4141,6684.3375,6678.4300,6675.6948,6770.1540,6876.2700,6792.1746,6738.0382,6764.0000,6705.0778,6646.1414,6698.6600,6834.9757,6654.3917,6295.7200,6308.1878,6367.6692,6251.2100,6125.4396,6377.4949,6718.1900,6477.1201,6334.7357,6504.6800,6552.5619,6680.1200,6760.8800,6412.5198,6185.1355,6210.2500,6128.9079,6224.9939,6409.6000,6257.4489,6140.5228,6177.4400,6124.8136,6117.0376,6190.4200,6220.8957,6231.2638,6239.3600,6229.2444,6222.1980,6179.2300,6051.3142,6022.8445,6185.5100,6302.4577,5498.3451,4295.1100,4175.5436,4290.7817,4235.4000,4419.9192,4377.9304,4164.6600,4323.2756,4367.4836,4184.9200,4189.6386,4341.9424,4455.0400,4398.2522,4362.5691,4408.2900,4401.2157,4282.8665,4200.4800,4341.5170,4341.3832,4262.2200,4419.0865,3937.3260,3133.6500,3254.1403,3335.4149,3054.5900,3088.2449,3279.0448,3370.9300,3309.7181,3341.3286,3438.6700,3343.4880,3250.6023,3266.8800
2025/2/19,3303.9013,3313.3661,3285.2600,3271.8472,3454.8323,3691.5700,3651.5768,3657.5614,3718.3300,3555.1354,3631.5557,3875.6300,3743.5048,3683.3509,3807.0800,3789.5583,3902.7111,4033.9300,3786.9047,3756.2325,3982.3300,3897.3406,3725.0525,3744.9100,3960.6979,3909.0814,3716.5100,3959.2283,4210.7575,4189.1300,4045.3873,4031.2276,3972.5100,3619.0950,4122.7661,5162.0000,5218.7818,5244.4380,5474.6600,5172.7585,5080.7037,5322.1800,5260.0676,5201.2262,5151.6800,4921.6567,5646.7527,6915.1600,7058.5681,6883.7625,6973.3800,7070.5550,7024.0708,6926.0900,6977.5716,6993.7677,6896.3100,6819.4961,6912.8547,6984.2500,6725.6262,6703.7161,6925.0700,6823.9360,6664.8517,6675.8900,6794.3530,6814.9721,6726.1700,6667.0876,6487.8745,6290.7100,6347.4803,6318.7947,6094.8500,5958.1898,6193.8951,6563.4700,6558.0230,6633.5205,6732.1200,6333.0761,6076.2506,6200.9600,6320.7886,6343.2525,6271.4800,6139.1195,6043.5897,6086.2600,6265.4952,6237.1406,6075.7800,6164.3768,6129.9810,6031.1900,6282.0829,6254.3312,5960.6500,6060.9857,6187.4235,6099.0500,5964.1354,6000.9056,6185.9900,6164.8189,5313.9388,4239.5800,4256.7247,4389.5624,4231.9300,4312.5475,4297.3611,4169.0200,4301.8449,4463.7413,4431.6700,4249.5478,4335.6820,4589.6400,4499.0642,4334.1051,4298.4400,4332.0993,4395.0110,4437.9900,4426.3736,4448.2955,4544.1100,4589.0789,4144.8396,3425.3500,3170.8188,3304.7677,3487.5800,3451.5445,3408.4731,3420.3000,3333.2903,3216.2230,3285.5800,3654.8641,3704.5067,3432.9500
2025/2/20,3438.0854,3517.8944,3519.1600,3539.0179,3640.5283,3759.2800,3748.1980,3599.8250,3474.5100,3547.5503,3543.3658,3432.4000,3468.9858,3601.1578,3671.4900,3598.3153,3682.0156,3847.9000,3704.4248,3473.5153,3477.4100,3827.7004,4048.6143,4025.6900,4037.5473,3922.4063,3796.9000,3985.6115,4088.1201,3963.3700,3882.1701,3972.5419,4083.9700,4028.0240,4379.6647,5071.2300,5360.1711,5163.6398,4912.0300,5111.6447,5244.1495,5173.8500,5279.3860,5425.6575,5320.0000,4991.2380,5747.2128,7049.6500,7003.5173,6881.8762,7196.5200,7130.3340,6853.5340,6677.2800,6737.1697,6953.7632,7066.3800,6849.6688,6714.8932,6777.8900,6787.5292,6838.7204,6888.6800,6767.7308,6702.2679,6719.6600,6638.9938,6638.7162,6768.3400,6858.0729,6756.4387,6483.3700,6218.4527,6112.0372,6071.2500,5920.4723,6062.7716,6439.4600,6534.7650,6438.9817,6364.4300,6416.4859,6425.1601,6326.5700,6211.7777,6098.9379,6111.5900,6348.0356,6333.0961,6120.0100,6217.3778,6280.7408,6158.0200,6067.8847,6056.8973,6057.4000,5990.0898,5987.9868,6062.4600,6086.6729,6083.6779,6135.3200,6264.6713,6203.5837,6098.6700,6222.6382,5480.5945,4230.6500,4070.8836,4382.4779,4525.2900,4448.0842,4247.7695,4126.0500,4239.7053,4287.0288,4227.1200,4281.2262,4232.6842,4171.0400,4411.1790,4512.2923,4345.8400,4237.3777,4300.2380,4466.7300,4549.2809,4388.5822,4246.6900,4458.3054,4061.7401,3241.8700,3206.9612,3384.5908,3344.9300,3269.3408,3355.9122,3524.3500,3506.7905,3387.5080,3312.4000,3296.5461,2976.1418,2498.4000
2025/2/21,2404.3697,2406.5763,2408.5300,2606.2237,2754.4440,2673.7500,2455.3020,2521.5309,2714.9700,2517.6478,2572.2155,2902.3200,2866.8569,2810.9403,2870.8900,2816.0837,2797.8571,2796.2400,2650.1249,2698.7717,2892.5900,2848.5039,2894.0586,3013.3800,2870.7540,2925.2862,3093.4500,2847.3578,2829.5625,3059.4300,2923.1631,2939.9741,3231.6600,3334.4986,3210.2280,3031.1800,2982.9885,2929.0392,2903.4800,3109.1773,3416.7060,3664.9900,3774.7493,3778.6648,3772.2800,3814.3541,3689.8247,3460.3200,3429.9840,3492.9685,3484.6500,3408.8824,3721.4574,4265.0200,4384.8008,4326.9616,4301.3700,4264.7827,4238.1086,4229.2400,4189.0811,3984.7821,3829.8900,4084.2945,4247.4185,4102.2000,3915.7971,3873.6406,3954.4200,3996.7253,4000.7730,3983.7500,3927.8339,3784.6519,3675.8200,3773.0324,3756.7304,3588.0300,3574.7625,3780.1759,3981.3100,3880.3715,3749.6540,3710.4200,3622.1565,3485.2824,3432.5200,3580.6593,3625.7442,3572.9000,3678.3404,3567.7885,3304.2300,3361.7347,3473.2312,3460.0900,3399.5129,3279.9769,3274.1900,3529.2927,3300.1235,2706.6700,2624.7694,2619.9382,2563.9900,2788.4988,2900.9766,2783.6100,2727.2217,2795.7426,2757.2500,2395.0547,2441.8696,2784.9300,2609.7540,2594.7869,2852.5600,2768.6161,2611.7796,2585.0800,2608.5672,2656.6597,2675.6600,2627.0400,2701.1707,2880.6800,2934.2368,2840.6020,2726.7600,2728.4331,2654.6855,2448.6200,2259.8063,2193.9544,2278.8600,2443.6162,2492.2416,2459.0500,2525.0152,2434.5253,2279.2600,2444.3866,2657.9443,2618.2800
2025/2/22,2306.8268,2251.2662,2487.5100,2568.4310,2612.9758,2684.7200,2681.1259,2646.8473,2586.7600,2495.8782,2626.5445,2875.7100,2857.4855,2731.6974,2679.0700,2731.3889,2808.1772,2867.7900,2928.7544,2987.0089,3010.0700,2973.9131,2971.4204,3007.8300,2991.3709,2913.2318,2844.5100,2868.0256,2888.5193,2914.7100,3040.3813,3109.5499,3050.2400,2965.2171,3049.0916,3181.8300,3073.3225,3073.0293,3147.1400,2964.6211,3151.7632,3642.8100,3691.0592,3562.5983,3491.8600,3437.8085,3436.6766,3513.7700,3630.6631,3633.8989,3476.7800,3312.6478,3530.4636,4032.0200,4290.5426,4251.1080,4159.4500,4273.2092,4216.9433,4049.4900,4213.9211,4331.9968,4262.2700,4212.9008,4010.3922,3711.4900,3654.7787,3966.4034,4318.9200,4196.4501,3908.9368,3799.0800,3918.0004,3883.8660,3689.2100,3674.0128,3656.6362,3574.1500,3584.0084,3702.6515,3795.2400,3712.5159,3686.5594,3729.5800,3645.3316,3653.4195,3714.0700,3555.7874,3434.0970,3436.1800,3416.1112,3497.9179,3554.7200,3331.9894,3320.4866,3493.9700,3339.0244,3205.6037,3317.5000,3464.9134,3141.0025,2638.4400,2751.8271,2840.2896,2725.6200,2868.6897,2976.1210,2871.2000,2686.4511,2532.9818,2491.8500,2575.0029,2612.0393,2594.9000,2663.0409,2722.5464,2786.0800,2933.6730,2867.4709,2681.5700,2762.0736,2736.2164,2630.8600,2835.8186,2843.6919,2594.5000,2574.8078,2743.7729,2908.7900,2904.7817,2728.8044,2468.4900,2268.5689,2287.6979,2349.7300,2154.9210,2225.7868,2513.8200,2431.3847,2335.0965,2361.3500,2353.2333,2802.0442,3501.7700
2025/2/23,3653.2341,3532.2424,3459.6600,3473.2990,3422.0792,3350.9000,3457.2413,3592.2890,3653.1800,3659.5520,3585.2763,3502.8800,3549.4666,3673.1320,3751.1400,3684.8701,3564.2261,3586.6300,3864.6728,3953.4737,3778.1300,3693.1107,3728.6270,3789.1800,3784.2800,3798.6426,3938.5600,4172.0991,4039.2024,3750.2800,3998.8203,4314.3401,4216.0200,3799.5495,4233.8400,5223.5200,5283.9150,5060.7204,5067.3400,5138.9405,5138.5733,5063.8400,5021.3723,5068.1241,5121.2400,5147.2537,5770.3191,6774.4700,7208.9983,7204.4884,7095.9300,7053.5686,6909.1248,6696.4500,6662.0902,6759.9485,6873.1500,6914.4582,6895.6271,6910.7600,7026.4821,6984.5031,6800.6100,6756.6519,6777.3404,6748.2600,6647.4546,6602.7927,6693.9500,6825.6181,6573.0284,6118.3600,6082.6393,6109.2877,6056.5500,6159.5885,6299.7833,6394.7200,6462.8024,6414.1273,6301.9400,6297.8948,6360.4377,6387.4000,6302.6409,6157.6904,6078.2300,6170.6557,6298.4012,6329.1500,6241.1276,6187.7879,6249.0800,6335.1972,6168.1656,5981.2400,6256.3378,6281.8394,5946.3300,5875.5449,6024.1489,6150.2100,6086.4439,6033.1703,6134.0600,6204.4026,5407.3010,4253.0600,4185.6462,4386.8744,4313.1000,4238.6829,4275.9401,4318.1100,4208.4311,4248.6928,4446.1700,4486.9072,4415.7250,4363.7300,4399.7820,4384.8817,4342.7700,4395.6994,4229.7441,4062.1600,4415.2820,4508.4584,4298.3600,4437.4575,4133.2173,3410.2700,3204.6159,3337.9124,3360.1400,3058.3791,3051.9814,3345.1100,3353.7879,3410.0531,3547.7000,3428.7737,3355.6136,3389.9000
2025/2/24,3298.8996,3288.6824,3450.9800,3622.7712,3554.1812,3388.5000,3512.7373,3650.4318,3607.7000,3470.6979,3427.5689,3546.6800,3715.5740,3683.6027,3511.4700,3505.3853,3582.4448,3699.6800,3875.7489,3830.9702,3645.1000,3693.8762,3803.0873,3847.6500,3874.8125,3858.2428,3812.5000,3802.6690,3848.6174,3918.2100,3942.7078,3870.9135,3744.2300,3749.6415,4274.2955,5047.8100,5309.1383,5165.6899,5056.5100,5312.1267,5425.4876,5213.8900,4994.7242,4936.6066,4949.5800,4942.4414,5627.7657,6710.1000,7050.7951,6971.7733,6900.2400,6940.4953,7000.4169,6999.0200,6941.4551,6937.8548,6882.9700,6607.3052,6617.3478,6885.4400,6882.8661,6881.6660,6948.4200,6837.5830,6704.4106,6710.7200,6857.4483,6902.5260,6721.4100,6402.4009,6169.6518,6126.3200,6196.4274,6205.0654,6080.9100,5947.2221,6170.6529,6531.0000,6438.8301,6383.0937,6448.5400,6236.7310,6121.4329,6252.7400,6371.9082,6294.9268,6162.8900,6273.1923,6353.3279,6256.6200,6101.8349,5984.8570,6034.3500,6285.1378,6259.1507,5995.8700,5993.0009,6012.0165,5982.5200,6098.7719,6184.9520,6161.0400,6132.3556,6175.1194,6324.7000,6392.6513,5493.6392,4218.0500,4143.5352,4254.0339,4132.2200,4352.1513,4422.0864,4248.4500,4257.3685,4252.9867,4178.8500,4209.1662,4237.9269,4234.6100,4298.6079,4447.8999,4550.7100,4453.5360,4411.1487,4420.3800,4249.8636,4190.2073,4419.0300,4704.4169,4224.6955,3345.6600,3277.3239,3317.7071,3179.4500,3292.6424,3347.2867,3274.0400,3347.1724,3474.8255,3514.4200,3414.7832,3307.1250,3348.4200
2025/2/25,3552.7178,3469.8025,3218.7800,3364.1626,3532.2370,3581.6100,3714.8213,3634.7961,3421.0900,3470.2626,3445.2782,3397.5700,3716.4910,3862.2240,3713.7700,3693.7996,3771.4767,3832.6900,3834.3408,3862.2807,3902.3600,3842.0634,3707.1560,3660.1600,3837.9236,3890.2595,3767.5700,3759.5924,3822.5260,3891.6000,3951.7081,3923.1463,3823.3400,3862.8377,4522.5683,5302.2100,5167.6310,5085.7384,5304.6200,5146.7314,5123.2639,5348.5300,5377.7209,5347.1147,5255.5700,5081.6946,5809.3898,6957.8300,6976.2637,6858.4780,7053.8000,7001.5180,6886.5341,6816.1900,6703.3109,6774.4982,6957.0300,6923.1019,6839.2383,6804.2300,6769.1053,6862.6734,6960.7100,6798.1124,6725.3678,6808.6500,6750.4494,6571.8220,6544.0100,6835.4420,6598.9266,6060.3400,6265.0066,6275.5762,5888.9100,5906.3877,6176.5943,6456.8200,6651.3036,6620.0953,6445.5800,6360.0069,6263.7959,6183.4200,6263.9704,6288.1517,6162.2900,6029.2245,6097.6206,6270.5500,6233.1014,6077.7451,6016.6700,6172.1374,6262.1916,6197.8600,6156.6538,6198.7328,6203.6600,6026.6918,5997.9472,6112.5200,6036.0747,5934.8661,6033.3000,6235.6641,5527.3095,4337.6000,4190.7311,4334.2637,4244.0400,4194.0162,4371.4449,4572.0600,4415.3701,4244.7362,4252.6500,4308.4231,4334.3862,4327.7600,4319.5261,4251.3137,4209.7000,4341.9449,4382.9286,4339.8600,4461.8945,4475.6237,4398.8800,4449.0864,3988.7473,3318.2700,3416.7412,3404.9395,3114.6100,3250.2301,3287.5654,3141.0100,3300.2175,3528.9673,3595.6000,3487.1925,3291.9490,3204.4300
2025/2/26,3373.4506,3448.9758,3341.4900,3300.5603,3384.2961,3525.8900,3613.7807,3649.9517,3695.6900,3767.6638,3605.8005,3385.6000,3571.5617,3780.8844,3801.4500,3776.5842,3723.2581,3715.9900,3857.5361,3992.2417,3949.7200,3705.9928,3604.6715,3751.7300,3942.5673,4049.0568,4031.1400,3932.7062,3868.7410,3894.8400,3982.1181,4066.0245,3993.6200,3760.6320,4218.8696,5073.9200,5146.3117,5122.8044,5306.3700,5287.9469,5256.9567,5230.0000,5041.3647,5094.3540,5266.1900,5160.1060,5889.2816,7085.6500,7131.9133,6842.1500,6836.0100,6943.2430,7119.2447,7226.3100,7080.3260,6844.5428,6742.6900,6865.2240,6896.9058,6787.2000,6790.8007,6911.7802,6899.8500,6546.4670,6520.8775,6805.4300,6721.1920,6567.2515,6658.5600,6909.3097,6630.5179,6017.1500,5979.2402,6170.9266,6200.9300,6098.1585,6409.5557,6827.6100,6479.4220,6120.8387,6169.0500,6304.8961,6301.4252,6215.8900,6252.1608,6206.3980,6160.7000,6394.1863,6437.0525,6209.6000,6099.8171,6043.9082,5949.4900,5858.3077,5971.9469,6219.8600,6296.6451,6201.5054,6004.9800,5817.7001,5923.8315,6201.3300,6205.9376,6010.2906,5980.6500,6263.5709,5576.4603,4268.6900,4080.4412,4374.4308,4427.5500,4183.6357,4110.4134,4295.2700,4384.9244,4293.4598,4191.8100,4315.8918,4433.9686,4428.1800,4389.2135,4314.0704,4250.8000,4289.7254,4380.1959,4390.9300,4248.8657,4275.2628,4510.0500,4588.4091,4080.4444,3279.1700,3002.1912,3216.5195,3464.5300,3307.8187,3179.6188,3258.0700,3313.5479,3380.7788,3439.1200,3394.6125,3361.0248,3375.2100
2025/2/27,3349.5300,3229.2378,3194.4400,3477.9668,3645.7771,3618.6900,3704.5804,3679.2491,3541.6900,3551.9602,3572.1043,3488.4900,3375.0932,3520.9927,3718.9800,3495.7485,3470.6344,3686.8700,3586.8496,3604.9829,3845.9900,3926.4329,3860.3522,3807.2000,3891.8216,3949.0319,3894.4400,3806.7541,3796.0086,3839.1200,3835.8466,3920.9406,3984.3000,3852.7932,4271.4413,5074.6900,5274.5613,5157.9455,5131.4000,5275.3886,5234.9162,5059.2700,5142.9444,5227.5943,5104.8700,4973.3150,5717.7078,6889.0200,7071.6761,6959.1786,6956.6800,6800.7551,6855.8202,7052.0900,6925.3468,6817.3173,6878.5400,6906.9564,6888.0639,6878.2100,6919.1745,6918.1459,6793.3900,6578.4028,6569.3173,6706.0500,6648.7939,6610.0224,6618.4000,6481.0179,6408.1491,6337.6800,6037.9332,6067.4187,6307.3400,6101.1518,6117.8793,6471.1100,6577.5165,6633.4874,6617.4400,6277.9813,6110.4573,6232.1900,6291.3386,6332.1038,6396.4700,6411.3239,6281.6741,6103.4200,6109.2330,6292.6732,6460.6500,6388.7826,6221.4726,6083.6500,6010.4923,6116.8133,6231.3000,6043.0470,5895.9676,5938.8500,5991.7808,6014.8474,6143.1700,6356.6466,5552.9721,4243.7100,4170.8070,4490.9541,4532.6100,4444.5623,4303.9541,4212.3200,4267.9034,4353.0442,4371.5400,4322.0496,4276.8679,4284.7400,4335.7146,4353.9167,4346.7700,4382.7569,4382.6330,4350.8200,4379.5757,4428.9821,4498.4000,4531.2941,3996.5658,3236.9700,3195.4129,3273.6166,3192.0800,3262.9858,3316.6853,3314.1600,3385.0290,3315.2527,3201.7800,3301.1870,2955.6871,2323.8700
2025/2/28,2298.0528,2521.2007,2612.2400,2546.2529,2515.4946,2578.2900,2623.4325,2605.5697,2594.8100,2679.3176,2644.4747,2491.3400,2473.1831,2672.6694,2905.9600,2861.3881,2605.6504,2464.3800,2724.9008,2896.6859,2817.7700,2785.3559,2834.2144,2930.3300,3014.8577,2933.6649,2836.0100,3028.6659,3156.8607,3091.9200,3042.7074,2993.6964,3000.3100,3146.9015,3127.7924,2988.8600,3077.2879,3153.3232,3050.0200,2902.7461,3129.0115,3551.3600,3576.1038,3576.6763,3718.4900,3745.0510,3554.1943,3396.9400,3602.7566,3608.8884,3360.9400,3400.7755,3714.0800,4095.2600,4342.7814,4445.4841,4383.4000,4160.6017,4086.8289,4138.3700,4039.3875,4121.8180,4289.4800,4091.7315,3973.5362,4044.9600,3990.8940,4040.5833,4205.2300,4207.3342,4058.8111,3912.7800,3894.5881,3775.2940,3608.9500,3703.1021,3891.8077,3924.2900,3716.7107,3678.1642,3787.5700,3658.4086,3631.8299,3723.9200,3596.8827,3532.6393,3587.1700,3520.7373,3450.2717,3438.3800,3410.2502,3336.6207,3298.4500,3390.5107,3387.3664,3286.6100,3297.5504,3274.6939,3320.2000,3621.1804,3394.8841,2729.7400,2553.2782,2683.3975,2727.3900,2539.9080,2614.5778,2827.0600,2588.0245,2518.6813,2712.8700,2640.3319,2608.7645,2693.7300,2645.9575,2701.7281,2803.4100,2654.5294,2657.7315,2791.3900,2658.9162,2744.0628,2972.7800,2769.9845,2667.5175,2867.6300,2995.4761,2846.4583,2694.4400,2941.2304,2830.0269,2359.9800,2292.3636,2258.3044,2110.1100,2128.9587,2253.2448,2393.0200,2511.8456,2538.6448,2470.0300,2391.7744,2430.8585,2558.3300
2025/3/1,2600.0321,2473.6509,2374.3700,2567.9403,2615.2970,2439.6600,2408.3490,2500.4955,2603.0800,2631.1368,2572.2373,2516.0700,2586.9302,2710.0802,2736.1700,2578.7731,2485.8538,2493.0300,2439.6319,2546.2353,2712.5800,2607.7582,2632.3864,2840.0200,2843.2900,2635.5597,2452.9100,2550.8548,2702.4247,2704.7100,2561.1512,2507.0845,2639.5600,2833.2532,2865.4546,2798.3600,2868.5484,2802.2693,2663.1500,2814.8758,2963.0248,2984.7700,3054.0387,3163.9713,3196.6800,3086.5326,3198.4310,3395.6000,3192.4296,3116.7813,3247.7000,3208.0292,3584.3447,4142.3600,3996.6431,3893.4340,4041.1800,3909.5907,3824.0448,3896.7000,3857.2443,3665.2085,3549.0200,3774.8873,3949.5509,3874.6500,3727.8235,3731.9715,3876.3900,3945.6604,3872.1383,3693.0400,3525.3254,3533.4678,3656.8700,3670.2762,3631.3821,3595.1500,3545.8992,3489.7693,3442.0400,3405.8399,3330.2526,3286.3300,3402.6179,3502.4015,3485.9700,3419.2797,3406.9686,3453.5000,3463.1131,3379.3576,3330.4500,3484.4758,3495.8158,3375.7900,3458.3111,3438.7784,3307.4300,3341.3200,3153.8038,2831.6600,2863.6165,2797.9864,2609.6400,2714.7263,2651.0734,2446.9300,2630.7939,2873.6388,2871.6500,2652.5975,2565.4494,2690.0800,2794.7509,2793.8917,2777.0600,2873.6810,2847.6828,2691.7800,2663.0398,2781.6069,2828.1300,2585.7358,2530.3251,2765.6100,2919.9299,2913.2802,2832.2100,2794.4007,2696.0174,2478.1800,2234.1814,2242.1623,2400.9700,2333.2101,2244.9954,2285.9800,2392.0568,2471.8820,2425.2300,2287.1573,2613.2707,3225.6300
2025/3/2,3361.4819,3355.8267,3419.8800,3418.6324,3455.1567,3517.2800,3486.6938,3525.0886,3582.9600,3448.1229,3375.7127,3408.3900,3361.4580,3455.5294,3676.6200,3735.4743,3605.8448,3462.6000,3520.0761,3628.5697,3650.9600,3588.6601,3572.7801,3668.2900,3801.0603,3745.1024,3576.4400,3597.6574,3667.6181,3659.4100,3608.4572,3671.2212,3742.0400,3647.2402,4056.6045,4753.6700,4799.2939,4735.5505,4820.5000,4761.2504,4719.4016,4810.5800,4962.0271,5015.9128,4812.9100,4500.2502,5291.2447,6654.2200,6764.8190,6621.9869,6787.9700,6795.4853,6713.8595,6673.3700,6694.1212,6699.9747,6601.9100,6393.2358,6340.5451,6435.1300,6421.4757,6421.9640,6454.3500,6390.5395,6328.2239,6371.0400,6481.8889,6300.5890,6045.1000,6288.6078,6420.7890,6186.0100,5942.7956,5868.4615,5936.7900,6013.9026,6135.9361,6306.9800,6437.1614,6377.7890,6243.6600,6298.9499,6308.6254,6198.6800,6161.9871,6292.2573,6401.0300,6202.1859,6022.6724,6047.0100,6140.4291,6098.4309,6009.1100,6120.5829,6114.4773,5991.6400,6061.2611,6030.2693,5932.5500,6087.4382,6056.5318,5910.9800,6153.0606,6229.9434,6171.2200,6417.7413,5728.5144,4454.5300,4318.1825,4480.6464,4361.4800,4266.0333,4347.3457,4440.6700,4277.7520,4234.7632,4399.1600,4464.6612,4366.9929,4239.7800,4264.3246,4290.9284,4267.1600,4290.8540,4336.4182,4377.2100,4419.6394,4475.3869,4563.0700,4579.9090,3961.0630,3104.5500,3062.1472,3216.0676,3182.6300,3178.4687,3174.7201,3224.6900,3429.7605,3497.6379,3430.7200,3501.8101,3500.1392,3405.4100
2025/3/3,3424.6787,3422.9514,3434.3500,3594.0494,3443.6832,3161.7200,3398.6654,3573.1271,3519.1700,3641.2648,3711.8883,3673.0000,3696.9350,3555.8562,3382.9900,3559.5635,3625.0768,3482.4500,3511.3355,3680.2715,3798.4500,3720.0085,3668.0872,3694.7400,3643.0842,3572.1486,3509.1200,3440.6705,3532.0640,3670.5300,3582.4074,3617.1551,3647.7400,3320.8543,3838.2777,4906.3700,4957.8463,4848.9283,5001.6500,4933.4220,4781.7757,4742.3000,4847.3806,4915.0251,4799.8800,4651.9731,5379.0863,6539.2400,6692.5899,6527.6208,6528.7700,6492.6995,6471.5141,6462.3300,6417.8069,6597.2676,6791.9200,6533.0045,6460.2388,6669.2600,6623.8345,6553.2203,6526.8500,6364.1561,6311.8275,6411.2000,6458.5804,6524.9441,6532.2900,6294.1521,6063.6343,5954.9300,5875.6553,5902.2488,5933.1700,5807.7758,5989.6764,6393.0400,6408.6623,6166.5320,6008.8200,6163.1998,6332.2245,6343.7000,6294.9368,6325.2064,6375.2100,6271.1575,6196.8175,6213.0000,6197.3111,6153.2652,6124.2200,6135.8495,6125.2647,6148.5500,6301.4654,6291.1714,6122.3800,6084.8075,6035.2236,5991.8300,6119.4869,6098.8968,6062.3700,6295.1449,5486.1258,4070.7100,3943.4360,4264.9715,4334.5400,4303.8856,4345.0436,4464.1100,4510.6466,4367.3229,4208.2600,4308.8714,4251.0297,4051.6500,4157.2923,4301.7717,4369.6900,4513.8128,4620.2074,4582.3300,4433.6068,4443.2313,4640.4300,4701.8672,4127.3800,3313.2700,3221.2083,3348.9185,3367.4500,3421.0404,3359.4695,3208.6000,3181.4907,3221.6798,3308.1700,3467.5505,3505.1401,3420.1100
2025/3/4,3407.0972,3441.8705,3456.2800,3428.5039,3462.9105,3583.3000,3676.3857,3545.7926,3371.3100,3552.3380,3792.8412,3822.0600,3635.7692,3473.4836,3440.8700,3466.5822,3537.5622,3569.8400,3500.9124,3676.2893,3901.7400,3634.9247,3482.6437,3680.5500,3847.1646,3805.5137,3688.4700,3759.1169,3804.8240,3697.6400,3544.4351,3552.9073,3658.4100,3676.4422,4089.7095,4765.8300,5003.7484,4961.3436,4862.6800,4766.9276,4703.3253,4716.8100,4839.4644,4963.9271,4897.4200,4677.4853,5388.7724,6661.7100,6925.7674,6654.9437,6447.5500,6444.7250,6578.7397,6667.8500,6567.1951,6530.4467,6592.5100,6562.9492,6611.5954,6663.4200,6476.5800,6467.0590,6567.2400,6301.2135,6144.5147,6306.0500,6490.7788,6451.7771,6353.1800,6514.7647,6345.9636,5950.5600,6039.9392,6081.3818,5915.4600,5950.6740,6093.8136,6222.4400,6314.3024,6334.1160,6277.1100,6187.7809,6163.0762,6199.7000,6206.7789,6193.9243,6172.2000,6153.0493,6240.2827,6361.0300,6307.5015,6137.4622,6092.1100,6340.7377,6337.2067,6073.5400,6070.3889,6101.7405,6018.8800,5934.5933,5918.7764,5994.2400,6121.3870,6154.1148,6138.9200,6114.9690,5282.1259,4117.1200,4031.2603,4252.7718,4243.4900,4223.2702,4258.4677,4309.2800,4299.6365,4247.4847,4261.8100,4418.8368,4414.0069,4251.7900,4249.9472,4359.5902,4436.1400,4397.6935,4402.4378,4465.4300,4448.2164,4410.1289,4444.8400,4496.7721,4022.4240,3260.2800,3080.3832,3266.3143,3374.7600,3182.6496,3110.2645,3305.8400,3504.7303,3530.7797,3482.2500,3578.7339,3552.2383,3403.0200
2025/3/5,3411.2590,3414.6676,3347.7900,3347.6013,3502.9130,3641.9400,3506.0751,3453.6334,3528.8200,3433.1773,3371.5688,3447.4300,3529.3286,3486.7652,3434.6900,3593.1725,3649.8602,3560.3600,3603.7268,3734.1132,3734.3300,3460.2364,3380.6373,3618.7700,3829.6161,3805.7575,3644.4500,3611.2805,3594.9618,3590.2100,3715.8913,3781.8348,3675.0300,3575.8109,4158.5474,5019.7200,5019.9898,4841.0990,4851.7700,4769.5999,4815.8286,4942.4000,4864.2963,4935.1277,5019.5900,4766.2772,5477.6773,6744.4300,6756.2638,6572.1695,6693.2800,6549.8639,6464.6278,6576.0300,6642.1936,6590.3030,6482.9400,6452.3808,6550.6201,6693.3700,6709.3026,6548.1289,6378.5800,6452.2218,6603.5753,6597.0200,6358.1476,6291.6770,6443.9600,6441.8480,6162.6944,5949.8000,6238.2676,6279.5625,5967.6500,5965.6933,6235.3666,6390.1400,6131.2135,6122.1897,6395.4200,6335.5063,6214.6094,6172.5800,6065.3226,6056.2088,6117.6600,6071.7058,6203.0175,6390.4500,6212.9589,6122.1598,6211.3000,6127.3032,6049.7047,6040.9700,5980.0885,6026.2969,6131.1700,6056.9260,5930.3899,5969.4200,6227.5233,6154.7302,5985.8300,6305.5684,5474.5643,3981.1100,4077.6564,4371.8858,4226.5700,4376.5333,4302.0333,4078.4800,4358.7030,4437.1843,4207.1300,4288.3931,4427.1712,4454.0700,4470.7230,4418.0496,4378.8700,4497.4795,4443.4616,4254.1900,4312.3271,4436.5272,4500.7300,4472.5447,3925.6886,3198.8400,3150.2698,3279.4975,3316.4800,3445.0580,3368.3884,3171.2000,3266.0128,3359.1915,3319.1500,3328.9307,3446.1950,3529.4100
2025/3/6,3401.6642,3382.3408,3496.8300,3463.4670,3442.9701,3509.3300,3546.2609,3489.2794,3406.4200,3430.2819,3486.1251,3532.4800,3573.7517,3467.4885,3379.8900,3614.7147,3668.3383,3460.3500,3417.3017,3483.0926,3586.8400,3719.9186,3687.7737,3616.8300,3803.9767,3782.5237,3558.8700,3621.5664,3726.8942,3697.0100,3626.0177,3661.3705,3749.3500,3771.2970,4160.2340,4685.7500,4656.5615,4712.9746,4935.1200,4789.6963,4859.3420,5152.3000,5038.7970,4778.1472,4588.1100,4578.1208,5452.8794,6597.1300,6575.8584,6498.9908,6692.6500,6436.3380,6514.4111,6885.8800,6655.4285,6356.0223,6350.1600,6448.9737,6432.8536,6332.1700,6350.6244,6383.2725,6357.0300,6309.5258,6274.8124,6301.2700,6409.7589,6454.1628,6449.0600,6499.7044,6289.1149,5973.5300,6058.3782,6141.0469,6022.7500,5919.3149,5951.7521,6112.8000,6279.2795,6276.8391,6225.3700,6380.3794,6343.2146,6165.6600,6294.5937,6314.8146,6200.9000,6338.9606,6336.4270,6134.2900,6090.4138,6098.1211,6105.9500,6186.3140,6205.9779,6155.0300,6156.1394,6158.7853,6140.4100,6143.8125,6175.7304,6126.5400,5905.9185,5909.1402,6249.7200,6490.9169,5683.5866,4377.0500,4156.3124,4295.8224,4275.3600,4309.4216,4349.3369,4298.0100,4146.1144,4120.0938,4262.9700,4378.5597,4295.9408,4166.4400,4300.1884,4404.0397,4362.7200,4360.8276,4449.3921,4539.6000,4490.9755,4368.8017,4318.2500,4352.2478,3889.0786,3190.1700,3157.9378,3313.7233,3354.9200,3444.3466,3485.1538,3480.8900,3532.8698,3462.7845,3338.2700,3367.1607,3080.9135,2606.2400
2025/3/7,2572.0153,2567.3840,2435.9100,2443.6488,2464.8341,2483.2100,2608.2467,2612.6705,2482.9100,2447.7200,2503.7935,2576.3700,2578.9256,2428.8127,2280.5400,2391.9610,2503.2330,2523.4200,2604.2814,2668.6012,2668.2300,2652.1500,2693.5179,2736.7900,2665.8084,2647.6456,2709.0200,2710.0560,2693.8190,2723.9000,2800.3418,2785.4491,2650.0400,2521.6228,2571.0701,2686.8900,2609.8072,2635.6653,2740.5400,2649.6306,2893.7587,3348.4000,3315.6305,3227.5356,3269.0800,3182.9193,3093.1533,3095.6900,3163.8960,3291.5090,3311.0200,3099.8590,3340.0953,3866.6000,3816.1392,3707.7905,3824.5100,3889.2260,3769.1430,3634.0100,3762.9868,3847.8290,3766.7500,3691.4462,3628.0167,3654.2800,3833.6126,3734.1799,3477.2100,3611.2248,3704.8729,3610.0700,3631.9067,3743.4031,3782.7100,3632.5910,3527.8077,3557.0000,3604.9292,3675.6024,3720.2000,3635.6365,3448.9879,3365.5100,3588.5415,3748.8042,3647.6400,3417.8647,3254.3376,3309.4500,3559.5931,3524.9113,3287.8000,3392.0823,3538.3690,3526.0100,3459.3842,3395.1232,3374.6200,3365.8179,3068.1493,2705.7400,2800.1235,2733.6356,2472.3600,2604.6692,2729.8029,2688.7200,2716.6491,2646.0426,2535.7900,2645.4891,2721.2594,2698.6200,2739.2084,2641.4982,2520.4800,2701.0431,2730.8220,2561.7300,2599.8127,2665.1105,2649.6600,2663.2074,2779.7824,2924.2500,2935.1492,2858.9829,2846.2400,2975.8900,2860.2694,2480.6000,2251.0075,2355.6193,2523.9400,2310.3489,2118.1155,2163.5800,2288.6196,2446.8486,2527.8100,2420.5708,2385.0922,2480.2700
2025/3/8,2516.5725,2489.7128,2434.9100,2390.2228,2437.9909,2506.5900,2446.9012,2448.9464,2528.6600,2526.2006,2609.6136,2764.1800,2769.4901,2655.9020,2590.5900,2706.5086,2729.4374,2611.0600,2579.3003,2650.2413,2717.7700,2677.3383,2684.2651,2757.1700,2757.2199,2724.3715,2723.9000,2778.0411,2824.8386,2816.8300,2756.7772,2705.6118,2703.9900,2728.4526,2647.7408,2552.9200,2667.7380,2762.3957,2748.2200,2779.5581,2946.1414,3143.4000,3181.4097,3220.9139,3302.9600,3293.0089,3193.9997,3106.1600,3130.7313,3137.4336,3094.3600,3143.7637,3477.0927,3846.6300,3789.7126,3759.5157,3912.2000,3945.5771,3850.1681,3751.0700,3781.4237,3882.8450,3915.5600,3789.2272,3731.7514,3799.0700,3824.8102,3764.2946,3682.8400,3690.3001,3765.5198,3809.4500,3721.5006,3574.2533,3532.8500,3699.0645,3743.3149,3619.8100,3581.9394,3521.1409,3461.3500,3559.9493,3610.2354,3569.1200,3565.1198,3403.6490,3239.1000,3447.6852,3583.4053,3463.7300,3360.8541,3456.6177,3583.0700,3420.4509,3312.6478,3384.0000,3417.5920,3392.4941,3455.0700,3665.6096,3331.8663,2660.7900,2588.7162,2641.0793,2567.6500,2620.9910,2712.1552,2738.1300,2695.8713,2667.3916,2671.4100,2662.5184,2670.6380,2677.7900,2639.8962,2671.9607,2767.3300,2787.7674,2720.7378,2663.0800,2717.2579,2713.0841,2627.7900,2609.5155,2627.5730,2677.2600,2791.0239,2865.0154,2928.4500,3042.6910,2760.7762,2299.6600,2354.2990,2392.5846,2301.8400,2479.9127,2457.5500,2233.1900,2301.5552,2385.4877,2306.4300,2251.6792,2643.0513,3225.6800
2025/3/9,3292.4780,3237.4148,3324.6600,3426.8838,3502.0365,3507.5600,3431.1038,3473.6567,3594.8600,3557.4107,3509.7799,3555.9200,3641.1552,3655.9636,3543.5100,3372.1843,3433.1730,3643.7800,3645.4470,3675.5099,3757.9300,3675.0871,3692.4117,3770.9400,3595.1498,3448.5806,3508.4200,3677.9907,3811.0944,3811.2500,3687.7667,3624.1582,3573.0500,3430.9788,3910.5016,4684.9900,4662.5182,4630.9571,4865.1600,4833.4750,4754.4125,4806.9000,4914.4509,4933.8299,4767.0100,4609.2445,5509.2756,6851.4000,6856.1255,6549.9284,6599.7500,6633.8963,6467.2442,6302.8800,6481.1651,6592.5263,6484.0900,6418.4605,6518.5099,6630.2100,6512.2709,6502.5103,6630.4200,6557.3852,6302.2947,6139.9100,6335.7334,6490.4082,6449.1300,6404.0703,6289.6573,6074.1700,5856.6378,5832.8273,5880.6300,5742.5875,5946.0348,6364.5700,6310.5052,6240.8995,6343.2800,6317.1863,6175.0890,6115.9000,6287.3651,6252.6751,6067.1600,6207.1757,6296.1654,6205.5000,6187.8907,6157.2395,6132.3900,6235.1377,6232.1683,6077.5900,5997.2237,6171.8736,6347.0100,6102.5043,6009.8767,6209.7900,6254.8516,6089.0731,5990.3100,6130.8855,5424.3901,4226.4400,4080.7722,4283.1437,4376.4600,4585.8707,4574.1724,4367.9900,4349.7830,4289.1098,4202.5400,4338.9627,4282.6219,4120.4500,4357.9332,4505.1937,4354.3500,4214.6341,4296.8700,4464.7900,4402.2874,4331.7213,4420.7300,4533.5113,4129.5604,3429.1200,3232.8639,3239.1202,3205.8100,3205.7904,3196.4971,3178.8500,3213.6503,3295.9887,3387.0700,3435.7860,3412.7441,3396.1700
2025/3/10,3488.6651,3494.1095,3409.0800,3437.0062,3536.1754,3633.3800,3675.3519,3568.2080,3448.5000,3549.5895,3549.8052,3475.6600,3662.8074,3744.5307,3615.1200,3538.7083,3492.9750,3426.7400,3378.7327,3539.6837,3746.6300,3628.5892,3529.3374,3569.6400,3558.3552,3665.1567,3800.6500,3685.8786,3676.4146,3786.3000,3687.9331,3680.4236,3703.8700,3486.3564,3930.4804,4819.8700,4944.7959,4772.6031,4686.8400,4622.3810,4773.1595,4929.2800,4711.3454,4897.5876,5160.8900,4557.7676,5145.4647,6705.9000,6838.7388,6530.4228,6560.5300,6654.5564,6674.2659,6634.3200,6593.2987,6377.4209,6197.5100,6473.7706,6708.8273,6634.4600,6460.4147,6439.6314,6490.5100,6344.5520,6328.4479,6507.3500,6602.3636,6609.4028,6477.1000,6149.9591,6017.3188,6108.1900,6092.1496,6083.2574,6102.0300,6044.0875,6129.8959,6321.9600,6344.8157,6329.7760,6348.4800,6304.4854,6101.1739,5909.0200,6001.5280,6022.8627,5908.1000,5963.3123,6169.6836,6326.0700,6230.4432,6057.5158,5979.1500,6031.2734,6102.0784,6126.6400,6113.8620,6040.1844,5945.2300,5935.9130,6090.8116,6283.4200,6274.1168,6160.4549,6144.8300,6211.3337,5462.7694,4270.5700,4024.1751,4245.9700,4374.1000,4326.7075,4334.6251,4435.3100,4445.0731,4369.0931,4371.7300,4583.2660,4584.9201,4350.9700,4251.0264,4127.3234,4079.8700,4377.9253,4422.5978,4228.2500,4395.4384,4550.4401,4510.2300,4427.8111,4046.6842,3461.3900,3147.4028,3256.5698,3531.6400,3535.6553,3401.2495,3311.4900,3335.9737,3465.1397,3503.6500,3263.3413,3226.6825,3449.2900
2025/3/11,3510.7186,3469.5191,3461.8100,3506.9543,3374.1792,3269.9600,3613.5702,3717.4107,3497.1100,3540.2349,3595.4639,3535.3100,3531.5154,3577.3603,3566.9400,3432.6366,3445.9844,3572.9700,3508.2219,3418.1070,3445.4700,3538.6940,3470.3868,3404.5600,3706.8456,3840.3311,3628.1900,3454.6563,3568.4138,3771.9600,3672.7087,3692.1344,3803.4400,3629.6041,3963.5992,4667.4100,4749.9040,4704.8275,4831.8300,4897.3489,4855.3107,4826.0600,4965.4719,5116.9984,5003.7000,4636.7679,5260.6904,6531.5900,6768.7029,6512.2188,6421.9400,6595.8368,6723.5669,6696.2400,6666.5004,6638.9883,6576.0300,6459.2136,6358.4656,6437.7700,6771.4698,6815.7693,6513.6900,6345.7297,6372.2733,6508.6500,6620.2171,6518.7283,6330.5000,6353.1386,6277.1234,6049.7600,5941.5499,5874.2530,5844.1700,5954.1365,6073.9107,6145.2500,6221.8659,6276.1963,6242.8200,6115.9598,6173.7243,6332.0500,6218.1733,6031.4200,5973.4400,6071.6569,6236.2096,6298.9600,6157.8492,6156.3267,6271.4400,6146.7856,5998.6573,6036.2500,6236.0341,6279.2377,6082.9000,5884.8597,5956.5661,6166.4500,6120.5703,6004.4448,6080.0700,6267.2228,5487.9677,4228.5700,4150.0139,4399.0939,4344.2100,4214.8938,4195.6132,4238.6200,4189.9202,4297.1212,4478.9200,4384.9682,4300.5612,4339.9400,4327.6641,4267.8615,4200.9700,4162.6185,4215.2948,4361.2500,4524.2926,4587.4941,4531.1500,4362.6035,3802.3970,3219.1800,3328.7982,3393.8460,3258.4800,3437.0303,3354.0169,3076.6900,3275.6495,3364.9440,3177.3500,3150.3596,3176.8003,3201.3500
2025/3/12,3321.6259,3463.1874,3527.2400,3468.4705,3370.2431,3302.8400,3285.4359,3315.4359,3443.6800,3683.7084,3689.4311,3549.7400,3672.7368,3664.9542,3466.2500,3460.5095,3645.5504,3821.0700,3772.4744,3611.0536,3538.5800,3661.1742,3685.7065,3564.9400,3529.3051,3541.6652,3606.4600,3762.6601,3755.1465,3637.5600,3706.7854,3713.3795,3602.8500,3662.2368,4173.5841,4773.8400,4769.0347,4680.8555,4857.4000,5105.8579,5032.5936,4759.9100,4803.2858,5005.6872,4991.8100,4698.3533,5397.9824,6696.6700,6849.8277,6674.6430,6725.9300,6708.7649,6627.8293,6557.4900,6531.3470,6486.9340,6462.7600,6539.9136,6486.4550,6353.5800,6425.6494,6481.6945,6467.7900,6532.5876,6460.9952,6294.0100,6322.2561,6436.8966,6498.3000,6455.5550,6319.9940,6095.9300,5843.8234,5909.0906,6100.1200,5927.8065,6097.2585,6485.0600,6240.8726,6101.8527,6307.2600,6330.9336,6213.8715,6147.0800,6225.9314,6186.1493,6034.8900,6055.2801,6187.4440,6245.7800,6098.8158,5966.4283,5947.7600,5961.7281,6037.2912,6121.1400,6101.3886,6075.2145,6081.2000,6070.4373,6088.0637,6104.6700,6042.9591,6027.8385,6158.5100,6272.1818,5530.9579,4373.1900,4184.1310,4384.1340,4436.7600,4366.1272,4240.1258,4194.2600,4332.7727,4396.9761,4332.1700,4322.9887,4334.3903,4378.3100,4504.9898,4508.2416,4364.8900,4268.1365,4280.7376,4365.2900,4413.6771,4307.3509,4224.8000,4390.9667,4069.7025,3392.0800,3275.3352,3358.5179,3410.2100,3566.1912,3598.1597,3460.7800,3363.3880,3408.2701,3451.4900,3282.4530,3269.9946,3486.2600
2025/3/13,3617.1514,3585.3143,3514.2100,3566.7633,3529.7640,3390.6000,3352.8783,3308.9055,3260.0800,3353.4584,3552.8392,3655.7300,3484.6496,3416.4269,3529.1900,3565.0967,3662.8512,3749.1400,3576.3344,3450.3953,3522.3700,3631.2280,3569.4386,3455.0400,3583.9838,3645.8233,3577.0700,3630.4401,3717.5034,3727.0700,3652.3286,3627.5869,3625.8700,3603.0838,4178.7819,4976.2600,4927.8193,4816.9758,4945.2000,4841.0708,4756.7742,4785.5400,4770.8891,4933.7109,5017.0700,4678.8593,5430.5741,6755.9700,6545.8122,6234.5498,6481.0900,6510.8474,6551.7773,6666.0600,6601.3223,6573.4361,6614.7900,6548.6468,6569.7745,6666.8100,6615.2017,6539.3464,6477.9600,6366.0057,6413.9505,6574.3800,6549.5232,6360.3078,6232.5600,6357.7494,6325.6393,6078.6000,5973.1170,6003.5669,6043.4400,6007.2071,6064.0725,6254.8500,6422.8540,6403.1925,6313.2900,6396.8916,6299.9773,6106.7500,6255.1320,6265.1371,6109.6400,6254.7096,6398.0053,6358.9800,6262.9226,6174.0028,6169.4300,6264.8243,6126.1485,5880.1100,5993.8657,6119.1519,6080.3400,6051.7025,6078.2733,6196.4900,6367.7307,6177.7386,5943.2300,6260.5833,5643.5605,4339.6200,4184.4013,4355.2005,4309.1500,4354.2603,4338.3067,4288.9200,4415.0451,4447.7655,4430.9600,4648.3362,4630.7510,4405.5700,4459.9096,4389.7527,4195.3700,4327.8811,4512.0344,4484.8700,4273.0646,4239.7897,4406.5800,4390.6494,3913.3811,3346.6100,3373.0005,3465.5966,3381.6300,3375.1530,3326.3207,3298.1600,3488.4212,3525.4193,3418.4700,3469.7557,3090.0777,2440.3100
2025/3/14,2355.0261,2463.5880,2420.0800,2293.8601,2441.1752,2670.1000,2440.6514,2262.2015,2385.7400,2568.7867,2705.4255,2740.4600,2650.4788,2497.5557,2398.5100,2461.8607,2628.4966,2786.6600,2826.0190,2690.3324,2494.0300,2451.2289,2546.5797,2703.9500,2822.8702,2729.0151,2610.3000,2825.5244,2917.3491,2745.0700,2626.9212,2616.0362,2660.7500,2713.5170,2863.1842,2980.2900,2821.0215,2680.4995,2656.3000,2617.9598,2841.8723,3227.2500,3328.2450,3245.6065,3143.1900,3101.7814,3177.0229,3231.5400,3075.1332,3038.7440,3177.2800,3263.3668,3553.7362,3968.9900,4085.7180,3952.3965,3771.4600,3702.3110,3620.0681,3590.1000,3794.8523,3860.0682,3761.5300,3812.5494,3729.6299,3562.3200,3683.6567,3821.2863,3792.5700,3687.9297,3657.3204,3702.9800,3705.8840,3698.5378,3695.0900,3649.3761,3513.2443,3404.4500,3496.5434,3539.1671,3537.6800,3725.6514,3811.1061,3723.2600,3684.1887,3663.1694,3608.9200,3542.9041,3580.0840,3602.3700,3389.5020,3315.7733,3442.2500,3469.9274,3507.4893,3526.2500,3382.5032,3427.8073,3634.0800,3553.9645,3102.8786,2640.6500,2665.0725,2844.1255,2883.2900,2786.4887,2745.7792,2758.4400,2672.5203,2681.0488,2737.9200,2596.4871,2508.0152,2579.9500,2653.3021,2602.3083,2570.9600,2803.6429,2930.1418,2825.6400,2729.1850,2724.6763,2783.3700,2821.0911,2809.5907,2732.8800,2612.6006,2621.0388,2744.9100,2768.7339,2571.4056,2288.1400,2198.1132,2237.2507,2298.5400,2335.9814,2363.7039,2357.9600,2303.4000,2411.8558,2587.4400,2501.1770,2347.4960,2350.9300
2025/3/15,2545.3728,2636.3141,2592.1700,2625.0717,2561.0927,2457.9100,2567.8591,2609.6729,2514.2900,2497.0010,2517.0807,2547.5900,2618.0306,2663.0304,2726.3100,2879.3777,2793.1110,2561.1500,2606.9016,2595.7133,2462.4700,2506.2510,2625.2954,2649.9000,2540.3771,2607.9815,2805.0800,2763.8136,2618.9869,2606.8100,2818.0608,2894.7719,2738.6500,2601.7604,2641.8271,2770.1800,2775.8331,2820.4064,2864.6100,2736.0091,2884.6784,3219.5500,3185.1181,3147.0295,3226.4500,3161.2348,3081.6772,3126.6300,3274.3213,3255.9743,3108.0500,3156.0570,3413.3483,3707.4800,3840.1362,3916.2729,3931.5800,3780.7344,3690.0665,3761.8600,3871.3548,3832.9136,3704.4000,3706.2421,3693.6856,3661.0500,3738.3016,3680.1062,3482.8700,3437.3200,3644.7330,3831.8200,3616.5426,3454.8839,3539.6800,3632.7078,3676.6594,3672.0500,3627.9594,3558.8564,3493.5800,3481.1044,3589.9156,3697.2800,3581.7843,3407.2974,3349.4400,3444.3938,3525.4692,3558.1900,3626.9436,3574.1010,3417.1000,3364.7726,3440.0240,3588.9000,3691.1178,3494.5825,3224.9700,3336.5883,3195.2827,2769.1700,2694.3575,2767.1803,2752.0600,2645.5891,2614.5606,2691.5000,2769.5963,2876.9925,2924.5600,2769.7025,2657.0993,2689.3400,2744.3115,2764.6334,2738.8200,2677.1110,2574.7687,2568.4400,2794.1990,2831.3888,2738.9000,2964.0443,3051.8942,2892.7600,2855.1546,2913.1739,3009.5000,3078.7541,2759.5316,2306.5300,2360.6351,2377.0403,2262.6300,2456.9813,2531.5746,2377.6600,2340.6874,2403.0330,2462.1400,2521.4161,2931.3933,3459.7300
2025/3/16,3473.5801,3394.9965,3435.2200,3414.8197,3505.5224,3659.6700,3627.6899,3591.2009,3592.1500,3490.9185,3419.7494,3456.7600,3542.8747,3574.5111,3549.1600,3548.9637,3555.5931,3620.6900,3789.7865,3722.4749,3520.5700,3625.1138,3693.0383,3589.8800,3537.3318,3541.5911,3598.9200,3694.7299,3593.2707,3367.9100,3364.2619,3550.6356,3648.5500,3516.0783,4083.5759,5009.8400,4963.6590,4775.9802,4860.5000,4801.1690,4753.3693,4832.8100,4951.1903,4980.3787,4858.0800,4761.5487,5469.2393,6491.3900,6505.7154,6477.9325,6761.7800,6723.1202,6564.1932,6474.0900,6428.2032,6482.7636,6578.7300,6569.8804,6513.8351,6527.2900,6641.4426,6541.8947,6346.2300,6486.1176,6592.0342,6458.7600,6267.1814,6250.9346,6414.4000,6517.1949,6311.9567,5974.8500,5956.0462,6112.5877,6181.6600,6051.6490,6064.5316,6244.6800,6296.0282,6352.2000,6406.0900,6306.5368,6317.8637,6360.0200,6117.8440,6107.7180,6328.4300,6258.9605,6201.0939,6221.8400,6100.8484,6231.9696,6476.6500,6264.7813,6042.8399,6047.4700,6075.9967,6058.0826,6037.4600,6097.6930,6177.3249,6152.0000,5965.5276,5924.9910,6141.2600,6296.7921,5571.4463,4428.2800,4237.2327,4397.9239,4368.7500,4231.0635,4271.4036,4379.5800,4184.3185,4023.9396,4117.3100,4334.2069,4370.1292,4227.2400,4181.2908,4215.0480,4241.8300,4231.8688,4338.1736,4430.9400,4237.1116,4201.7608,4439.9100,4536.8243,4046.9290,3328.4100,3225.9650,3326.6246,3340.2800,3370.4337,3319.8120,3247.7700,3339.5960,3443.1879,3451.1700,3416.1304,3492.0550,3564.4100
2025/3/17,3395.9681,3401.7395,3555.8500,3411.4050,3254.9941,3311.5700,3503.6570,3563.2025,3459.7100,3413.7832,3514.2289,3666.8500,3685.9538,3608.4664,3546.7300,3583.8009,3615.4101,3545.0100,3404.7037,3499.1219,3675.6700,3513.0181,3576.8409,3841.8600,3687.7281,3473.9966,3502.5800,3694.7269,3712.4964,3519.4900,3420.1197,3608.8794,3759.4400,3455.6250,3808.7623,4713.0200,4874.9044,4658.0096,4632.2200,4947.1029,5006.0602,4771.2600,4796.1094,5019.9514,5045.1400,4701.5557,5340.1526,6640.3300,6833.9697,6551.3288,6440.8200,6493.5817,6499.2246,6466.1800,6587.7260,6746.8065,6758.1400,6539.3484,6361.3999,6372.0100,6485.8549,6535.8811,6441.7600,6299.1913,6459.0854,6662.4000,6330.7874,6255.0414,6573.4200,6588.1755,6273.8315,5953.4000,5963.3324,6027.9813,5984.6900,5952.7532,6096.1013,6321.5500,6369.8356,6370.4893,6366.4500,6281.7896,6297.3577,6328.5600,6125.4890,6081.3797,6245.0700,6257.5501,6163.9567,6121.2100,6204.2446,6156.5244,6027.5000,6122.9222,6227.5315,6206.1200,6153.1916,6213.6195,6311.2200,6220.5748,6044.5972,5973.2300,6091.9807,6082.9796,6073.1300,6320.6216,5522.0140,4156.9000,4120.4176,4311.0330,4193.9100,4340.1172,4404.7463,4246.5600,4130.4519,4150.7796,4229.1200,4253.2071,4452.7161,4607.0200,4275.5813,4241.1391,4557.6400,4499.3346,4369.0070,4402.6800,4464.3014,4294.9597,4157.5700,4468.9728,4134.9841,3240.5800,3035.3964,3191.3036,3318.5900,3366.7275,3251.1396,3087.7500,3132.3944,3344.3248,3497.1800,3387.6461,3324.3932,3365.0400
2025/3/18,3306.3120,3402.2507,3568.2000,3425.6265,3241.0675,3259.8600,3457.5259,3500.3242,3434.8900,3580.3983,3550.3863,3385.0300,3530.1639,3638.7736,3539.7000,3428.6006,3437.4838,3498.1700,3462.6420,3564.3969,3690.6400,3490.1794,3410.0786,3584.2000,3701.1273,3738.9523,3755.1900,3774.1574,3689.7892,3541.7700,3514.9089,3648.3668,3653.9300,3306.0108,3714.5044,4710.3600,4941.7979,4773.8984,4650.2700,4630.7778,4712.6196,4847.9000,4949.1959,4909.8498,4731.9300,4657.7649,5385.9175,6541.5400,6921.4474,6751.7863,6578.5500,6719.2424,6797.0624,6661.8500,6509.2154,6326.8960,6221.3900,6360.2932,6467.8706,6445.9400,6448.7193,6478.2633,6483.4600,6422.2307,6338.1411,6336.4700,6493.2074,6613.3901,6590.5500,6463.7775,6232.8930,6004.3200,5936.0248,5922.6668,5862.1100,5785.0136,5954.1481,6285.7200,6394.9526,6310.1645,6207.1800,6230.6908,6247.5296,6187.6600,6132.0209,6221.7511,6348.3000,6249.8089,6098.2100,6038.3300,6066.1034,6136.7669,6221.6100,6286.2550,6187.0515,6030.6900,6081.7220,6134.8191,6100.7800,6086.0176,6039.1443,6011.1500,6110.8179,6118.1544,6133.5000,6309.8585,5482.0383,4144.0100,4095.0719,4423.4088,4431.7000,4323.6511,4248.1245,4279.1400,4395.5745,4409.9033,4317.1200,4277.8425,4226.6778,4169.4000,4198.2792,4235.1014,4249.4800,4284.5414,4311.0276,4305.0300,4265.6112,4191.8841,4218.9300,4411.0997,4054.3656,3363.4100,3312.3138,3434.3354,3363.1100,3234.0222,3283.2443,3438.4900,3395.4864,3237.8117,3194.3300,3404.8527,3494.1346,3412.8700
2025/3/19,3431.2079,3297.9270,3117.6800,3290.5028,3449.4926,3403.7400,3329.7152,3372.0515,3461.9600,3435.1511,3534.8505,3745.9000,3763.7166,3582.7117,3430.4700,3558.1356,3703.6722,3710.4500,3657.8862,3625.7299,3639.8300,3650.5382,3525.1462,3414.3200,3598.4006,3683.8104,3598.3900,3647.9482,3684.4307,3604.7100,3493.4627,3518.8601,3584.4600,3539.4543,4095.6763,4940.6700,4972.4570,4865.0673,4881.8400,4643.8415,4642.2470,4816.9900,4622.2644,4642.0367,4829.6300,4658.9117,5291.5639,6480.3700,6689.6717,6560.8433,6546.2500,6433.0507,6354.1802,6369.1400,6403.5703,6514.0488,6649.6600,6664.7651,6602.1714,6531.3700,6479.0144,6393.2385,6313.7000,6328.4338,6287.7284,6263.1400,6468.9818,6581.1457,6552.9100,6606.8243,6406.5893,6027.3100,5951.7863,6070.8733,6121.0100,5960.0968,5920.3324,6160.3300,6484.9665,6478.6578,6261.5500,6314.7354,6238.6177,5999.9900,6014.3953,6127.2133,6192.0600,6226.9575,6273.1306,6256.6000,6092.7393,6109.5922,6242.6400,6120.4343,6106.9145,6185.2400,5982.6772,5955.2469,6134.7200,6083.4045,6024.7694,6086.1000,6134.1999,6080.0676,6126.1400,6388.6366,5618.6640,4259.5000,4108.1979,4276.4240,4217.3100,4292.2503,4363.2854,4346.4300,4317.3888,4234.6986,4135.3000,4135.7259,4229.8793,4337.5900,4360.6113,4299.8142,4240.1600,4278.2772,4325.2610,4317.7200,4280.1677,4297.0863,4433.5000,4584.3104,4143.0002,3389.5500,3254.4505,3251.7622,3155.0700,3242.1918,3319.2885,3304.3000,3320.6030,3364.8361,3348.1000,3220.2834,3271.0090,3410.5100
2025/3/20,3299.0689,3421.8810,3683.1100,3476.7370,3302.6695,3426.9400,3609.5343,3668.9025,3589.3000,3503.6157,3545.9703,3590.6600,3395.9017,3276.7246,3394.2800,3587.5594,3605.7268,3522.7900,3631.2618,3731.3543,3721.0100,3699.7385,3674.7825,3623.5800,3538.7697,3488.7843,3513.5100,3598.3779,3700.4359,3753.5700,3716.9811,3707.0664,3642.6900,3457.8398,4028.7787,4962.0900,4905.1198,4660.8239,4703.7500,4726.9008,4819.4733,4880.3300,4689.3761,4713.3646,4827.2000,4578.1560,5187.0368,6405.5900,6658.0486,6606.6001,6687.2700,6649.7760,6705.5335,6757.8100,6494.2004,6436.4392,6570.8500,6399.3635,6445.9301,6697.4300,6577.9956,6445.2772,6473.6100,6454.2353,6352.3360,6279.9000,6362.0436,6393.8373,6360.1000,6424.0276,6379.6216,6168.3200,5958.8116,5855.2299,5883.6600,6006.2794,6168.3548,6351.3800,6510.6216,6358.8315,6039.3000,6028.9848,6177.7813,6280.0200,6283.4823,6314.9120,6352.7900,6259.4213,6190.1146,6156.6400,6039.3659,6054.6789,6187.6800,6195.3721,6186.1376,6200.1700,6153.3743,6101.7592,6118.9500,6209.4949,6190.1990,6102.1900,6143.2969,6075.0134,6025.6800,6213.4416,5394.1467,4094.1200,4187.9837,4441.4267,4255.4500,4286.5369,4470.2464,4579.2400,4480.3082,4285.5618,4196.7800,4330.8684,4370.9481,4358.2100,4586.0191,4523.6629,4215.3700,4256.2469,4319.0159,4257.2500,4290.2681,4418.7036,4553.6000,4526.2528,4001.6252,3318.9400,3233.4088,3319.9710,3255.8400,3144.1326,3161.8174,3296.4000,3356.4081,3261.7676,3267.7300,3604.0760,3245.8691,2401.0000
2025/3/21,2359.4277,2565.8193,2575.2800,2518.1559,2469.2345,2452.1500,2467.8812,2545.8704,2630.1000,2613.0060,2552.2316,2541.6900,2619.4506,2634.2617,2611.5300,2720.1249,2811.4736,2755.1600,2585.9171,2583.1026,2720.8200,2717.5963,2719.3215,2719.4100,2572.9256,2612.2860,2778.6800,2677.0324,2605.9780,2700.2600,2777.9368,2766.8966,2733.6700,2794.5260,2839.1231,2792.6100,2696.9196,2681.3328,2748.2300,2815.9656,3041.6208,3279.1300,3206.7424,3231.8696,3358.9200,3200.0881,3133.1293,3215.5000,3147.9488,3249.8115,3381.0900,3110.6884,3266.6515,3743.5400,3624.7818,3715.4945,4034.3900,3748.4692,3509.4392,3650.0300,3833.0174,3863.5355,3759.9000,3703.6641,3835.8185,3965.1100,3774.8146,3704.2487,3861.4900,3906.7627,3809.3095,3743.3100,3855.7024,3726.8411,3478.6400,3661.1832,3820.4558,3730.7700,3616.5940,3552.0978,3490.6000,3383.8889,3472.4549,3685.6800,3688.7835,3620.0331,3584.0900,3547.3175,3543.0798,3528.3700,3429.2521,3418.0606,3516.8200,3554.1053,3445.6468,3342.2600,3454.2621,3412.5591,3301.7000,3514.9419,3321.9457,2724.7300,2514.9969,2569.2819,2650.0700,2673.2405,2664.3189,2671.7300,2713.5631,2702.9262,2614.2600,2541.4788,2688.5270,2883.4700,2742.7098,2629.3590,2725.9600,2863.5218,2952.2413,2895.3100,2680.3533,2729.6593,2968.9500,2901.1609,2750.0023,2690.2300,2673.5533,2703.3172,2812.3400,2946.0913,2677.1833,2222.5900,2279.0919,2521.1249,2572.1300,2383.5469,2344.5656,2417.9600,2259.3637,2390.9613,2671.2300,2416.7437,2284.9201,2450.5900
2025/3/22,2430.3122,2405.3057,2450.0600,2428.3992,2477.1664,2525.3900,2361.4063,2312.4557,2502.3500,2706.2165,2682.2321,2481.5900,2382.5576,2398.9799,2504.8600,2671.4817,2747.1509,2682.2900,2577.2183,2588.5808,2646.2700,2547.1253,2503.0358,2599.7900,2694.0470,2665.6074,2622.9600,2770.4849,2830.8751,2771.1400,2821.9319,2811.6916,2734.0100,2773.8686,2808.2517,2756.8500,2689.1000,2768.2011,2848.6600,2671.3280,2809.8101,3235.9400,3314.4444,3228.0394,3191.7200,3204.0027,3134.0132,3090.9500,3287.8711,3295.6317,3069.3400,3073.5006,3589.2657,4167.1000,4034.4884,3813.6396,3830.5200,3830.9713,3843.3047,3824.3100,3682.3038,3707.2152,3791.6700,3550.1007,3438.0704,3592.6000,3685.7175,3668.4601,3611.8900,3624.5936,3774.9157,3830.9900,3488.8094,3288.1525,3384.5300,3436.9515,3505.5411,3610.0800,3655.4369,3672.0771,3642.9400,3538.7779,3585.9294,3669.7100,3456.5337,3341.6582,3480.0100,3620.5890,3603.4724,3450.3400,3322.5726,3317.6662,3376.1600,3371.7638,3456.4875,3590.6700,3545.2703,3386.5018,3295.2100,3357.7977,3159.7583,2811.2200,2834.1825,2819.4121,2627.1800,2550.9984,2580.0978,2635.4800,2678.7353,2771.0441,2793.5300,2581.5607,2579.8835,2777.6000,2719.3083,2603.8094,2601.2000,2669.2659,2714.9110,2691.8200,2632.8635,2652.1905,2742.3800,2776.7646,2720.8813,2659.3300,2716.6300,2802.5239,2849.0000,2834.9436,2629.7148,2320.0500,2186.4053,2293.0684,2451.1600,2396.3096,2337.3433,2363.7400,2385.8885,2539.6334,2623.9100,2365.6529,2722.5157,3487.4200
2025/3/23,3450.6115,3267.5474,3367.9200,3507.2084,3578.1579,3536.8900,3417.1036,3461.4616,3595.0900,3509.0564,3425.1581,3446.8700,3468.3177,3559.5393,3679.1500,3681.3606,3631.7104,3562.2800,3479.3672,3618.5746,3826.0700,3685.8627,3513.1234,3557.8100,3743.9665,3724.7642,3568.2000,3652.6995,3695.8505,3620.2100,3655.9561,3757.2802,3699.0500,3426.3039,3922.9107,4917.2100,5089.1019,4963.7033,4938.0300,4866.8287,4849.9397,4825.1900,4644.5765,4706.3784,4861.3100,4699.7854,5430.2926,6685.6000,6763.6612,6530.4784,6518.8700,6409.6637,6445.0668,6590.5800,6526.8877,6493.5843,6559.4200,6546.5366,6543.9909,6534.6600,6402.5536,6332.7993,6385.1200,6444.1779,6500.2640,6467.2900,6271.4093,6284.6894,6466.1800,6376.0004,6082.1794,5808.9600,5757.7239,5932.3656,6009.6300,5695.5426,5866.2191,6394.0500,6270.4014,6126.7353,6268.2300,6325.7940,6240.8500,6160.1900,6251.3098,6297.0662,6222.0800,6160.9610,6130.1839,6088.0200,6018.7797,6100.9371,6239.7400,6153.9798,6092.4019,6156.9900,6192.3470,6149.8980,6128.9600,6224.8277,6072.5268,5830.7500,6044.3059,6266.1431,6335.8000,6389.2673,5641.7400,4431.5300,4052.2956,4192.0015,4349.5200,4349.0284,4392.5491,4448.6200,4304.0602,4299.7723,4444.7700,4413.6616,4421.0247,4404.0400,4117.3271,4210.6115,4537.3400,4322.5722,4326.6455,4573.1400,4308.3819,4163.9474,4377.5500,4466.5235,4100.1923,3518.8000,3301.6385,3292.7847,3310.4600,3325.4942,3270.4271,3205.9200,3257.9015,3266.2446,3244.6200,3356.9857,3395.7836,3392.5500
2025/3/24,3547.3049,3426.2475,3138.3500,3249.9381,3358.2974,3292.4400,3302.2653,3392.7582,3467.4700,3454.5951,3509.0944,3582.5100,3490.9715,3529.2374,3621.0000,3414.0960,3397.1726,3589.3900,3532.4597,3575.4188,3745.8600,3680.4055,3566.0666,3529.7500,3522.2311,3596.0756,3653.5400,3529.2316,3486.6306,3613.8400,3742.3779,3812.8581,3733.2100,3543.6731,4012.2596,4865.4600,5000.0326,4870.3025,4875.3600,4934.3439,4888.8394,4792.2000,4830.9265,4825.3536,4632.3100,4463.5294,5346.9590,6663.0900,6652.1887,6347.2065,6436.8600,6583.7501,6606.8355,6600.4100,6759.0704,6795.0967,6633.0400,6493.2216,6435.2836,6418.3700,6398.0621,6525.8473,6629.2500,6368.9222,6210.4998,6329.6300,6437.7258,6382.6403,6325.1900,6508.4906,6440.6898,6113.7400,6022.1070,5997.4417,5910.7600,5864.6834,6024.1867,6241.6800,6201.9838,6203.9876,6274.8500,6156.9558,6149.2398,6247.0700,6150.1276,6145.5637,6229.7600,6120.2709,6165.0898,6318.1600,6164.8453,6027.1362,6072.7300,6141.6538,6144.9399,6093.0100,6066.6271,6112.7859,6184.3300,6168.7270,6038.4032,5948.3300,6094.6884,6212.9072,6283.1900,6373.7375,5533.8845,4284.3000,4230.5114,4440.6569,4314.1300,4184.4487,4178.5788,4256.4700,4295.0170,4259.6286,4195.8400,4186.2630,4231.9802,4257.5200,4190.3301,4184.3411,4282.7300,4373.6821,4398.8808,4350.0300,4273.2297,4287.1604,4396.1500,4413.8708,3951.3892,3288.5000,3167.3872,3315.9137,3378.7100,3275.6494,3298.4495,3461.7600,3471.1523,3281.2175,3209.8000,3599.2507,3739.3863,3501.1100
2025/3/25,3443.9236,3493.8383,3455.7700,3294.3830,3397.8272,3596.5100,3347.4934,3237.2332,3467.7000,3630.9033,3587.2556,3539.3700,3742.7245,3632.8062,3331.6600,3528.5870,3639.5234,3562.1300,3746.1685,3648.9396,3351.5800,3526.2791,3711.2663,3725.6100,3814.0173,3654.6751,3391.2200,3530.4073,3603.7031,3478.6400,3515.4348,3692.5654,3751.0500,3563.3203,4009.3033,4846.5300,4920.1845,4891.0998,5024.5900,4913.4341,4895.6039,4984.7400,4850.7874,4843.7468,4905.0300,4743.0037,5395.4130,6516.2400,6623.5646,6536.1020,6623.0500,6451.6755,6522.3835,6816.8400,6746.6344,6494.2350,6380.0200,6543.7964,6667.5739,6585.4500,6450.6063,6604.5087,6871.3100,6732.3235,6527.2698,6450.6700,6364.6819,6270.5183,6313.3300,6551.4123,6319.9784,5794.9200,5846.2655,6048.1443,6048.3700,5946.4991,5998.8573,6163.9300,6177.8952,6205.4488,6239.7600,6109.9552,6099.5034,6182.5200,6068.4073,6090.2759,6250.3700,6193.9346,6097.0917,6114.2300,6198.6853,6152.0544,6036.8500,6106.4619,6197.7501,6229.8400,6260.6893,6159.3729,6074.1200,6288.4515,6338.8279,6154.0200,6108.9984,6049.4691,6061.7900,6269.0522,5507.8047,4200.0300,4047.4367,4262.8873,4262.3100,4266.4631,4326.8509,4364.7800,4308.5892,4409.8094,4563.1800,4406.4768,4286.3169,4341.9500,4379.1561,4420.9454,4401.6300,4221.2191,4213.6413,4413.2800,4513.4834,4484.3164,4421.4100,4357.1761,3897.6614,3316.3800,3326.8912,3340.3886,3252.2700,3505.2974,3497.4118,3242.5800,3384.6740,3558.0185,3492.4900,3312.6318,3276.7416,3349.4600
2025/3/26,3288.8805,3306.0397,3420.9900,3417.5274,3364.1381,3372.7100,3467.2932,3459.3230,3428.7600,3618.1982,3656.5683,3496.9300,3477.5912,3553.0041,3564.0000,3425.1431,3384.7203,3531.4000,3694.0152,3649.9934,3512.2600,3593.8321,3639.6896,3574.4500,3598.4311,3709.8803,3782.6500,3691.6039,3590.8352,3568.0600,3583.6263,3634.4963,3688.6000,3764.5812,4212.8615,4788.3900,4835.8651,4754.6690,4766.5500,4712.9763,4699.3312,4673.8800,4499.2631,4578.8759,4797.2800,4755.5924,5472.5309,6628.1700,6761.9518,6613.4811,6618.8200,6493.3474,6536.3504,6692.4200,6581.7090,6547.6185,6664.2000,6629.0095,6463.3227,6425.1100,6710.3908,6700.1916,6385.4800,6353.5406,6334.2012,6258.4600,6358.4359,6390.6269,6394.6100,6607.0190,6462.6711,6023.0100,5951.0528,6002.0443,5971.1900,5945.2629,6062.7113,6234.6400,6238.7782,6258.0051,6345.5400,6350.6519,6246.1870,6155.8800,6229.4864,6259.3438,6133.9700,5959.0957,5950.0520,6075.6800,6116.5241,6177.4974,6224.7900,6104.0872,6058.5762,6167.3200,6273.3891,6338.4994,6330.1600,6220.4890,6106.1178,6090.3900,6178.8045,6105.8196,6027.4200,6224.5339,5595.8524,4373.7000,4014.1263,4144.7513,4257.3500,4250.8743,4284.8226,4373.8900,4373.1856,4323.3693,4292.6300,4311.7268,4348.4381,4405.9200,4492.7112,4445.4771,4288.4900,4223.2387,4236.5575,4282.2500,4327.5529,4309.8898,4367.0200,4573.7748,3994.4034,3105.9200,3371.5985,3592.4973,3331.2000,3342.9919,3385.6484,3254.3700,3099.0997,3253.2478,3529.4900,3421.5241,3373.6128,3468.1400
2025/3/27,3344.1586,3275.9671,3378.7000,3462.5861,3424.9750,3375.4800,3513.0807,3652.0482,3633.4200,3484.0657,3460.9766,3576.6200,3620.9056,3688.3137,3772.6000,3744.4958,3696.0852,3612.1000,3415.9788,3424.0300,3582.9800,3540.3425,3602.9938,3742.2100,3606.1309,3554.1993,3707.0100,3812.7916,3820.3644,3759.2800,3677.8557,3595.7182,3525.4600,3556.2368,4048.9466,4685.8900,4733.2918,4748.9226,4933.0900,4913.9078,4781.5140,4671.4700,4642.2009,4741.6455,4730.7800,4477.4524,5321.3524,6779.6800,6909.2138,6651.3628,6600.3700,6422.5569,6420.2538,6565.8600,6490.2598,6447.7551,6529.2200,6547.0135,6501.7133,6515.7900,6667.8065,6599.4274,6383.9300,6472.6155,6666.5932,6693.8600,6494.1187,6452.1933,6604.7300,6590.3506,6300.5654,5953.2500,5888.3520,5910.8524,5897.7600,5926.6448,6039.4245,6187.7500,6275.8221,6333.2686,6398.7800,6456.5036,6374.6746,6211.4900,6179.1592,6230.6794,6240.0400,6143.1651,6157.6965,6270.8600,6239.8050,6107.5872,6044.6500,6169.3926,6197.6058,6107.4900,6138.4898,6132.6584,6106.0100,6240.7257,6288.0524,6198.3200,6161.6415,6097.9625,6087.3000,6166.0405,5347.6352,4108.5900,4026.8225,4241.5031,4193.9900,4197.5897,4325.3260,4468.0800,4450.0547,4282.4519,4168.6500,4328.0281,4477.7220,4447.6700,4323.5687,4249.6361,4274.6500,4336.8280,4364.9313,4355.9200,4360.2391,4369.9768,4481.0000,4698.5183,4242.5333,3362.6400,3161.2160,3260.9834,3311.4800,3359.6785,3403.5685,3473.0300,3583.4128,3513.7320,3355.6600,3369.5594,3037.5167,2463.4300
2025/3/28,2320.9786,2300.2059,2271.3100,2426.4493,2520.5839,2542.2900,2689.6893,2632.3772,2451.8700,2588.0122,2736.1733,2711.3600,2638.0194,2625.7735,2652.5100,2613.6794,2573.1105,2631.6900,2805.7165,2814.2387,2654.2000,2602.6318,2648.0655,2696.1300,2675.6271,2634.5434,2624.8100,2650.9856,2635.1093,2553.0600,2484.2122,2610.7381,2811.1300,2775.4737,2740.4525,2763.8200,2685.8708,2733.5420,2772.6000,2484.1964,2612.3842,3171.0800,3385.9999,3332.9401,3292.0800,3419.9139,3466.2616,3341.6400,3214.5523,3226.2888,3268.7600,3160.1097,3354.3972,3834.8300,4079.1469,4075.6445,4005.6600,4030.6422,4007.3351,3912.5700,3874.5244,3843.1499,3812.9700,3819.1441,3706.1103,3540.4000,3571.6937,3699.9985,3754.0000,3647.7443,3553.2313,3542.9400,3541.9547,3540.7209,3541.8700,3539.1373,3514.7443,3453.8700,3384.2605,3468.1296,3611.9400,3559.2673,3547.7232,3676.8800,3746.8474,3449.1660,3142.0600,3487.1799,3640.7441,3388.0700,3342.1335,3382.7193,3385.7200,3390.3079,3332.9492,3266.2800,3313.9704,3320.0285,3329.1300,3475.0713,3196.6906,2602.8300,2425.4662,2509.5689,2637.2300,2754.7298,2795.9308,2770.2700,2750.7858,2740.7747,2678.8600,2518.5806,2450.4240,2539.7400,2674.4471,2774.0237,2807.6600,2795.1401,2794.3116,2754.9700,2613.6915,2699.1351,2903.2400,2759.2968,2507.8797,2521.4800,2919.4909,3048.1933,2882.4900,2933.7001,2617.9805,2081.9500,2146.8148,2305.7589,2317.2200,2429.8391,2432.5393,2289.3700,2234.4039,2383.8318,2570.7100,2521.3545,2520.3952,2623.1500
2025/3/29,2589.6557,2483.2197,2397.6100,2385.5338,2522.0161,2633.2800,2474.0337,2503.1914,2688.8800,2550.9202,2473.6422,2591.0800,2632.3018,2601.4124,2571.2400,2598.2696,2689.2664,2717.7400,2557.2807,2545.3250,2681.3700,2627.8104,2516.2901,2526.6600,2686.4112,2725.4984,2652.3300,2730.6698,2841.4813,2854.2400,2759.6921,2677.1466,2661.6000,2656.8128,2553.5246,2457.3300,2590.4111,2740.9834,2766.6700,2755.4274,2975.6447,3299.2700,3317.8725,3250.5496,3268.2300,3323.0786,3334.0402,3266.6400,3156.2916,3103.0105,3116.8900,3161.5291,3420.6906,3773.9300,3864.2226,3822.8344,3747.4700,3628.1550,3650.2456,3769.0700,3753.2365,3738.6218,3766.9700,3731.7849,3688.5536,3708.2300,3795.6177,3805.4472,3694.1500,3571.6091,3594.3460,3667.8500,3561.3151,3530.7983,3669.9000,3778.4060,3644.3578,3405.0700,3420.4687,3547.3944,3574.2800,3426.5397,3326.6341,3432.2500,3666.9386,3600.6240,3386.6300,3565.6755,3580.9424,3367.9800,3432.7563,3484.3066,3430.3600,3488.2187,3499.3611,3471.1000,3559.7527,3481.4550,3313.2400,3380.2370,3143.1103,2717.8900,2790.2527,2845.1697,2682.6800,2617.1130,2534.2735,2520.4900,2794.9857,2875.9894,2683.4200,2618.1778,2681.1269,2712.6100,2608.9154,2682.7776,2808.4600,2578.4283,2594.4788,2893.4700,2887.3596,2772.9408,2758.4400,2821.2657,2801.0666,2737.8000,2816.8424,2881.9133,2851.2200,2777.9200,2610.7718,2398.8000,2297.1365,2365.5189,2474.2000,2427.4185,2409.5766,2413.1800,2268.8930,2292.3453,2408.5400,2298.2652,2676.9098,3416.1900
2025/3/30,3585.3895,3465.0542,3401.8700,3442.5030,3436.9109,3369.8700,3355.1763,3307.1261,3303.4000,3527.2127,3731.7044,3760.1500,3673.6402,3597.6209,3515.9200,3360.6918,3456.2810,3700.1700,3637.2646,3501.9869,3555.6200,3801.1019,3836.7545,3697.0600,3767.1986,3714.4513,3519.2800,3533.1298,3605.6048,3646.3800,3735.5579,3863.9169,3838.6400,3562.0452,3898.8625,4709.7400,4940.1401,4848.4716,4760.9700,4722.6222,4750.1522,4863.1700,5021.1177,4932.2560,4634.4200,4608.2702,5479.5958,6623.2400,6700.0241,6599.3664,6713.2200,6575.5296,6539.3852,6635.9100,6533.5695,6578.8417,6717.0000,6542.4762,6525.0544,6727.6800,6722.4770,6638.4247,6570.6400,6471.1273,6434.1096,6468.1100,6462.3277,6332.7466,6257.0400,6468.2135,6437.0782,6147.0600,6087.8811,5971.8933,5792.7100,5909.6271,6209.8956,6427.3200,6371.8818,6269.3525,6235.6300,6192.1931,6142.3268,6177.4900,6357.4173,6369.6605,6176.4300,6047.9280,6011.9412,6015.8400,6018.5574,6082.1919,6155.0400,6134.9351,6256.2836,6369.6000,6097.8973,6000.0006,6135.2800,6028.0217,5997.0363,6126.2900,6128.6759,6008.8420,6069.4600,6407.1470,5523.8501,4033.7800,4156.6135,4546.0436,4428.1200,4362.0889,4286.5260,4251.2400,4430.4078,4391.2769,4155.0300,4187.8389,4307.1701,4308.1200,4193.2663,4196.6477,4324.5800,4351.5932,4264.9445,4198.1700,4289.7784,4350.4858,4386.1300,4477.0050,3944.4895,3179.6000,3317.8290,3469.0704,3273.7000,3256.1171,3282.3089,3235.7100,3205.4797,3319.0710,3478.9200,3459.6003,3445.1320,3520.7000
2025/3/31,3575.6323,3535.3135,3438.2600,3405.9523,3477.7431,3524.1300,3378.1454,3300.4609,3402.8500,3549.5095,3645.7519,3649.2000,3581.8449,3559.1646,3556.2900,3461.8941,3459.8903,3534.9400,3493.7284,3517.9223,3600.7000,3536.0421,3457.6455,3484.6700,3575.5608,3476.0225,3328.1800,3537.0695,3775.2534,3750.0500,3511.6109,3557.8854,3760.9100,3633.5236,4123.3830,4951.3700,4819.3447,4675.8805,4878.3700,4814.2724,4664.9551,4644.7300,4757.0001,4872.0776,4760.0300,4446.3734,5166.1917,6456.7600,6538.4609,6324.1425,6425.3200,6520.5526,6543.1326,6519.2900,6493.7684,6509.8930,6559.2300,6581.6511,6520.6506,6448.2800,6497.6377,6543.8032,6535.8700,6527.2446,6438.7172,6379.1900,6545.4963,6612.0330,6508.0600,6445.7613,6235.1505,5986.7700,6031.7115,5983.3935,5759.7600,5704.0827,5900.3651,6203.4300,6356.5034,6301.2314,6231.2500,6375.4524,6326.2967,6085.6600,6065.8662,6053.4609,6021.7600,6165.4091,6188.0100,6157.6200,6397.9230,6331.2563,6067.7000,6295.8918,6379.5023,6130.4600,6016.1287,5975.8838,6005.1100,6196.6187,6260.6697,6139.0600,6053.4348,6032.3627,6163.4200,6359.1049,5475.5652,4095.3400,4056.2847,4301.2035,4175.5900,4098.5394,4182.5140,4275.9400,4183.1642,4212.3442,4369.4400,4349.9088,4317.8430,4339.9900,4313.1642,4322.7241,4306.9700,4153.1301,4296.9469,4548.8200,4296.2336,4252.6950,4542.4500,4496.0329,3999.0371,3386.9500,3141.6390,3132.5628,3203.5000,3303.4603,3287.2248,3161.2400,3107.8655,3290.4544,3501.1500,3359.9444,3240.7008,3355.0500
2025/4/1,3533.6798,3517.8857,3384.3900,3441.4736,3516.2152,3495.1600,3460.8055,3534.3082,3604.9600,3464.7512,3456.3326,3649.1400,3755.7525,3720.1325,3657.0300,3721.2293,3796.5755,3755.2000,3594.9611,3573.5703,3689.8300,3683.7295,3557.6456,3489.2500,3637.1468,3678.2511,3603.9300,3714.5927,3811.9562,3779.8600,3721.8078,3763.9951,3817.1900,3745.5140,4067.2984,4686.3900,4913.9211,4813.4345,4679.3400,4743.2678,4853.3288,4860.2900,4761.7679,4730.4729,4602.8400,4246.7219,5069.7692,6554.6300,6659.6122,6448.7010,6572.2500,6588.9467,6548.7570,6547.3000,6586.8644,6654.2857,6637.3600,6460.2444,6546.1638,6737.5600,6455.3831,6235.5787,6321.3200,6421.9147,6430.9430,6353.3300,6277.7473,6379.0884,6554.6600,6483.2456,6170.7138,5871.7400,5871.9402,5936.4601,5944.0100,5988.5195,6045.5193,6118.4800,6246.0043,6367.3693,6421.2800,6387.1853,6307.0438,6220.4200,6158.2086,6184.3490,6296.9100,6397.3922,6312.7276,6179.5500,6276.0000,6166.5718,5926.1500,6090.3974,6284.1228,6252.5700,6128.1362,6152.8902,6230.4100,6062.4013,5974.7181,6080.9700,6143.1195,6022.7264,6000.5000,6336.5099,5733.3842,4450.9700,4135.8954,4207.1100,4157.3100,4123.5962,4206.4474,4357.5500,4426.7036,4390.6541,4364.1800,4448.2096,4298.9028,4142.4600,4530.3180,4632.2187,4331.8300,4339.1640,4415.4298,4373.5100,4309.3064,4254.2983,4354.5500,4632.4817,4146.4189,3224.1500,3183.9747,3296.2885,3164.8200,3157.8491,3255.0662,3350.0200,3381.0437,3380.9403,3343.1200,3247.6868,3264.4125,3423.6100
2025/4/2,3564.2691,3521.3393,3380.8500,3389.0665,3437.3362,3422.3000,3364.8536,3389.1227,3491.4300,3530.9473,3439.5123,3420.8300,3703.6612,3651.7247,3384.1500,3629.9235,3702.1108,3514.0200,3675.2728,3747.1846,3613.5600,3629.3297,3662.4041,3660.6700,3729.6183,3777.2703,3778.2700,3797.4287,3790.0389,3749.3100,3741.2386,3845.6192,3895.5600,3730.7925,4158.1870,4933.0900,4953.4994,4839.4947,4911.5300,4848.0443,4732.8047,4664.3600,4662.4930,4798.4064,4874.3100,4722.6660,5358.0975,6492.1100,6730.1456,6631.9073,6613.7200,6514.6599,6455.1832,6455.6300,6407.9649,6396.5877,6454.5400,6530.0266,6631.7763,6652.7800,6457.3548,6313.3207,6369.3400,6518.3957,6529.6584,6438.8500,6472.0324,6446.4212,6302.9800,6188.7747,6155.6527,6165.0000,6134.4243,6062.8704,5968.0700,5879.1641,5877.9622,6014.4500,6239.7959,6304.7590,6247.1600,6328.3077,6363.8182,6214.1000,5988.8262,6124.1417,6432.5700,6289.3588,6113.0346,6100.5000,6055.3438,6151.6337,6275.4800,6115.5707,6090.5633,6255.4300,6240.3374,6171.6156,6162.6800,6167.9649,6085.0598,5959.5900,5940.2566,5954.0413,6068.2500,6279.8325,5587.2766,4398.8900,4221.7197,4347.0158,4305.3000,4336.9222,4286.8497,4147.6600,4120.3205,4216.8826,4376.9700,4503.3964,4452.1260,4313.8100,4350.9907,4524.9387,4622.7900,4455.3034,4300.7769,4296.0700,4326.5680,4316.6631,4371.4600,4546.2258,4080.1605,3274.3600,3248.3563,3356.1871,3220.1100,3128.8844,3143.3887,3264.4100,3441.6595,3419.3019,3301.2900,3421.7050,3414.2345,3279.0300
2025/4/3,3404.4367,3556.4034,3547.5800,3440.1538,3446.8411,3487.6800,3323.4861,3363.7072,3579.2500,3522.4089,3474.9267,3604.5700,3753.5575,3690.5563,3549.6500,3662.6189,3654.2405,3516.8700,3617.0482,3642.8257,3534.3600,3568.9366,3663.4271,3687.6700,3621.4279,3677.1914,3763.7700,3599.5918,3565.2856,3719.0500,3753.0740,3843.5132,3842.4900,3510.5986,3966.0518,4897.1400,4826.5362,4662.2762,4807.2000,4761.4706,4868.9657,5020.9000,4726.7144,4630.8862,4724.7200,4529.8272,5366.0635,6728.6100,6646.2541,6357.2852,6485.7000,6409.3216,6283.7892,6370.7100,6694.0091,6769.6013,6565.3400,6487.6573,6398.8756,6309.1600,6405.9511,6438.9461,6364.4700,6388.1768,6436.8648,6383.2400,6227.2061,6371.7196,6655.5200,6505.9918,6337.5504,6212.9300,5848.7140,5950.6398,6358.7300,6193.4308,6136.4168,6382.3000,6388.8044,6223.1259,6076.6100,6064.8845,6151.9067,6246.4000,6268.3212,6251.9555,6225.3300,6193.4394,6205.1403,6226.2300,6180.3469,6192.9761,6278.3300,6299.0125,6171.6456,6041.2200,6138.6573,6199.6307,6136.8900,6122.0984,6149.3840,6159.0900,6108.7002,6051.9449,6144.2400,6341.0169,5565.3326,4251.1400,4031.5419,4281.3447,4348.0000,4235.8037,4326.9451,4573.0300,4551.1107,4409.7397,4308.5700,4265.2477,4276.5272,4272.3900,4199.1545,4302.3920,4486.0600,4392.2642,4274.0120,4310.2200,4415.0422,4384.9126,4347.2200,4507.7911,4017.6934,3190.3600,3236.4626,3286.4671,3090.5500,3284.0945,3445.8627,3434.2100,3520.4130,3429.8708,3387.5000,3798.6716,3314.2471,2234.1500
2025/4/4,2288.9737,2593.8940,2517.3600,2367.6003,2469.1655,2635.2100,2422.4130,2354.9025,2574.7300,2677.9273,2599.9772,2494.7200,2554.6878,2629.0036,2664.5900,2722.2976,2595.5258,2395.7800,2465.3939,2538.3703,2564.6200,2756.2229,2894.1438,2856.3100,2739.4695,2677.3509,2743.0100,2883.0055,2825.0675,2622.1200,2607.4788,2718.5814,2771.2100,2648.9967,2570.6464,2602.1500,2618.5122,2672.3286,2744.7200,2788.6437,3092.2778,3437.0500,3280.6933,3126.5442,3130.5100,2996.5819,3059.7941,3304.9800,3333.7395,3265.4044,3167.2200,3026.5505,3234.4722,3705.6100,3917.1456,3911.9194,3827.9700,3735.9946,3650.5017,3637.1200,3756.5438,3801.7141,3733.1700,3694.5305,3628.6361,3604.9700,3765.8412,3840.7915,3764.0100,3733.5697,3763.2309,3803.5000,3801.1562,3744.4001,3660.3300,3599.9571,3593.0702,3588.5300,3502.6989,3420.6370,3412.3900,3476.3082,3556.3000,3589.5400,3533.5062,3404.9275,3303.3200,3338.0348,3390.3723,3392.6500,3382.3378,3382.6037,3416.3400,3498.0856,3588.9333,3589.9400,3423.7138,3281.4535,3328.4700,3483.5437,3101.6346,2492.2600,2622.2852,2752.1912,2663.0300,2843.6895,2808.8258,2528.8500,2528.7207,2711.5225,2802.2600,2640.6957,2567.9188,2664.8500,2690.2876,2655.6205,2603.8900,2583.7458,2790.1296,3021.0200,2857.2651,2724.8048,2762.8600,2711.2479,2712.5881,2774.0400,2740.5157,2764.8267,2855.2000,2823.8760,2602.8081,2311.0200,2176.4666,2238.7235,2365.9600,2387.1486,2451.4929,2484.0900,2279.6857,2303.3384,2501.0000,2372.9040,2366.5040,2489.4700
2025/4/5,2313.0806,2365.1609,2633.7200,2544.9417,2409.2532,2440.5700,2542.8499,2682.0373,2773.8900,2713.1661,2587.3470,2524.9600,2604.5206,2734.0178,2731.9100,2499.3013,2435.0377,2590.0200,2635.3727,2612.3730,2607.0500,2650.6745,2762.5472,2848.7600,2776.9512,2698.6254,2711.9800,2776.2071,2797.6878,2699.4000,2510.2662,2549.3627,2754.2800,2739.1478,2635.6066,2630.2000,2771.2636,2877.3400,2828.5800,2705.6501,2892.2079,3247.2100,3223.8729,3043.8415,3008.9000,3189.1723,3220.8009,3052.5000,2979.9759,3007.4886,3053.6700,3114.7372,3500.5148,3931.6600,3777.6073,3644.2885,3788.6700,3862.6925,3767.2435,3639.7900,3682.2592,3697.4551,3640.3800,3663.4388,3695.1944,3646.5500,3516.0183,3480.7463,3592.7500,3713.8605,3640.1582,3554.4600,3808.9551,3859.6880,3653.5900,3672.1425,3674.1857,3605.1500,3694.4976,3811.9635,3841.7200,3772.1062,3583.5531,3466.9900,3652.2200,3696.0233,3579.5400,3706.5823,3802.8142,3668.4300,3418.2578,3404.0709,3598.1100,3640.1279,3580.0446,3485.5000,3361.1994,3313.8523,3369.5200,3397.2887,3092.1842,2682.6000,2732.6836,2864.6825,2866.4000,2875.4050,2807.6373,2717.9500,2767.8877,2761.4056,2657.3100,2625.1542,2686.8653,2713.7800,2580.4096,2600.1152,2793.3100,2854.0282,2787.0888,2697.1600,2676.3414,2698.3080,2768.5800,2903.5064,2926.2443,2840.3000,2813.0351,2758.3580,2715.9900,2804.8108,2712.9214,2459.3400,2374.2144,2284.3740,2228.0400,2421.5028,2450.1777,2309.1100,2415.0235,2590.6358,2588.2600,2412.9682,2701.8787,3305.1300
2025/4/6,3398.2558,3227.2196,3147.4800,3267.9976,3393.6977,3437.4900,3473.1216,3490.7026,3493.3300,3523.9871,3634.4974,3716.6700,3592.7704,3449.4025,3456.7000,3601.9049,3596.5383,3505.5600,3643.0432,3656.7075,3520.4900,3582.1169,3698.9506,3696.1900,3584.2474,3705.0399,3895.9300,3685.2851,3672.6118,3858.3200,3656.3465,3593.4391,3697.1600,3535.9553,3932.7751,4736.6700,4873.9254,4746.3565,4727.0200,4778.3406,4864.5044,4880.7200,4755.2396,4818.7235,4922.1000,4746.0718,5522.1592,6763.2700,6636.5507,6320.8496,6495.7000,6655.5218,6658.9633,6534.6900,6385.7900,6348.7465,6464.9000,6631.7496,6597.1731,6405.7000,6350.6733,6390.3433,6426.5700,6411.7876,6376.7485,6375.7100,6425.2798,6385.1019,6318.9900,6399.9963,6286.8023,6018.8000,5978.3539,5890.1547,5726.3400,5780.4560,5963.0517,6114.6600,6168.9305,6295.9251,6388.4700,6184.9123,6124.7325,6258.2900,6191.0110,6021.6347,5993.4600,6225.7624,6301.9058,6129.1900,6024.3758,6099.8955,6187.8500,6055.6973,6083.9195,6233.9000,6097.3551,6062.1921,6166.2100,6056.1417,6017.5037,6072.9800,5967.8866,6030.6038,6239.6100,6091.9947,5202.5939,4171.9300,4097.3506,4287.9711,4220.3500,4073.8549,4304.3575,4635.1900,4356.0893,4165.8506,4310.8300,4356.6528,4390.1140,4417.4600,4322.4885,4359.0679,4437.9900,4247.8692,4304.7224,4518.8800,4284.0052,4170.0516,4448.4900,4685.4915,4091.5633,3146.0000,3146.9197,3303.6666,3205.5000,3226.1185,3221.1699,3180.0100,3281.8264,3380.2685,3433.9100,3514.6659,3408.5548,3237.2300
2025/4/7,3358.3526,3452.3790,3378.9800,3314.2059,3290.9159,3378.2700,3612.0281,3613.1385,3414.4000,3434.5854,3571.5219,3603.2200,3439.3106,3431.3520,3582.2600,3573.2617,3618.4533,3702.4700,3582.6997,3561.1996,3688.2100,3695.3893,3610.6918,3597.8600,3766.5956,3798.7996,3677.9300,3680.3052,3630.4802,3539.2500,3629.9352,3761.6182,3707.3500,3469.0141,3874.7464,4693.8700,4832.1926,4777.0045,4842.6300,4825.5834,4778.5127,4788.3700,4859.2630,4815.5534,4599.1100,4460.1367,5178.0162,6389.1300,6828.7119,6714.6323,6494.0100,6407.1911,6484.7431,6608.5100,6624.9376,6624.2720,6609.6900,6507.4965,6517.8083,6567.6200,6395.7425,6342.0481,6466.9500,6470.6085,6352.6883,6341.1000,6597.6548,6467.4574,6048.0200,6089.8526,6147.9856,6045.8200,6060.8498,5992.1932,5884.6000,6000.3888,6009.2794,5961.6100,6238.5587,6431.7541,6350.4000,6214.8709,6197.0395,6226.5600,6111.5122,6063.0700,6111.6500,6077.8590,6072.1829,6123.3600,6123.0497,6047.6707,5981.2500,6029.2710,6051.4316,6007.6100,5993.6729,6002.3331,6069.7800,6203.5587,6041.6471,5793.5400,6025.7184,6113.4025,6026.4200,6207.5299,5478.7578,4213.7600,4113.2072,4356.0324,4311.0800,4200.3000,4271.8885,4354.0200,4091.7071,4036.0489,4273.3000,4333.3953,4301.1028,4323.4300,4410.1155,4367.8884,4172.0300,4022.4779,4131.2632,4415.0500,4528.0355,4283.4360,4104.5400,4509.5327,4208.7425,3292.8600,3189.7670,3349.8702,3345.7700,3349.9009,3385.6594,3402.3400,3374.1226,3477.7579,3569.0000,3335.9101,3259.2054,3465.8200
2025/4/8,3587.5611,3506.7353,3330.6300,3278.6424,3387.2104,3499.3800,3425.8775,3417.7120,3514.9400,3523.3079,3588.4294,3639.5600,3448.8729,3363.2846,3503.5000,3633.6542,3594.6610,3479.7000,3522.8945,3610.2324,3628.4400,3572.6050,3509.6139,3512.1000,3609.2421,3704.7096,3749.7900,3754.7722,3658.4556,3562.7100,3643.4915,3657.8179,3527.9200,3508.1638,4055.0069,4792.7800,4856.6962,4906.0016,5122.7800,4998.5912,4731.2190,4635.6300,4836.5175,4983.3971,4841.5400,4604.9238,5186.9488,6307.9900,6699.2279,6607.2797,6467.2000,6454.2649,6524.7367,6540.9600,6422.9451,6467.6265,6624.6500,6547.4305,6460.0367,6453.6700,6401.7697,6418.2293,6451.5100,6331.4161,6312.4654,6412.8200,6389.9619,6334.5466,6326.6200,6303.3550,6043.7577,5801.3600,6041.6657,6066.7277,5806.6700,5906.5448,6177.6649,6322.6600,6249.5594,6232.9099,6286.5300,6179.6062,6099.9136,6173.4900,6309.3810,6246.2375,6059.6500,6082.5732,6172.8579,6204.3300,6190.6676,6150.9362,6140.0500,6195.2012,6150.0941,6049.0700,6094.1965,6085.4705,6052.6500,6211.1396,6209.1547,6069.3300,6164.0900,6206.4148,6214.3200,6362.3103,5623.9823,4386.8700,4197.7442,4391.8747,4395.1400,4319.7636,4360.2031,4414.0500,4233.0926,4203.2234,4342.9600,4302.6853,4357.0968,4479.0300,4348.4662,4308.9685,4419.4700,4385.9216,4321.1736,4361.5600,4499.9220,4502.8100,4415.1900,4410.0169,3885.5832,3173.0000,3282.4699,3457.3740,3338.6600,3321.9157,3414.1449,3507.2200,3512.7592,3455.5159,3380.5500,3338.3496,3423.9481,3528.4900
2025/4/9,3448.2221,3443.9852,3525.0200,3436.7318,3342.0390,3339.5600,3383.2538,3529.7474,3643.1900,3512.0151,3480.7501,3552.6500,3406.5624,3339.4489,3464.3500,3587.4506,3662.4409,3681.6000,3643.1193,3577.5910,3534.9500,3566.3344,3679.1389,3786.0300,3773.7199,3754.7657,3785.0900,3803.7622,3740.7526,3576.2300,3395.5960,3478.2104,3648.7900,3535.3410,3935.0046,4707.3900,4854.1444,4858.4092,4950.0700,4868.4977,4915.0904,4976.0300,4650.8250,4598.8654,4742.2600,4517.3432,5344.8997,6736.9900,6644.6723,6372.4108,6582.1700,6604.3482,6471.4520,6380.2600,6427.2253,6428.2883,6345.8400,6323.9698,6367.1486,6412.5800,6397.6920,6378.3709,6386.1300,6403.7824,6434.8373,6448.3100,6402.1430,6369.3402,6413.2500,6486.5607,6277.6838,5930.6800,5929.7896,6041.7495,6006.1500,5831.2915,5942.1349,6266.7000,6300.8255,6203.1176,6168.0900,6210.6566,6182.3034,6111.0300,6167.5132,6235.1106,6247.1500,6244.3183,6201.4750,6108.0900,6015.7719,6084.6447,6266.9900,6341.7475,6330.3670,6258.7700,6151.1688,6237.9704,6303.4200,5928.1329,5833.3656,6160.5500,6310.0948,6211.0870,6182.9100,6400.5985,5563.7714,4189.6200,4207.4734,4492.2629,4352.5000,4228.7174,4204.0807,4247.5400,4308.8510,4311.1691,4270.3400,4272.2658,4289.9521,4352.0100,4497.9315,4486.3528,4352.7900,4377.4809,4432.7565,4406.0300,4319.1719,4247.7388,4265.5200,4336.3188,4064.4352,3533.1500,3276.0474,3346.7562,3528.1000,3525.9644,3324.1957,3147.1800,3259.2577,3416.6808,3472.9300,3490.4170,3463.6071,3385.2800
2025/4/10,3293.9067,3331.0825,3470.6600,3546.0099,3595.4731,3564.8200,3369.3096,3365.8286,3566.5000,3626.3037,3596.2886,3575.6500,3577.6828,3504.5661,3434.3700,3538.8741,3568.4351,3529.0100,3658.0465,3684.7773,3629.8900,3765.3903,3703.9705,3466.9700,3498.5172,3628.5669,3689.6800,3701.3833,3772.7711,3845.0600,3768.0179,3759.9726,3688.0000,3332.0954,3826.9153,4856.4400,4890.7979,4685.8310,4773.4200,4895.9806,4905.1723,4840.8100,4854.1023,4925.5986,4793.9200,4409.7025,5255.9164,6787.0000,6855.2097,6510.4268,6518.3800,6581.1318,6590.9016,6601.7300,6694.3545,6660.9505,6515.7700,6482.6408,6449.5942,6382.6000,6389.1497,6479.7421,6580.8300,6582.6290,6467.3864,6355.9100,6384.5747,6312.3734,6257.9400,6530.8889,6426.9349,5965.5400,5884.2250,5882.2161,5806.2900,5864.1180,6034.5552,6218.1300,6311.0035,6264.5400,6193.1100,6266.2797,6287.2887,6170.6100,6044.7698,6066.6492,6169.3700,6154.2080,6197.2971,6294.2500,6242.7461,6150.7368,6093.3400,6056.0059,6114.1709,6250.7100,6338.5334,6282.1534,6137.2700,6069.4124,6111.8627,6183.0300,6151.9136,6018.7443,5996.4200,6172.4758,5493.7083,4362.9100,4298.1704,4358.8832,4169.7000,4294.2048,4288.9520,4209.7200,4557.6790,4601.8015,4269.9000,4245.3279,4342.3809,4373.1800,4356.4340,4243.2677,4176.8700,4368.1164,4470.2372,4390.0700,4353.8274,4296.4963,4363.5200,4689.9914,4285.5493,3385.3200,3266.9475,3366.6442,3293.0000,3242.5937,3173.7173,3138.9000,3277.9919,3440.7266,3502.1000,3394.8765,2909.0874,2353.8900
2025/4/11,2343.2886,2501.1142,2517.2400,2430.0395,2388.0836,2449.6500,2570.4404,2745.3800,2803.2300,2550.0696,2390.8372,2442.6400,2454.8209,2460.0756,2485.6400,2487.2510,2461.8185,2477.9200,2616.1923,2764.8719,2792.8700,2687.0937,2767.1439,2945.5900,2823.8591,2703.7101,2734.6200,2760.2758,2735.5331,2722.5800,2800.6321,2821.8265,2770.6000,2781.3692,2830.3825,2886.8700,2944.8353,2959.9812,2901.9200,2814.5252,2928.9145,3196.5100,3310.8343,3240.3863,3062.4000,2922.3169,3071.1503,3293.6400,3135.9730,3124.0121,3233.7100,2999.3578,3326.4962,4037.6500,3989.4649,3873.4900,3944.1300,3766.3898,3767.3354,3988.0000,3971.3975,3722.0299,3532.5700,3698.6195,3873.3509,3778.8300,3488.6103,3524.8064,3789.1600,3688.3062,3553.7588,3624.6100,3756.8127,3625.3198,3430.0900,3650.3155,3654.8840,3420.8000,3542.0735,3544.2485,3385.5000,3526.9507,3621.6144,3528.9100,3461.3380,3384.9724,3340.0200,3422.4836,3403.7444,3278.3700,3280.5469,3377.7287,3429.3200,3338.7472,3324.2994,3382.1400,3312.0895,3324.0025,3514.4600,3674.8756,3290.7226,2646.0700,2585.2397,2720.5808,2749.6300,2761.4457,2797.2130,2816.2800,2737.6425,2584.6826,2499.2100,2640.9271,2873.4893,2958.9200,2778.5861,2772.2165,2940.0900,2858.7085,2717.0628,2642.0700,2576.0638,2602.5298,2688.8200,2687.8639,2612.8982,2577.5100,2697.7544,2864.3205,2890.2800,2666.0966,2462.3317,2371.8800,2297.8571,2455.7906,2684.0500,2542.1625,2300.5688,2258.7200,2464.0984,2585.3348,2516.7400,2449.9854,2483.9475,2521.9000
2025/4/12,2403.9977,2381.2075,2528.8300,2653.3117,2615.1578,2486.5300,2452.6948,2383.9520,2362.3300,2595.6624,2648.6165,2469.4200,2440.2380,2493.5366,2552.9800,2622.1201,2594.5148,2540.1800,2632.9596,2656.8435,2648.3400,2830.9908,2792.8067,2534.1300,2487.4388,2523.2076,2587.8800,2756.6348,2745.8342,2575.5500,2573.9116,2714.2707,2795.8800,2665.2662,2661.3296,2770.5300,2644.6634,2495.2693,2512.9900,2680.8609,2825.2077,2949.8800,3174.0546,3234.3951,3126.4500,3110.9160,3089.8993,3061.1700,3152.9624,3258.4586,3210.4800,3014.6625,3320.4264,3902.0100,3860.0730,3717.1383,3718.4500,3613.3134,3720.4248,3976.1200,3929.5931,3708.1406,3578.5800,3664.1394,3583.7565,3437.2800,3688.7918,3854.9629,3734.8700,3618.4998,3649.5868,3788.8400,3875.8050,3833.3882,3727.0800,3689.6451,3648.7045,3628.2900,3716.9317,3679.5997,3529.0000,3512.0057,3499.5793,3457.9400,3502.3919,3574.8630,3611.3600,3601.3209,3585.4339,3518.8100,3354.4738,3408.7162,3630.0200,3626.5503,3483.8866,3409.2300,3503.6618,3476.8638,3439.9600,3693.9946,3361.5871,2606.1800,2525.1331,2615.6911,2594.5700,2724.4450,2914.3124,2964.6900,2758.8746,2555.6875,2527.1000,2624.7619,2650.7459,2558.4700,2489.5832,2581.7372,2744.0500,2747.4952,2708.1460,2734.1400,2812.1979,2836.4816,2823.6200,2856.9236,2726.1473,2553.1200,2691.5711,2811.8416,2800.5500,2829.3878,2662.8609,2389.6300,2358.4780,2261.9486,2176.3700,2481.3823,2592.0618,2415.1700,2434.4428,2491.8300,2395.2500,2239.2003,2678.9622,3430.3200
2025/4/13,3500.9734,3357.2133,3343.0200,3352.3042,3462.7826,3550.1300,3391.9011,3365.7303,3516.6700,3527.9305,3562.4411,3579.4500,3386.8987,3471.7919,3778.0600,3719.9071,3458.5394,3351.7600,3579.9749,3635.5127,3507.6900,3634.8418,3601.5690,3370.1800,3374.8235,3543.6766,3686.3800,3674.5283,3573.0818,3578.9400,3814.8135,3796.7212,3458.9200,3325.9540,3954.1144,4853.1300,4913.9421,4719.5909,4703.9500,4754.3167,4897.6473,5000.2000,4853.6050,4739.5223,4619.1400,4365.2423,5187.5863,6582.7400,6693.9151,6419.2538,6436.7100,6532.1266,6645.5588,6692.1300,6591.2697,6562.0309,6615.2300,6555.4437,6492.3009,6482.9000,6461.6064,6405.0615,6428.3000,6625.3383,6529.4835,6189.1100,6157.4735,6377.1338,6546.8200,6398.2064,6125.4131,5923.1000,5858.9660,5951.6651,6091.0200,6125.6269,6200.2201,6299.7000,6248.8849,6169.9739,6195.1100,6318.2658,6267.2144,6125.6600,6237.2042,6313.7953,6262.8100,6281.6185,6298.4132,6232.7900,6089.8308,5964.7686,5945.9400,6052.1298,6144.9649,6185.1000,6218.9258,6098.8776,5971.0100,6144.7457,6229.0253,6121.3300,6099.3117,6100.2031,6167.6900,6293.4938,5542.8354,4297.2300,4000.5350,4166.0286,4270.8000,4271.4764,4192.8279,4161.4700,4311.9866,4454.5872,4393.9100,4137.1885,4166.5010,4410.7900,4340.9789,4264.2336,4346.9000,4434.2540,4513.6932,4552.6500,4486.0673,4359.9587,4324.7500,4431.3285,4068.6237,3372.9700,3145.8083,3201.7423,3272.7700,3301.9407,3370.6788,3382.5300,3169.2671,3100.2909,3283.2800,3442.2471,3373.9239,3207.2800
2025/4/14,3253.7645,3329.3189,3425.0400,3671.1493,3580.7731,3331.8000,3584.4994,3677.2051,3472.8000,3503.5874,3539.1281,3509.5300,3608.0738,3648.6000,3591.3900,3606.6356,3717.2274,3772.6300,3601.6687,3475.3233,3528.4600,3640.4692,3669.4767,3656.2500,3727.5402,3632.8240,3473.7300,3630.4228,3814.6314,3826.3600,3738.8250,3670.2040,3596.1200,3523.2755,4131.3197,5016.1000,4985.8397,4687.2300,4652.8400,4807.1813,4992.8451,5043.9500,4891.9111,4816.7081,4766.5200,4591.9890,5348.9577,6575.0900,6639.4115,6484.2106,6611.5100,6567.5751,6484.6245,6527.7900,6671.9435,6650.4183,6517.2600,6573.7073,6603.3366,6538.9000,6528.8181,6462.0330,6362.0600,6390.1971,6450.3889,6419.0900,6258.1187,6112.6674,6132.7400,6310.4745,6199.3984,5936.4100,6081.0426,6139.0424,5936.2000,5856.9615,6133.4188,6439.5700,6215.7263,5998.4631,6080.2400,6238.0254,6291.4209,6288.0100,6397.9540,6443.1506,6331.1400,6159.7727,6082.8926,6150.0800,6271.2154,6270.8533,6138.1900,6041.3138,6115.0634,6255.5200,6216.4431,6094.3855,6038.0400,6101.4228,6114.3632,6084.1600,6151.9347,6084.3993,6070.2500,6366.9113,5537.7640,4074.7600,4021.7985,4259.7968,4225.5900,4464.1751,4494.1699,4273.8500,4286.1412,4285.4700,4251.3300,4431.5940,4503.6610,4362.7800,4239.1401,4238.5110,4339.0800,4417.9902,4330.1449,4200.5900,4286.3363,4296.4448,4321.7800,4627.6808,4162.9254,3197.1300,3138.0170,3351.8678,3335.7500,3238.9110,3180.9380,3243.6400,3415.8745,3424.5913,3328.0600,3427.2534,3427.0738,3317.7500
2025/4/15,3393.4435,3422.0494,3326.5200,3277.6123,3272.8760,3294.1900,3362.4668,3523.2995,3643.4000,3538.7245,3538.7320,3595.3200,3377.4413,3418.2360,3655.6900,3488.6277,3400.6198,3569.8300,3660.0534,3620.8208,3500.7300,3393.6544,3476.5039,3644.6900,3590.7695,3407.0652,3359.3800,3609.5628,3651.0610,3453.0800,3488.6969,3669.8969,3714.5000,3536.1652,3963.9241,4798.9200,4953.3688,4797.6279,4736.1600,4795.6686,4869.3788,4834.0400,4662.4303,4641.0984,4727.7200,4732.9139,5444.6742,6464.6900,6506.9404,6429.5858,6608.0900,6555.5697,6463.9032,6480.8200,6527.8343,6523.8899,6422.9800,6261.5417,6261.1172,6420.7100,6512.1648,6477.3185,6413.3400,6451.6071,6431.7431,6368.2100,6420.0451,6346.0817,6198.9600,6265.6599,6203.8148,5956.8400,5854.3676,5969.7805,6052.5400,5839.5564,5994.3280,6437.0700,6394.0945,6212.1089,6189.2700,6245.9045,6166.2336,6105.5000,6383.7135,6408.8207,6133.0300,6085.3965,6016.1979,5940.8800,6173.5651,6364.1962,6326.0600,6205.9485,6142.0204,6164.0100,6197.7763,6166.6315,6053.3900,5944.6328,6086.3260,6316.9000,6209.0493,6052.4283,6160.8600,6405.3208,5609.1188,4241.6800,4045.5573,4265.1814,4283.9400,4251.0261,4240.9837,4298.1700,4421.7596,4451.8556,4417.2900,4489.9329,4506.4512,4365.1300,4160.6563,4166.3512,4351.4700,4421.2576,4413.0696,4445.6000,4536.0825,4349.0696,4169.4900,4534.1453,4229.4641,3327.3100,3159.5921,3204.1796,3116.9000,3158.5896,3359.4711,3487.1000,3288.1130,3194.6486,3315.4400,3339.4748,3267.6106,3253.2700
2025/4/16,3410.4015,3436.4279,3331.5300,3404.8125,3569.9770,3626.0000,3472.6049,3441.1569,3585.9800,3658.2806,3727.2838,3722.5200,3493.7597,3443.2045,3607.3700,3623.7613,3556.7435,3535.3200,3598.1924,3619.0113,3558.0200,3527.5206,3720.0995,3923.3700,3724.8911,3582.8946,3639.0500,3608.4853,3642.8681,3716.8000,3633.4756,3657.0041,3670.6000,3410.5419,3945.8265,4935.1900,4902.4535,4775.6727,4924.4200,4784.0085,4743.7165,4897.3000,4883.8720,4715.2121,4579.0000,4744.7448,5472.6893,6344.3600,6555.0904,6445.6402,6376.9100,6401.2986,6434.3295,6418.8800,6371.4561,6368.1512,6484.1500,6685.7564,6590.6374,6326.4600,6406.6034,6515.8033,6500.0200,6514.4112,6458.9219,6342.6100,6297.8652,6250.8309,6269.1300,6451.7897,6278.2432,5861.1600,5869.6996,6046.2392,6083.1700,5971.1100,6106.7242,6410.7900,6389.6323,6193.4802,6150.9800,6419.3515,6455.6652,6225.0900,6208.6327,6228.9076,6193.2800,6221.7606,6261.1150,6293.9000,6342.8254,6274.9724,6178.2800,6266.2715,6233.0690,6116.0800,6259.8400,6346.9981,6198.9100,5982.4733,5991.5214,6147.9200,6107.7703,6056.8326,6124.5000,6108.9558,5314.3230,4244.0600,4181.2289,4289.3530,4210.3000,4399.1332,4492.7187,4366.9100,4292.5833,4300.5948,4333.8800,4334.7206,4330.6797,4285.0200,4153.4999,4188.6861,4339.1700,4302.2366,4277.4119,4388.7600,4518.7195,4425.7265,4334.2400,4589.7469,4118.4972,3209.2800,3278.8706,3414.5633,3233.4100,3298.1433,3437.0834,3444.1700,3330.6857,3320.2306,3450.0000,3544.9151,3534.4176,3440.0200
2025/4/17,3350.8639,3366.7120,3439.4600,3440.0268,3504.3037,3598.9100,3541.7057,3496.5862,3544.3100,3594.8277,3568.8460,3504.9700,3518.4631,3576.0132,3561.6500,3423.1922,3515.0551,3710.5600,3544.9421,3504.9958,3661.7600,3610.1380,3657.1594,3759.3800,3545.1867,3449.9355,3584.5400,3629.1405,3660.9627,3677.8500,3578.4373,3586.4833,3644.0000,3559.9842,4021.2592,4793.0200,4867.7884,4709.6724,4751.3000,4946.1276,4994.6240,4899.3100,4932.4427,5001.0046,4890.9300,4652.5724,5414.7909,6705.5200,6827.5423,6624.6835,6648.2900,6592.6663,6513.4983,6484.2500,6496.2278,6540.9738,6540.7100,6417.1268,6360.9325,6402.8900,6403.4734,6447.1889,6524.6300,6525.4713,6536.7669,6499.8500,6271.6042,6145.3615,6236.4100,6354.7892,6261.7595,6049.4400,6008.3010,5883.0064,5739.6100,5944.5884,6230.0378,6397.1500,6453.6365,6313.3159,6116.1200,6144.7011,6248.4314,6265.9800,6187.2250,6194.3264,6266.0700,6201.7535,6084.2702,6074.2800,6224.4835,6164.7929,5999.8100,6180.7516,6251.7234,6164.2700,6306.6975,6277.7308,6057.5300,6059.4087,6097.1871,6087.0900,6139.6290,6118.5710,6072.7600,6075.1253,5358.2516,4346.4400,4317.8731,4393.8817,4183.1700,4182.3479,4278.6113,4355.6600,4431.7146,4426.6448,4343.1900,4295.4715,4395.3728,4505.2600,4379.5312,4316.1719,4397.5600,4403.5026,4322.8039,4254.3800,4307.0742,4415.8314,4523.2600,4519.7100,3922.6203,3134.9800,3115.2555,3164.6968,3029.9400,3163.4624,3366.6094,3434.7100,3360.7568,3263.2736,3295.0500,3437.0170,3014.3356,2337.2200
2025/4/18,2427.4102,2591.1373,2479.8400,2441.3138,2465.0682,2513.6700,2589.4467,2575.5742,2481.6600,2457.6895,2578.5747,2703.6300,2623.3893,2619.2043,2767.9400,2858.9231,2848.5164,2734.9900,2572.3546,2632.0805,2799.0500,2703.5883,2700.2686,2840.7100,2806.3806,2746.2447,2764.2900,2792.3670,2747.9364,2666.5400,2661.6651,2681.7911,2691.3400,2707.8296,2725.8383,2704.5600,2618.6635,2612.0252,2672.7400,2673.2781,2804.5978,3052.3000,3174.9465,3173.5439,3157.5400,3206.9679,3122.9320,3032.7200,3251.1241,3285.9635,3090.4700,3156.1636,3511.5328,3831.5300,3773.7440,3819.5862,3994.7700,3854.8822,3717.7490,3780.3400,3902.6571,3882.7699,3758.7700,3735.5802,3686.5650,3607.0400,3630.3878,3620.3787,3565.9300,3597.1143,3633.1844,3626.9200,3618.4133,3639.4680,3626.7300,3501.1246,3476.5545,3554.5900,3527.8529,3490.9517,3422.0700,3230.2971,3301.8114,3534.1200,3442.6947,3431.7003,3599.1800,3595.6860,3427.4546,3324.0900,3497.0451,3588.8723,3507.5100,3498.6935,3524.0637,3488.3300,3361.3507,3292.1095,3312.1100,3277.3729,3004.7532,2633.8100,2530.5031,2640.3872,2728.6400,2614.7201,2604.2493,2726.4400,2723.7918,2773.1552,2851.5600,2743.7378,2701.1937,2749.8600,2674.4124,2665.1487,2740.8300,2711.0521,2652.0927,2627.6200,2627.8720,2676.7657,2764.7100,2825.0144,2743.6108,2615.4700,2641.1520,2581.7674,2537.6100,2809.8003,2736.5201,2311.7200,2209.1383,2227.4519,2201.6500,2208.9966,2239.3465,2335.8000,2524.9289,2475.9015,2239.7100,2211.4916,2283.0138,2401.1500
2025/4/19,2602.7429,2560.8940,2331.6900,2329.7686,2496.9372,2579.4200,2396.6392,2329.8171,2456.1300,2494.4921,2510.3605,2625.1900,2841.9234,2848.7920,2647.2700,2546.3438,2522.4649,2545.1100,2621.5105,2600.4897,2572.9000,2756.3861,2770.4383,2644.6500,2754.1650,2639.5461,2404.6400,2636.4071,2771.3433,2621.7200,2577.0795,2648.8552,2759.6100,2828.1239,2717.3392,2536.7500,2582.6881,2844.8572,2974.9900,2664.3223,2746.8902,3230.3400,3295.9185,3259.5424,3290.5000,3212.8360,3225.2741,3294.3100,3195.3238,3239.8422,3366.7000,3235.3632,3392.9875,3788.7300,3802.7507,3816.8831,3916.1200,3787.8042,3736.1176,3818.7000,3777.1590,3710.0725,3664.9500,3589.1691,3600.0060,3660.8200,3618.5331,3634.7616,3690.5700,3619.3881,3690.4373,3846.3300,3749.3353,3679.0373,3732.2800,3721.5831,3685.2559,3620.3700,3470.6635,3369.6482,3438.8600,3644.2509,3597.0059,3398.8900,3511.2810,3542.6841,3407.5700,3442.3730,3569.2155,3600.9600,3454.3493,3443.1930,3569.2200,3531.9806,3458.4490,3376.5800,3196.6883,3185.3792,3365.5000,3433.6575,3138.3679,2615.7100,2329.3455,2545.2875,2921.6600,2830.3786,2694.5382,2714.8700,2673.9414,2641.2804,2641.0000,2616.4462,2671.3407,2796.8000,2851.6119,2785.9618,2677.5800,2649.3269,2601.5142,2581.0700,2728.5419,2762.0785,2671.1300,2714.4188,2721.9316,2656.1800,2678.1521,2766.3297,2830.1400,2767.8037,2527.8398,2347.6400,2532.8272,2582.8241,2364.6800,2243.5977,2284.2438,2371.9200,2348.9609,2275.5980,2221.9100,2282.2492,2798.1559,3429.1200
2025/4/20,3406.0222,3206.3349,3255.0000,3499.7272,3495.4072,3309.7000,3421.4067,3540.8134,3508.1200,3467.8757,3465.7470,3486.3900,3512.4229,3636.9539,3706.5800,3474.9338,3397.4504,3554.9700,3581.1270,3531.9228,3550.9400,3689.7950,3739.6251,3677.7200,3669.3215,3633.7526,3569.4400,3601.6298,3778.9693,3890.3400,3684.0189,3668.3357,3777.7100,3552.0459,3954.1020,4825.5000,4959.8518,4872.7292,4910.0800,4857.1593,4724.7232,4644.2700,4734.1515,4835.3889,4846.9900,4935.5189,5767.0863,6792.0200,6692.7219,6396.2135,6478.7700,6613.6485,6581.0972,6484.7400,6593.7924,6700.9104,6632.4200,6423.7660,6312.6351,6348.9100,6381.9289,6404.8917,6436.6900,6474.5241,6483.0833,6481.8400,6509.9330,6444.2199,6350.7600,6397.9729,6262.5197,5965.3600,5891.3022,5998.2033,6057.7300,5927.5777,6075.1785,6403.6600,6333.7798,6208.4979,6187.4900,6107.0849,6180.9941,6355.3800,6328.1282,6261.8004,6249.6000,6213.5077,6150.2991,6110.9100,6138.5380,6118.6111,6049.0700,6043.5976,6069.7056,6059.9900,5998.6192,6050.9245,6156.2700,6060.3375,5824.4877,5717.5400,5949.8851,6027.2239,5988.9200,6193.6632,5512.7109,4260.3300,4029.9894,4262.6617,4328.7500,4182.6654,4148.7491,4279.8000,4329.2694,4288.0802,4214.8800,4174.3013,4229.7064,4272.3300,4142.0011,4141.8325,4280.0200,4275.6553,4325.1459,4367.2700,4149.3208,4151.7710,4431.7100,4468.4221,3907.7265,3223.5100,3270.9462,3348.8543,3208.9000,3275.1145,3278.1800,3202.9700,3329.8007,3387.9719,3298.8900,3284.4965,3421.8093,3556.3800
2025/4/21,3462.3791,3384.3233,3450.7800,3550.8590,3563.7899,3491.4300,3454.3599,3548.7097,3651.2900,3534.6552,3394.3370,3364.6800,3409.7522,3490.1800,3581.7700,3658.3431,3636.9276,3599.2700,3712.7096,3780.8502,3746.0800,3718.9581,3572.2077,3485.6500,3766.4434,3792.0143,3552.6100,3659.8915,3826.6931,3822.0600,3744.4468,3829.6366,3905.3400,3673.3649,4029.8987,4835.2300,5002.9967,4990.9725,5053.8700,4950.8014,4863.3406,4848.9800,4794.7444,4836.5996,4845.1200,4669.0419,5320.9182,6521.5900,6857.4023,6706.5998,6564.9000,6536.6922,6552.6432,6500.4900,6345.9273,6364.7925,6569.7400,6675.4155,6578.5857,6478.6500,6657.0520,6728.9612,6571.9900,6430.6133,6296.1861,6242.4600,6407.0432,6585.5672,6584.0200,6367.7419,6142.0645,6002.8100,5885.8646,5764.4937,5700.0600,5811.6065,6131.9309,6458.5400,6499.8418,6449.2020,6391.8000,6241.0348,6142.8574,6135.9200,6138.5000,6248.1880,6356.2800,6233.9439,6169.6549,6264.2200,6323.2169,6258.7309,6202.2800,6332.5556,6282.6216,6066.9000,6078.8602,6157.2087,6187.9800,6222.0887,6207.7389,6172.2400,6187.3463,6090.5990,6013.9300,6128.1804,5420.2832,4327.4700,4360.6362,4388.8366,4061.4200,4186.6800,4386.7667,4381.3700,4290.3396,4193.2641,4145.5000,4172.7443,4223.5366,4291.7700,4401.5629,4446.1017,4428.8200,4440.3863,4358.0320,4285.7400,4452.7915,4487.0048,4411.0800,4519.7143,4058.0175,3272.0300,3239.8776,3327.7174,3303.8600,3558.2818,3619.0694,3422.6300,3382.6811,3306.5711,3222.1400,3376.2230,3398.1678,3275.0500
2025/4/22,3359.0032,3412.6743,3394.6400,3504.1260,3521.0047,3433.8300,3459.8912,3471.3650,3463.7600,3568.9202,3621.3181,3598.8800,3625.6043,3542.6047,3422.2100,3525.2002,3655.0081,3640.1100,3508.2375,3501.8458,3656.1900,3766.4654,3713.4978,3598.4900,3633.6888,3694.2408,3641.7300,3495.5696,3592.2337,3828.2400,3765.5410,3683.7005,3642.1500,3516.3950,4013.7353,4838.2600,4894.3938,4723.6864,4683.6700,4621.8322,4752.3490,4938.2200,4788.1934,4670.1891,4648.9600,4571.9196,5338.0534,6507.0100,6598.8053,6372.5127,6408.9300,6545.5673,6670.2739,6706.7900,6633.8887,6583.9084,6578.2200,6528.6360,6502.9269,6550.6500,6616.8941,6483.9142,6341.4400,6595.1780,6745.3697,6533.5800,6215.7273,6191.8778,6373.4000,6308.3876,6160.8822,6047.1700,5921.7398,5912.7980,5991.8100,6020.5782,6210.5701,6374.1300,6103.0587,6028.2249,6276.3800,6344.9427,6288.4288,6250.0800,6261.9966,6163.0615,6093.4700,6334.1526,6364.4281,6171.9500,6269.8765,6430.1449,6391.9400,6153.1526,6082.5122,6128.8900,5927.7758,5881.6518,6073.8500,6157.6125,6131.0328,6065.0500,6018.6818,6075.6637,6240.3900,6289.7771,5490.8379,4282.8300,3989.4991,4281.8760,4504.7200,4315.0504,4191.7718,4307.6500,4364.6486,4236.7880,4148.6700,4399.8712,4416.9749,4199.8000,4292.3470,4265.4837,4105.7900,4257.3137,4345.2507,4287.6700,4385.0025,4461.5724,4538.8600,4712.4966,4151.4357,3237.3100,3263.2699,3418.7963,3302.4600,3317.8022,3299.3428,3264.8700,3433.0194,3497.1594,3362.2600,3272.3453,3426.1107,3663.4800
2025/4/23,3636.2405,3602.4319,3617.6500,3504.9275,3566.3783,3731.8400,3598.5022,3409.2671,3400.7700,3574.1506,3690.4323,3663.8400,3604.9799,3561.4678,3489.9500,3351.7145,3402.2025,3606.9500,3661.6001,3636.7657,3645.3300,3705.5304,3688.1161,3636.7500,3722.5171,3794.0843,3721.8500,3542.4507,3524.8567,3674.5800,3739.1276,3716.1795,3683.7700,3773.2175,4246.6730,4826.8100,4903.4865,4809.0779,4791.7800,4781.3150,4740.6697,4707.9100,4772.0461,4958.2965,4937.3700,4506.5282,5215.1682,6653.3000,6759.7251,6434.3293,6465.1400,6675.2579,6572.7089,6291.8200,6428.5121,6655.6667,6686.4400,6559.0347,6488.0689,6522.9200,6532.3060,6489.9682,6455.7300,6487.6102,6419.3662,6328.2600,6456.0099,6516.9784,6445.9800,6429.4819,6252.7950,5929.0300,5764.9086,5899.6344,6108.9300,6039.2302,6069.9094,6272.8700,6328.9748,6325.5815,6317.2200,6253.2703,6218.1679,6243.5000,6279.2252,6299.8403,6251.8100,6126.5161,6212.4009,6345.9300,6095.9467,6031.2757,6156.5100,5946.1761,5994.7025,6278.0600,6146.6766,6053.2580,6159.8800,6156.8891,6147.3055,6227.8500,6336.0030,6254.6902,6166.4500,6313.2129,5511.9070,4159.9700,3985.5168,4301.7702,4448.6400,4418.0739,4212.9002,4052.5000,4202.0155,4247.7579,4106.7900,4118.3027,4294.9077,4481.4800,4490.2167,4330.4564,4188.8700,4258.0183,4263.6486,4229.1600,4421.7059,4449.2758,4406.3500,4675.8845,4240.3830,3295.9200,3136.6643,3197.0845,3145.7600,3255.7095,3360.8717,3367.6200,3357.9771,3354.6642,3327.2000,3258.1760,3316.8830,3475.2600
2025/4/24,3503.3495,3352.7321,3282.9100,3573.9144,3587.9122,3351.6300,3508.1990,3604.2192,3479.6800,3470.0908,3581.6520,3689.1400,3677.0744,3635.0884,3593.8400,3520.7003,3560.9743,3636.9000,3530.4701,3522.4506,3672.8300,3737.5207,3655.3262,3539.6600,3554.4002,3570.4392,3506.6900,3434.9862,3533.1950,3661.2100,3527.8157,3579.4317,3757.5200,3636.3217,4037.2190,4815.0700,4932.0630,4895.6802,4982.9900,4923.7247,4783.1804,4750.0400,4926.0178,4950.2231,4698.8900,4548.2188,5392.1725,6667.6300,6821.3307,6630.4154,6570.7700,6387.4581,6476.1833,6698.6200,6499.1179,6445.6550,6634.0000,6576.7020,6486.1118,6511.1000,6539.8549,6417.5671,6267.1700,6362.6582,6451.3352,6422.9000,6409.0919,6402.0698,6380.8800,6339.0404,6229.1308,6004.3200,5725.6902,5811.8795,6094.7800,5992.3907,5948.7620,6161.6600,6342.6788,6309.6079,6139.4500,6071.7462,6088.2801,6111.2100,6104.3820,6162.6976,6266.8200,6279.7824,6185.4421,6082.6400,6100.7838,6161.5328,6193.6300,6200.0235,6234.2918,6215.2400,6034.9787,6044.2363,6216.5300,6169.1873,6063.7822,6091.6000,6241.5557,6167.5364,6063.3800,6309.7741,5634.0691,4372.3000,4254.2574,4503.0833,4461.2100,4288.0821,4316.9035,4431.3000,4240.7758,4173.3329,4336.4200,4389.9105,4324.9779,4212.0900,4136.6099,4266.8925,4473.0100,4419.9319,4229.8980,4169.0600,4390.3277,4512.9283,4560.0600,4764.5966,4123.1622,3041.0400,3037.0692,3234.6331,3159.3300,3222.2124,3303.6002,3311.3000,3314.6337,3343.0024,3403.4100,3417.3765,3035.3529,2493.6900
2025/4/25,2415.7680,2385.9105,2336.4700,2599.1316,2670.1623,2447.8600,2364.8612,2510.7493,2658.7800,2518.1372,2420.8815,2494.4800,2552.1460,2597.4850,2601.9300,2511.1940,2493.6709,2558.9600,2559.9385,2579.0261,2642.1400,2664.7893,2595.0362,2598.8500,2868.5774,2896.8242,2652.2300,2616.2486,2709.8661,2736.8000,2622.3959,2642.0575,2786.4600,2774.4367,2717.7459,2663.0200,2559.8636,2624.8564,2808.9400,2851.5791,2966.9562,3121.6300,3049.0299,3017.4110,3147.0500,3276.7082,3268.4641,3138.4600,3035.1330,3047.3396,3056.7600,2936.3124,3246.1999,3801.1000,3819.4881,3784.6209,3864.9700,3732.7813,3627.9229,3670.5900,3738.0699,3806.8518,3797.8800,3633.7027,3564.4809,3650.4700,3711.8971,3703.0920,3690.4100,3758.1907,3769.3151,3726.4200,3742.3725,3602.8485,3366.4700,3352.0797,3493.3190,3657.8600,3749.0301,3682.1448,3520.2300,3431.0159,3421.8174,3483.8200,3583.9515,3507.4069,3393.3900,3588.2527,3687.6493,3541.1700,3408.4256,3401.9988,3522.2900,3652.2515,3510.5178,3307.3100,3513.4303,3549.8401,3374.4400,3465.5841,3206.1682,2690.6500,2706.5309,2855.9377,2878.5700,2904.4935,2852.0592,2722.6300,2624.1422,2533.8302,2538.4700,2756.5224,2871.9679,2773.5200,2666.1375,2745.2023,2862.9500,2708.7839,2649.4518,2758.5700,2762.6023,2847.4901,2941.2500,2759.3512,2659.4385,2724.7700,2687.3805,2630.1703,2715.3900,2935.3394,2697.8483,2233.2300,2348.2445,2327.3898,2105.3900,2354.3605,2556.3776,2479.0800,2410.8446,2351.8906,2382.0700,2593.4927,2524.7954,2264.2600
2025/4/26,2361.9963,2475.5827,2467.8500,2558.2714,2653.1946,2670.5800,2626.6756,2553.0368,2504.4400,2535.8129,2618.1345,2637.1600,2499.2528,2439.6547,2558.1200,2714.1862,2693.2941,2563.4400,2592.7770,2660.4114,2659.6100,2605.2636,2538.4753,2472.3000,2432.0847,2606.9071,2799.3600,2608.6415,2509.1585,2690.4600,2837.7567,2674.6861,2448.1800,2668.3756,2885.6749,2856.4800,2765.3075,2698.1141,2598.7000,2438.3024,2712.5897,3241.0800,3318.0012,3342.3076,3358.9100,3020.7147,2934.4796,3165.9700,3182.9350,3188.9173,3169.3500,2951.2236,3314.5015,4006.5300,3959.6953,3904.2343,4037.3400,3808.6482,3641.0123,3696.5000,3700.2461,3687.2887,3718.2900,3776.9823,3773.9807,3705.9200,3671.4562,3754.6459,3852.3800,3762.4034,3612.2942,3543.8100,3596.1342,3679.5463,3678.8200,3543.9363,3456.6207,3535.9800,3722.3864,3738.1814,3592.6100,3553.2331,3564.1276,3566.7300,3575.0907,3565.5609,3497.6900,3377.9621,3413.0822,3554.4400,3541.7276,3485.9848,3511.9100,3611.0443,3581.4381,3378.4500,3171.2060,3156.1955,3338.6300,3468.3519,3093.9573,2552.0800,2645.1757,2731.2536,2640.9800,2815.1280,2791.8621,2529.5300,2506.0886,2659.3096,2825.0200,2904.7994,2901.2956,2825.1900,2703.0792,2684.6558,2774.7700,2812.5738,2689.7651,2589.2200,2784.9708,2835.7542,2676.2100,2690.9141,2830.7640,2878.0100,2686.0333,2593.4616,2704.3700,2787.5796,2701.4369,2437.6400,2157.1073,2243.6824,2550.0300,2544.0373,2482.2242,2479.1800,2384.7372,2360.9948,2405.9900,2413.0460,2805.4018,3346.8200
2025/4/27,3333.9964,3344.4078,3611.4400,3741.6372,3545.1211,3319.6400,3515.2917,3511.9004,3274.1500,3371.7096,3392.2146,3273.7400,3403.4949,3553.6114,3560.0300,3494.3787,3469.3952,3498.2700,3506.5645,3502.7945,3609.0000,3906.7275,3970.3376,3728.9700,3544.5397,3568.6357,3642.4900,3510.6171,3518.9015,3673.7600,3626.1819,3561.5697,3480.8700,3315.6701,3944.9539,4917.1500,4834.0330,4734.6829,4921.7000,4653.8739,4444.0738,4611.4300,4915.4910,4981.6103,4752.7000,4631.8865,5421.6301,6654.2800,6958.0721,6789.9332,6636.3900,6535.7424,6502.5104,6522.5100,6535.7336,6420.4533,6291.9200,6398.7240,6523.2894,6531.1900,6481.5129,6400.1318,6361.1100,6421.2079,6348.0084,6175.2600,6174.7933,6222.4622,6276.0800,6381.2212,6218.9155,5903.3100,5887.0606,5886.4381,5762.4500,5722.0611,5998.4085,6390.8900,6418.5877,6225.2841,6105.3000,6210.8233,6188.2161,6034.5100,6085.7339,6138.1118,6126.3600,6199.3271,6253.5512,6253.7000,6268.7525,6250.9931,6193.4800,6151.0488,6138.4286,6124.8600,6075.0954,6070.3247,6123.0100,6174.1508,6265.6553,6326.5900,6228.8100,6162.1515,6175.3800,6031.6903,5281.9202,4371.3900,4259.5195,4223.2817,4056.8200,4255.2506,4351.3664,4228.9600,4246.0504,4260.3684,4243.8100,4340.0398,4403.1787,4366.7500,4314.8344,4311.6585,4321.0000,4259.3431,4225.0874,4270.6700,4345.4986,4364.3688,4407.7100,4519.5534,3962.6093,3107.2000,3144.9976,3366.6746,3323.8000,3267.6269,3248.3531,3306.4900,3459.4930,3450.4640,3252.9300,3137.4250,3343.8415,3635.5300
2025/4/28,3529.6765,3404.4175,3477.1600,3584.1767,3572.7225,3551.5300,3712.6921,3596.1676,3317.7000,3496.7351,3806.8850,3809.5700,3413.1097,3342.7918,3594.7200,3518.0331,3569.2252,3748.6100,3573.9808,3571.8179,3749.2000,3578.7102,3490.2522,3623.2600,3668.3573,3670.4431,3678.8700,3655.7999,3578.8716,3524.2200,3592.1290,3610.9428,3476.7500,3369.7218,4001.6903,4904.6300,4832.0656,4625.9286,4689.2200,4630.6008,4757.3641,4975.7800,4841.5747,4819.1875,4816.9900,4441.7959,5149.7930,6521.3500,6586.3415,6495.3320,6733.0600,6601.6691,6531.5567,6602.5500,6430.6187,6351.9272,6443.7500,6433.0514,6420.6703,6397.4200,6242.1773,6207.7230,6371.1300,6524.0560,6423.0275,6288.1900,6559.9294,6710.0323,6602.5100,6568.0798,6277.2413,5935.7600,6118.4580,6088.2562,5711.1600,5653.4779,6014.0729,6436.4000,6457.9073,6389.8479,6397.0400,6345.6588,6277.0812,6209.7700,6144.9291,6278.6715,6447.1300,6273.1099,6145.5635,6229.2100,6294.5197,6224.5745,6129.3500,6192.6828,6136.6968,6005.7800,6109.6068,6083.5183,5931.3500,6040.1104,6171.2843,6138.5000,6001.2150,5940.4616,6078.3300,6245.6130,5523.4461,4344.7700,4154.2243,4318.1885,4303.6300,4231.2597,4277.8957,4385.3500,4322.9231,4142.2515,4064.9900,4262.1892,4336.8721,4237.7600,4276.2713,4272.4065,4210.6700,4302.8539,4495.9030,4597.2600,4446.8096,4289.1673,4349.5900,4550.3721,4139.0796,3376.1800,3301.9384,3381.4140,3278.1700,3218.8775,3256.8260,3288.0900,3203.4185,3279.6334,3402.1700,3200.7959,3206.6568,3447.1400
2025/4/29,3409.9503,3349.0502,3424.0900,3494.6984,3409.1518,3310.5900,3475.3704,3553.9363,3471.4900,3498.2464,3551.4910,3567.4000,3567.7545,3478.4647,3411.7900,3568.1433,3666.7187,3585.1600,3476.0950,3461.9147,3521.0500,3550.2654,3643.6812,3736.2900,3650.1613,3585.8428,3623.4500,3651.0930,3657.1515,3631.4500,3568.6458,3577.9578,3597.0000,3543.0065,4010.1917,4771.6700,4920.6523,4788.9728,4757.0200,4863.9164,4882.6681,4770.9300,4713.9092,4801.0682,4794.9100,4533.1040,5266.6719,6589.9700,6742.0744,6552.4956,6572.7500,6520.2458,6554.4244,6672.6500,6659.2204,6577.4512,6547.2000,6618.1674,6631.8555,6540.3100,6439.6822,6354.7132,6331.9900,6409.1684,6429.8894,6362.6700,6323.8071,6324.8368,6336.9800,6320.6473,6241.5542,6059.7700,5821.9763,5919.8085,6150.5100,5945.8261,5960.0012,6288.0800,6335.2548,6231.1134,6172.6700,6203.9783,6252.1925,6260.0400,6210.6004,6082.0755,6021.2500,6213.6350,6333.6764,6270.8800,6214.9896,6180.2835,6187.3700,6259.7812,6226.3903,6084.8300,6026.1560,6133.6356,6247.1100,6123.7445,6033.3708,6081.4400,6094.2952,5973.3624,5913.1600,6059.3818,5355.4843,4201.8500,4146.7114,4331.7699,4277.0900,4343.2133,4277.2101,4162.0100,4365.0876,4418.8930,4270.1600,4329.0164,4359.9730,4299.4500,4356.0804,4466.4091,4493.9500,4363.2601,4243.3335,4254.6300,4347.3318,4251.9860,4165.1600,4441.9420,4060.5317,3194.4100,3112.3459,3306.9541,3345.5800,3323.7335,3304.0313,3276.9500,3207.3219,3186.7250,3275.5100,3416.3862,3356.0726,3256.3700
2025/4/30,3499.9191,3533.3545,3341.2400,3441.2406,3405.5679,3249.4200,3447.2636,3582.5044,3540.9500,3611.2394,3577.7827,3442.3800,3474.1798,3615.7082,3751.0800,3787.7274,3629.4293,3438.2300,3490.9789,3502.6860,3428.3200,3525.0783,3721.0501,3745.3800,3426.3224,3401.9412,3684.6600,3667.0192,3567.2427,3543.8300,3514.4504,3529.1178,3551.7600,3557.8121,4023.8771,4787.6900,5110.5262,5014.5679,4828.3100,4860.6133,4919.4745,4876.8700,4802.2341,4783.6457,4691.7000,4486.3682,5281.5474,6575.7600,6649.8942,6488.1593,6605.8700,6520.6245,6413.1210,6444.1500,6548.0710,6557.2292,6502.2300,6545.5312,6503.6566,6399.6700,6454.3010,6504.8652,6466.0600,6433.3490,6510.0475,6588.2500,6458.4755,6342.7692,6410.7900,6580.0246,6435.7561,6076.4400,6003.5460,5966.5977,5833.3200,5802.2575,6120.4345,6499.4200,6368.0651,6180.6594,6193.2200,6216.7044,6134.7578,6092.5900,6314.8492,6408.6779,6235.2100,6048.8733,6025.5265,6139.4600,6215.1674,6191.6918,6131.8200,6143.1667,6145.1039,6124.3300,6144.2615,6120.5075,6088.9600,6168.2052,6183.4044,6107.7400,6093.2835,6119.3041,6213.1500,6283.7299,5458.7671,4205.2800,3997.9867,4225.0583,4308.0700,4245.6864,4065.6082,3986.3200,4247.1582,4430.5527,4383.1800,4341.0336,4372.8455,4448.5500,4481.0299,4372.9944,4230.5800,4283.6169,4437.9033,4579.2400,4640.9075,4506.6473,4356.8700,4416.1629,3906.0225,3140.5200,3267.3147,3424.8120,3221.6800,3143.8478,3232.9183,3320.5000,3249.2330,3245.6711,3349.7900,3407.8539,3606.5014,3791.1900
2025/5/1,3587.1893,3436.1989,3525.1200,3603.2309,3533.0955,3421.8300,3465.8096,3394.3864,3283.8400,3476.4776,3541.3856,3456.2600,3621.8780,3720.0669,3629.9700,3551.6116,3442.5767,3398.8000,3598.7264,3751.0302,3738.1100,3724.5062,3818.7227,3861.6400,3619.1899,3536.8964,3728.5200,3824.9159,3567.8125,3297.3400,3597.0769,3792.8722,3550.6400,3299.3790,3822.8292,4740.3100,4854.5080,4665.4804,4668.1400,4836.8147,4854.0279,4739.7100,4798.9228,4860.6200,4751.2700,4622.1741,5371.2189,6517.4600,6599.8613,6453.5681,6594.0300,6683.3550,6620.9670,6534.0600,6616.2500,6698.4213,6639.6700,6475.2627,6447.7452,6512.0400,6408.8758,6361.0045,6404.4800,6340.8554,6274.8424,6333.0800,6491.0965,6374.3932,6097.1600,6125.5369,6058.3880,5889.9000,6033.4960,6122.8403,5980.2300,5832.7536,5949.0376,6236.3900,6334.7915,6285.6928,6260.5200,6370.5096,6394.8928,6280.6000,6193.4369,6170.0732,6195.9200,6251.3622,6352.9721,6331.4300,6026.3148,6053.5823,6322.6000,6153.7293,6088.5127,6207.9500,6042.5728,5999.9270,6165.9400,6201.0805,6251.8950,6372.3300,6436.2481,6476.9973,6551.9300,6567.3309,5945.4452,5058.9500,4931.4787,4938.5574,4783.3900,4767.1497,4603.9771,4467.1700,4816.8277,4852.9427,4577.1100,4777.1857,4917.6889,4691.6400,4406.3804,4514.2528,4915.9900,5086.4612,5114.2648,5040.1600,4792.0254,4664.3725,4761.3900,4822.1281,4305.6777,3594.9100,3637.4007,3716.9005,3598.9900,3766.2205,3942.7332,3844.0500,3518.7260,3549.3366,3870.9500,3785.9715,3199.4846,2577.8900
2025/5/2,2519.1235,2560.2270,2453.6000,2390.8136,2380.8368,2397.7300,2441.7390,2549.5788,2676.2200,2704.2041,2596.0937,2494.6900,2586.0885,2606.8153,2502.4000,2496.5773,2626.0188,2711.0100,2548.4229,2488.9677,2641.7600,2767.0112,2761.7004,2671.9700,2641.2851,2751.4845,2889.8700,2850.7304,2763.5247,2742.7200,2789.5450,2853.5518,2834.3100,2676.0953,2640.5117,2746.2900,2775.9985,2844.3632,2841.3300,2588.2230,2827.2710,3395.2500,3362.2780,3259.2800,3336.0200,3280.3699,3165.4870,3107.3700,3113.2235,3012.1536,2912.4800,3132.5333,3536.3462,3823.9300,3786.7748,3753.9586,3827.3800,3799.9371,3680.9229,3629.3400,3795.7711,3938.2759,3890.6200,3730.8028,3790.4266,3917.4900,3642.2990,3389.1476,3457.5500,3726.4477,3825.9099,3699.6700,3611.0517,3611.9983,3657.0000,3667.4734,3597.9544,3487.5000,3438.5223,3500.1352,3626.8400,3696.6576,3612.3465,3484.8100,3517.0258,3492.0743,3452.3400,3621.5129,3517.0440,3260.4800,3461.2082,3573.2056,3479.9700,3600.1227,3605.9115,3455.3700,3459.6372,3440.8760,3550.4600,4037.2752,3784.8159,2956.6700,2887.3405,3107.0242,3083.7100,2831.9449,2893.5425,3209.7300,3194.4953,3054.7365,2979.1300,2929.8531,2866.2420,2871.3100,3044.2008,3081.0952,3035.6000,3234.3610,3278.4933,3045.3900,2864.1938,3001.2039,3269.6500,3254.3056,3329.6055,3489.5600,3296.6588,2923.2706,2828.0800,3256.5346,3154.4634,2577.0400,2623.3627,2844.7708,2825.3200,2636.0117,2544.1157,2638.5800,2748.5999,2580.1309,2387.5700,2701.3053,2879.1009,2676.0900
2025/5/3,2474.8848,2381.3108,2441.4400,2619.8616,2515.8743,2298.0100,2543.7938,2840.1088,2891.1400,2791.7079,2703.2909,2640.8700,2513.2129,2434.9609,2447.5400,2470.3856,2445.2518,2424.3900,2508.7483,2585.1882,2605.1100,2637.3324,2736.2814,2786.0400,2634.7686,2627.2471,2746.6300,2649.2722,2617.6441,2707.5500,2675.1535,2627.9160,2666.3600,2766.7310,2808.5587,2745.2500,2640.3419,2604.2693,2627.3000,2633.0967,2792.9144,3129.9200,3428.3581,3384.9711,3188.7200,3289.4373,3168.9247,2870.5100,3013.4253,3290.8809,3314.6800,3051.7073,3209.7122,3690.3200,3715.6833,3723.7817,3906.4800,3969.5171,3916.9946,3812.8700,3716.3453,3742.9939,3836.0700,3807.3836,3689.8154,3579.8700,3557.4461,3610.0959,3686.2800,3737.2105,3784.6231,3771.9000,3627.3323,3586.6287,3579.9600,3350.6249,3395.5751,3661.5000,3593.0421,3574.4965,3693.7100,3625.2675,3539.2674,3518.6000,3469.8158,3459.2613,3529.5100,3622.1918,3555.1990,3471.3600,3680.1512,3758.5124,3584.2300,3472.6425,3530.2925,3636.1500,3597.3672,3602.2184,3670.9500,3588.2919,3269.0417,2923.3300,2904.1816,3095.8874,3246.7600,3162.4341,2941.7418,2760.4100,2786.4483,3121.3396,3349.9900,2955.2220,2950.9854,3370.7300,3245.7919,3049.9412,3081.7600,3152.5804,3316.6589,3435.0500,3264.7830,3165.7351,3173.6500,3001.4150,2963.8402,3134.2300,3253.8927,3325.3077,3425.4100,3533.4920,3245.5321,2663.2800,2380.8672,2538.7121,2778.9200,2605.1910,2459.2957,2534.7900,2605.5211,2703.9259,2701.9400,2483.8675,2850.2293,3576.1700
2025/5/4,3600.8780,3517.5583,3663.8700,3738.6203,3627.6038,3519.9200,3677.5550,3681.4709,3477.5700,3446.4336,3553.1771,3597.3300,3435.7679,3362.7028,3434.6400,3439.9067,3479.3008,3611.9400,3750.4401,3726.4832,3594.1400,3557.7935,3473.0313,3447.0400,3722.2143,3748.5670,3515.5200,3543.1462,3532.5678,3505.9700,3788.1802,3812.7481,3556.6400,3633.8857,4107.4929,4647.1800,4824.7988,4805.1034,4816.7700,4938.8312,5003.3023,4860.6700,4565.1648,4629.4120,4781.0500,4416.9322,5099.0946,6517.1100,6661.7452,6384.5243,6401.5600,6539.4824,6585.4327,6542.5900,6572.6929,6609.9453,6604.5000,6573.8955,6508.3917,6482.0000,6571.3404,6514.3487,6338.0000,6339.6685,6404.5115,6425.3900,6421.4990,6454.9941,6532.0800,6541.8897,6192.0146,5714.7500,5697.9744,5882.3584,5971.2300,5942.6860,6128.1645,6425.1800,6388.1313,6269.1542,6252.7000,6272.0999,6252.8738,6242.5400,6336.3133,6344.4272,6212.5300,6102.4862,6195.3774,6363.6700,6301.9684,6226.6517,6230.6200,6217.0110,6344.8218,6510.8700,6437.6251,6446.4149,6565.1000,6487.2298,6351.0292,6291.0100,6310.3425,6367.9031,6456.0600,6459.7267,5717.0811,4705.0000,4625.3319,4536.9583,4327.0900,4808.4573,5035.9817,4803.8700,4824.9605,4738.9632,4538.2000,4656.2287,4771.8741,4740.8100,4726.6026,4644.9477,4585.6400,4764.6400,4949.0228,4952.3200,4816.5647,4835.2421,4969.6800,4848.1529,4356.6980,3836.4500,3769.4786,3684.6664,3514.8400,3629.0544,3585.2479,3411.9900,3580.5189,3637.8140,3509.4600,3570.0123,3543.1032,3478.5000
2025/5/5,3724.6146,3859.5851,3667.0100,3387.0802,3443.2452,3635.8600,3385.8926,3228.6855,3394.3900,3549.9039,3490.5612,3439.4700,3758.0044,3836.8187,3567.9500,3453.6210,3447.1540,3440.9200,3431.9732,3492.4664,3584.0300,3598.3423,3652.0310,3721.0800,3649.0780,3540.0642,3494.0600,3541.9951,3714.7728,3841.6600,3708.8262,3713.0604,3799.9200,3609.0664,3929.0561,4660.1600,4833.0070,4717.1707,4650.9500,4670.1401,4627.4277,4580.4500,4738.4521,4927.3282,4919.0600,4763.6645,5381.3423,6467.9700,6718.1974,6568.7843,6487.0000,6506.8758,6607.8721,6645.5800,6475.2859,6396.7642,6510.5600,6615.3584,6560.0825,6465.0600,6572.0344,6600.8937,6460.4800,6362.2180,6428.5728,6519.8600,6401.3861,6387.3304,6554.7600,6604.2484,6260.9891,5781.1100,5746.2292,5958.8145,6053.4800,5882.6558,6004.9692,6371.6200,6370.3930,6260.9285,6325.7500,6542.3756,6504.1106,6189.1100,6011.4848,6193.3389,6421.8300,6203.2927,6206.6590,6467.5100,6364.3682,6336.5340,6457.9600,6327.2542,6193.3091,6216.3800,6285.8351,6253.1959,6252.3500,6501.1862,6434.6164,6129.8600,6237.2141,6364.8053,6543.2500,6978.6702,5943.4133,4251.5000,4576.1060,4996.3630,4689.9100,4758.1815,4893.7667,4806.8200,4621.0366,4528.4292,4585.7600,4676.5274,4601.0273,4547.3500,4855.4603,4881.4390,4561.1300,4496.4406,4635.7546,4824.2800,4950.6434,4818.3401,4629.8700,4711.4088,4259.2438,3538.5600,3661.9444,3756.3837,3547.3300,3622.4368,3604.0760,3429.4300,3486.2690,3690.2929,3807.5000,3677.5266,3527.1571,3471.8600
2025/5/6,3434.9695,3408.8761,3497.9900,3770.8304,3806.1137,3596.5500,3549.4285,3583.6544,3561.5200,3468.1470,3483.4949,3587.0100,3588.7979,3608.1207,3679.6800,3679.7603,3521.4354,3404.9300,3623.8960,3760.5708,3658.8900,3567.6684,3581.9109,3685.5700,3805.7920,3911.8258,3947.4100,3853.4735,3707.4493,3635.4500,3714.9048,3776.1897,3685.0800,3544.9570,3977.7737,4765.4300,4994.2807,4841.0641,4721.4800,4846.1087,4806.5374,4594.5400,4631.5901,4835.4916,4885.7000,4691.4576,5421.5413,6627.8900,6632.5802,6510.8010,6705.0600,6563.5191,6409.6855,6459.9700,6535.7720,6364.1663,6175.7200,6443.8918,6556.8717,6430.8300,6555.4430,6521.3903,6303.5700,6336.6179,6432.1177,6449.6000,6449.2116,6452.5909,6492.7400,6557.6115,6380.3979,6054.6900,5956.1431,5904.6587,5880.7100,6054.3746,6154.5745,6186.0400,6377.9263,6326.1269,6073.6300,6097.5019,6183.7571,6198.1200,6239.3821,6300.1648,6303.9600,6185.8171,6083.7815,6137.1900,6338.0505,6313.5091,6165.9800,6340.2639,6409.9064,6246.3400,6160.7658,6140.6411,6197.3400,6386.4839,6506.1017,6465.4400,6351.7557,6261.3022,6387.9700,6696.3588,5933.2703,4557.6200,4386.8225,4641.8853,4785.4500,5017.8306,4874.1630,4526.8700,4674.9725,4885.6150,4802.1800,4538.2904,4585.4115,4830.9200,4701.4190,4543.7238,4607.7900,4782.9916,4861.5907,4775.2300,4652.4385,4751.3039,4949.7300,4838.7136,4502.3570,4095.0400,3751.7503,3741.0800,3936.0300,3919.1607,3820.4468,3699.3600,3488.0711,3441.0186,3512.5200,3426.8003,3496.1753,3646.9500
2025/5/7,3479.9819,3422.4561,3639.6400,3837.6106,3795.3254,3588.7900,3489.6930,3461.9451,3479.3900,3572.1229,3637.7761,3586.9200,3446.4644,3502.1816,3687.0300,3655.2819,3604.4745,3644.1500,3662.3977,3582.6490,3512.0500,3615.1483,3614.3526,3522.9900,3626.1038,3694.5348,3646.5000,3630.4680,3600.9121,3607.0700,3758.6638,3830.8574,3715.5600,3604.0965,4037.0143,4719.2700,4781.0662,4713.7070,4845.0700,4982.0314,4916.8584,4764.9300,4833.9762,4921.3173,4799.1300,4599.1398,5387.3272,6642.2700,6690.7106,6484.4334,6586.2300,6601.0302,6561.7435,6584.1200,6692.1628,6695.1376,6549.4300,6420.6012,6493.8451,6606.1100,6449.1264,6505.2182,6722.4400,6552.1332,6382.9854,6416.2100,6451.7889,6409.5132,6360.9900,6384.2326,6140.6223,5784.4400,5850.3161,6011.8229,5969.1600,5785.2084,5948.2277,6333.9400,6329.9791,6223.8251,6253.5400,6331.7774,6216.5902,6040.8700,6186.7888,6398.0163,6388.8100,6148.7360,6197.5338,6454.2300,6337.7044,6177.4322,6176.4000,6199.5029,6209.0054,6218.6800,6269.5897,6414.3244,6596.8200,6648.9813,6418.4121,6183.2500,6400.0128,6565.6173,6579.0600,6672.8288,5902.5823,4747.7100,4733.0216,4729.0495,4384.8300,4502.1389,4670.4590,4634.9100,4604.1901,4730.2908,4873.8100,4764.8511,4685.8837,4749.8400,4809.4000,4911.7584,4998.0700,4915.0423,4764.2897,4721.2600,4875.1297,4949.2253,4864.4900,4734.7172,4311.6641,3782.2600,3667.1035,3714.4655,3665.5800,3529.4263,3598.9724,3790.9100,3715.4000,3530.9668,3397.6600,3360.1314,3546.7375,3732.1200
2025/5/8,3561.6798,3628.7172,3860.5700,3597.8341,3430.5853,3546.9100,3534.6226,3472.8675,3460.2700,3475.3537,3465.2172,3455.3000,3515.7833,3561.5999,3597.1200,3681.0139,3591.2653,3463.0500,3651.7386,3703.9613,3542.2200,3543.7658,3580.1850,3536.1000,3452.7362,3409.9292,3395.9600,3371.0255,3564.0323,3876.9400,3938.0805,3854.7837,3690.8700,3506.7432,3970.1323,4778.3000,4869.4194,4631.0325,4578.9600,4828.8809,4904.8010,4713.9900,4636.6107,4812.5695,4907.8900,4621.2437,5319.4287,6640.6800,6745.9356,6451.7657,6454.7500,6620.9968,6729.9125,6663.6800,6485.4704,6499.8188,6608.9700,6426.4126,6246.2409,6314.4900,6568.1769,6621.3556,6464.5500,6446.6688,6530.0839,6551.6300,6415.9930,6379.0450,6424.3300,6271.2561,6023.6632,5872.4500,5916.4043,5946.4475,5870.8400,5818.9125,6013.1008,6366.5900,6522.9209,6381.1426,6192.5400,6302.1972,6314.3962,6166.3300,6191.2247,6232.0462,6243.9000,6333.2514,6268.4574,6144.3900,6285.2523,6301.9698,6171.7000,6275.6565,6423.4412,6470.2700,6437.5068,6243.4198,6017.5700,6037.8520,6221.3540,6453.2100,6591.2207,6190.1990,5862.6200,6574.6547,6291.5145,4958.7100,4580.7689,4473.2339,4317.3900,4594.1449,4742.1599,4650.9900,4754.7265,4789.8367,4697.2500,4709.3731,4693.1356,4780.9800,5216.0094,5278.6294,4896.2400,4709.0841,4650.2622,4648.9900,4750.5699,4751.4832,4785.0200,5087.0070,4754.3501,3846.4800,3416.7339,3483.9922,3716.6400,3783.6932,3672.7070,3531.5800,3507.9301,3444.4764,3462.2300,3755.4913,3447.9768,2707.6700
2025/5/9,2599.3019,2548.7312,2408.7700,2650.1701,2832.4709,2768.4200,2695.0856,2591.8803,2516.7900,2596.8139,2648.5886,2570.7600,2452.0248,2486.0113,2655.3400,2755.1917,2772.6807,2741.3700,2682.8211,2589.8524,2511.3100,2535.9726,2655.9057,2752.5300,2704.3428,2708.3745,2749.5700,2627.6992,2560.3088,2595.8500,2584.5241,2678.0362,2821.6500,2769.3610,2645.6746,2583.1900,2613.1645,2708.4366,2743.8000,2631.5068,2747.2598,3037.6800,3081.5860,3150.6622,3254.1500,3108.2906,3009.4765,3074.4900,3119.4069,3079.4919,3014.6700,3077.1728,3408.2476,3798.6400,3856.3739,3832.6820,3849.5900,3788.6949,3741.6521,3776.1300,3847.3089,3790.0003,3652.4000,3668.3425,3837.1120,3944.2000,3771.6587,3678.4344,3730.2000,3664.4004,3651.9097,3741.3600,3758.2267,3588.6285,3399.5900,3470.5864,3493.0333,3344.4100,3261.3217,3544.7020,3864.2100,3588.7253,3423.5064,3615.0200,3680.2474,3438.0262,3245.4600,3593.9687,3735.6281,3504.7700,3461.6270,3489.0783,3458.4900,3448.2066,3672.5743,3896.2800,3664.4202,3540.7107,3659.7100,3592.1883,3408.5346,3273.9700,3257.9690,3203.7375,3037.9000,2845.0462,2779.1808,2915.5600,3148.8163,3058.1474,2799.8500,2929.0316,3001.8817,2898.0800,2979.6649,3209.2252,3278.8400,2962.0185,2972.1296,3282.5500,3182.8471,3110.7704,3264.2700,3364.7519,3376.6729,3306.4100,3172.5790,3134.8437,3231.2700,3294.3272,2989.0060,2540.2500,2524.8996,2547.9627,2441.8100,2438.9150,2470.4732,2522.9700,2642.6529,2585.8571,2363.4700,2249.2838,2254.1548,2309.0700
2025/5/10,2346.7852,2353.3555,2422.1500,2619.7567,2556.7927,2335.1200,2456.9541,2613.0977,2563.5300,2415.1194,2520.7766,2683.3800,2406.2589,2386.5339,2672.4700,2605.3498,2499.7067,2587.6900,2745.5513,2777.3441,2624.5100,2419.1498,2435.1652,2664.9200,2813.7274,2712.7607,2518.8900,2558.6160,2677.8199,2688.3100,2579.7694,2675.7678,2915.8700,2915.2352,2846.6570,2783.4700,2642.6613,2673.5294,2795.3800,2720.2924,2957.1640,3370.4600,3262.8534,3065.3495,3106.3200,3280.9670,3337.3168,3203.6900,3026.0662,2961.5007,2973.4700,2968.5012,3366.3362,3920.3500,3887.2719,3708.5630,3769.0200,3980.5623,3846.0504,3589.8200,3878.7468,3917.8439,3607.8400,3658.3177,3752.4044,3734.5900,3769.5039,3605.3877,3382.1200,3516.1469,3555.3572,3439.2800,3563.7719,3700.2559,3625.0900,3378.2143,3359.1047,3518.0100,3460.6957,3539.0965,3729.5900,3614.7271,3462.2990,3456.7000,3515.5760,3536.9683,3498.6600,3447.8868,3386.9257,3404.4700,3569.7363,3508.9481,3399.3200,3748.2669,3780.4692,3479.0100,3606.5656,3728.5593,3778.2700,4059.8774,3703.2354,2868.0100,2676.3768,2793.3831,2875.0100,2935.8872,2948.8901,2940.9500,2983.0259,3049.4473,3123.7100,3203.1615,3204.9841,3042.6900,2762.4004,2844.8210,3222.3100,3324.2744,3197.3048,3089.3400,3173.0635,3176.1678,3064.3000,3102.9290,3345.4616,3497.4800,3229.9480,3201.4004,3460.0500,3376.6567,3051.8620,2733.7200,2601.3965,2724.3042,2866.1600,2707.8093,2687.9077,2853.2500,2826.5140,2846.8322,2754.6200,2244.1401,2578.1274,3508.1500
2025/5/11,3481.4968,3322.0139,3466.6000,3496.0165,3560.8297,3648.3300,3556.3778,3573.5782,3694.0500,3618.3884,3546.6896,3603.4800,3693.4693,3672.6618,3621.2500,3714.5923,3598.3414,3376.2900,3530.4977,3699.4750,3666.8800,3588.7772,3647.9772,3741.8400,3623.4395,3603.5187,3730.5000,3733.5454,3683.2169,3713.0800,3850.8098,3821.3226,3583.9800,3456.8612,3918.1477,4677.1400,4906.8122,4847.6498,4806.8100,4834.7409,4798.2269,4678.4200,4628.5711,4834.5085,4945.2800,4562.9476,5177.1145,6542.3100,6810.1725,6546.3654,6350.0700,6259.1162,6424.9498,6619.8200,6418.5861,6244.2645,6308.5400,6416.6508,6464.3905,6480.7300,6535.5084,6450.2110,6245.1200,6175.3011,6372.0923,6599.2900,6484.1992,6420.6316,6487.0100,6360.8884,6155.1892,6008.7800,5971.3904,6078.6424,6099.9500,5791.5635,5867.2106,6270.8300,6233.8435,6163.7829,6271.7700,6317.9945,6266.1375,6158.6500,6087.9663,6239.3594,6421.7000,6243.1906,6088.3669,6120.3000,6145.8470,6220.3858,6321.1900,6348.5291,6460.0385,6560.4600,6375.5658,6180.3944,6159.6500,6243.6393,6279.7961,6327.1400,6539.3038,6555.9288,6491.0200,6661.5524,5865.7857,4584.7700,4618.9508,4833.4585,4783.5500,5116.9010,5110.0133,4725.4800,4750.4586,5081.7143,5165.3700,4613.4429,4505.6267,4876.9800,4748.8819,4706.1676,4885.5900,4776.8795,4681.8388,4710.2400,4655.2405,4654.0639,4769.9500,4819.1954,4323.0331,3525.4500,3262.6501,3544.9918,3806.7400,3473.6310,3339.6545,3606.8600,3703.2340,3705.7293,3712.3200,3694.9954,3720.7213,3718.1600
2025/5/12,3550.1650,3458.5262,3493.1200,3487.9611,3557.6493,3668.2200,3625.9059,3489.8374,3489.1300,3776.6090,3811.1533,3525.5100,3407.4935,3559.7021,3720.1200,3568.0987,3566.9461,3781.7400,3796.8761,3660.5326,3501.3600,3408.9105,3477.1736,3635.4500,3701.2314,3706.6855,3668.2400,3578.5839,3608.2410,3696.5600,3621.7015,3604.9276,3576.0700,3367.3689,3969.0320,5012.6800,5041.1600,4815.7460,4837.6600,4839.2072,4807.7834,4791.9600,4817.5589,4860.9386,4761.9700,4533.8413,5297.6253,6578.4100,6688.1596,6537.7591,6664.8800,6668.6139,6568.6078,6517.4000,6594.9848,6543.6676,6422.1200,6526.2114,6519.1312,6411.0500,6536.3754,6512.9770,6336.9000,6415.2199,6555.4106,6588.9200,6520.9556,6342.4725,6287.9800,6570.0162,6369.8589,5814.1400,5867.7361,6047.7192,6015.7100,5970.6753,6161.1276,6368.3900,6153.3955,6062.5078,6245.9500,6305.8445,6244.1905,6203.2700,6278.6603,6263.3773,6262.1700,6521.8919,6355.0043,5931.3000,6126.8809,6295.8205,6161.7600,6102.6079,6072.0210,6071.1100,6191.8270,6253.9026,6279.7700,6445.9595,6474.9134,6420.1300,6595.0870,6592.5223,6494.2500,6655.8995,5915.5310,4632.8200,4487.3743,4828.0812,4928.2800,4707.6850,4545.9359,4632.5000,4831.9986,4916.1872,4844.3600,4728.4414,4477.6391,4326.3900,4631.6554,4760.2695,4567.4300,4550.5338,4802.9057,5020.6100,4798.9794,4476.7965,4443.8400,4716.4057,4422.4601,3685.8700,3517.3268,3619.2754,3588.5000,3381.8889,3429.4489,3634.7800,3497.9759,3447.8365,3567.7800,3490.2573,3374.5059,3340.5000
2025/5/13,3341.0226,3368.4742,3400.7800,3423.3143,3546.4458,3681.9000,3606.8285,3475.7407,3424.7200,3468.0006,3588.8177,3655.1100,3524.6733,3440.0602,3515.3500,3621.3799,3571.1474,3431.7900,3450.2061,3531.4136,3572.6500,3551.6028,3452.6033,3426.8900,3666.0070,3867.5002,3815.3100,3586.4178,3560.9772,3689.5100,3592.0850,3559.1225,3593.9800,3514.3230,4167.8274,5119.0900,4991.9076,4777.7804,4902.0800,4799.6317,4637.9193,4659.5000,4896.8960,5035.0364,4867.4000,4596.1928,5214.6203,6377.4000,6695.1159,6707.6247,6757.5000,6611.2316,6505.1716,6535.9200,6556.1970,6506.4089,6436.3700,6447.1112,6506.7555,6561.3400,6575.2453,6540.6450,6517.9500,6554.3613,6417.4227,6233.3100,6358.9090,6381.7512,6254.0200,6337.1884,6393.3259,6262.0600,6042.3670,5925.8180,5886.2400,5791.3182,6009.5066,6400.8000,6403.4497,6300.0409,6277.9100,6242.8007,6224.5331,6222.5600,6205.3843,6269.1410,6363.1800,6313.9708,6176.2786,6113.8700,6231.9829,6219.5162,6061.1700,6051.7345,6128.7580,6230.2600,6363.8419,6442.6963,6446.2100,6430.4290,6395.3342,6340.1000,6291.3736,6328.8301,6544.5200,6792.9639,6052.7736,4705.9100,4287.7641,4466.9117,4626.1400,4512.6393,4517.4302,4762.4100,4955.8147,4878.2154,4683.2300,4739.3391,4876.6899,4861.1100,4656.6743,4694.5711,4852.5100,4624.9766,4616.0087,4910.7600,4944.4995,4770.2902,4668.6200,4758.7372,4306.5639,3460.8900,3189.2599,3349.0607,3563.5900,3602.6932,3593.5169,3595.4900,3553.6588,3572.4823,3598.1200,3464.1546,3345.1934,3317.8300
2025/5/14,3304.7077,3349.8747,3423.8400,3431.1507,3432.2405,3437.0700,3398.1032,3396.5429,3462.3500,3544.4136,3604.7352,3602.9500,3532.9085,3542.9348,3622.7000,3608.1054,3511.9747,3453.3500,3542.9662,3626.6583,3656.4300,3735.3353,3872.4542,3915.6600,3696.8857,3516.2952,3536.4900,3661.2915,3783.1023,3777.2800,3601.0158,3585.0695,3658.1100,3539.3152,4033.1872,4869.8300,4896.5966,4799.5472,4943.2400,4978.0266,4881.1640,4711.8200,4558.0324,4637.5049,4743.9400,4585.4416,5275.0903,6492.4000,6684.6073,6498.3279,6448.5400,6395.7599,6384.7858,6457.9600,6575.7346,6602.7941,6536.7300,6503.5749,6516.3702,6516.5400,6454.8176,6475.6839,6542.7100,6473.3732,6413.2888,6440.0200,6486.3398,6515.3451,6477.5200,6334.0758,6174.5763,6074.5300,6040.4266,5991.5834,5902.6900,5851.7090,6008.6845,6238.4900,6224.4768,6219.2472,6301.5300,6300.8086,6319.4985,6321.9400,6171.5014,6149.4183,6244.8200,6181.9198,6205.5145,6347.5900,6349.3376,6187.8009,6122.8000,6420.1331,6522.3212,6409.8500,6567.2357,6539.0180,6279.6900,6219.3076,6103.7612,6096.1800,6610.8926,6741.5507,6527.1200,6725.2464,5943.0968,4577.2200,4570.9441,4753.3443,4582.2600,4694.3877,4734.2465,4642.3800,4732.9331,4604.2196,4329.9600,4456.7617,4782.0146,4938.0500,4747.9045,4658.4600,4795.3700,4857.4446,4752.5607,4650.4000,4786.2177,4857.9378,4826.6000,4859.2401,4391.9453,3671.0100,3573.9531,3548.5467,3463.6700,3720.6858,3731.2862,3524.9000,3691.4201,3610.5741,3334.9600,3575.7923,3765.4935,3615.6100
2025/5/15,3426.4425,3404.0807,3482.2900,3441.3600,3408.1664,3421.4700,3390.4070,3408.0359,3450.0600,3420.6384,3577.9720,3794.5400,3653.6439,3474.6580,3506.6700,3683.8404,3732.3949,3639.5000,3627.6708,3625.0758,3586.3900,3561.9666,3568.0222,3546.3800,3449.4513,3515.4010,3702.1700,3716.5414,3663.9583,3612.2400,3546.7672,3665.4407,3711.9500,3348.9306,3863.5357,4979.1100,5050.0736,4819.7137,4795.8600,4728.2504,4741.0000,4815.7300,4778.2367,4798.1971,4798.9700,4654.1729,5308.0172,6374.7200,6429.9336,6264.4026,6422.5100,6626.5869,6597.6708,6429.2100,6450.8454,6489.9000,6423.9100,6330.6578,6358.7603,6422.5800,6327.1414,6416.5565,6637.5900,6581.1048,6534.9673,6538.2600,6341.7715,6243.2250,6328.3200,6359.0311,6223.5009,6008.7600,5911.9576,5916.4663,5941.2100,5935.1331,6000.1340,6186.3300,6403.2094,6376.8971,6213.4000,6270.9903,6237.8705,6080.5000,6113.9327,6248.2782,6343.1000,6341.0439,6292.9067,6239.0500,6200.1019,6255.5089,6279.2200,6082.1858,6082.3194,6317.7100,6426.1540,6565.5139,6694.6800,6549.4849,6308.2018,6155.2800,6158.3841,6342.9155,6552.4700,6436.7898,5601.3886,4586.1300,4440.6736,4512.5293,4457.5600,4574.4067,4757.6035,4833.7300,4713.5942,4484.4242,4379.6700,4569.2324,4587.6017,4470.5600,4678.2866,4748.5609,4552.2600,4466.7275,4604.9449,4862.6100,5019.1591,4977.6898,4879.2900,4879.2978,4411.1580,3704.6900,3634.6061,3757.8461,3725.2300,3602.2535,3385.0358,3235.2900,3380.1118,3566.6330,3632.4000,3572.1151,3179.1997,2648.7200
2025/5/16,2485.8649,2616.6331,2760.7600,2687.4586,2580.2886,2511.8200,2413.1183,2494.7308,2691.6400,2693.1237,2594.8794,2553.3800,2618.1606,2601.9587,2539.7100,2620.0784,2545.3317,2400.7800,2567.8535,2606.7735,2440.7700,2465.1832,2662.4483,2773.8800,2573.8402,2475.6229,2607.6400,2710.5413,2757.8115,2777.8500,2793.3322,2831.3278,2795.1600,2594.8492,2640.5564,2868.4400,2781.6218,2548.3439,2410.1300,2481.6475,2763.7261,3120.6400,3343.1893,3370.6517,3308.3300,3309.6250,3221.3608,3082.0000,3110.4282,3172.3251,3129.6300,3042.7610,3380.3562,3902.3300,3885.6144,3880.0576,3979.4700,3745.7397,3713.9060,3946.9200,3931.5825,3747.3212,3659.2600,3821.8201,3849.4630,3703.3100,3718.4285,3800.3392,3800.3100,3689.7833,3671.7423,3655.2800,3398.6103,3426.2049,3667.2100,3526.0487,3447.4748,3604.2200,3703.0536,3744.3256,3677.0100,3443.1064,3453.3798,3641.3300,3544.5211,3481.1591,3534.7100,3442.7990,3303.9020,3275.5600,3416.8110,3540.0271,3477.5100,3267.3943,3410.6066,3709.9100,3503.7411,3485.0602,3783.3800,3755.5209,3326.2399,2905.7200,2981.9894,3049.5777,3007.1700,3178.2306,3004.4012,2696.9200,3050.9511,3252.8886,3090.1100,3142.4522,3122.4267,2955.3500,2929.1372,3018.3129,3099.1300,3050.5365,2834.7660,2712.2200,3027.0676,3362.4993,3396.6800,3165.0684,2974.0657,3077.0400,3462.8669,3564.3905,3394.0900,3434.7480,3212.3218,2719.2100,2511.9324,2548.5884,2612.0400,2565.1684,2647.1005,2850.0200,2877.8580,2661.3395,2533.0300,2871.7276,2918.2178,2594.8400
2025/5/17,2566.1507,2600.1911,2545.2700,2509.3345,2390.5594,2301.7300,2485.7503,2638.9398,2659.4000,2705.2704,2623.4567,2502.6900,2609.9552,2648.3597,2555.3200,2567.6901,2607.4560,2575.3700,2493.9471,2609.8445,2853.7800,2886.7616,2775.8537,2687.0200,2717.5248,2723.4851,2657.0600,2618.8879,2674.2009,2779.7500,2816.1785,2754.9634,2673.5600,2691.4604,2764.7264,2743.9700,2550.7855,2617.0579,2856.9200,2780.5875,2839.3079,3103.3500,3168.2070,3210.8103,3269.0300,3187.4578,3188.1666,3261.2300,3176.5808,3130.2948,3165.2100,3160.1335,3373.7329,3762.1900,3939.5721,3767.4422,3505.1700,3566.3362,3668.5954,3656.0000,3651.5444,3678.1134,3735.0900,3801.0173,3762.8251,3739.5000,3942.3582,3956.5153,3765.9300,3759.9280,3729.9083,3616.1800,3603.2257,3637.2720,3673.4000,3730.4675,3790.6714,3719.1400,3433.0451,3452.5450,3684.2200,3533.5534,3439.0881,3547.3500,3528.5992,3386.6650,3302.6500,3447.7647,3608.0514,3594.3300,3420.2649,3403.8638,3507.9200,3416.1859,3401.4070,3554.3500,3664.2069,3658.7686,3710.8800,3978.2882,3773.4382,3151.3500,2890.2485,2846.8070,2871.6100,2968.2301,2838.1533,2677.7600,2991.0812,3248.8813,3296.9500,3435.4975,3253.0249,2816.4900,2722.3103,3022.6487,3434.2900,3560.0077,3327.6402,3044.4800,3143.7819,3383.0519,3454.7900,3270.7171,3173.3700,3217.6500,3164.6944,3166.2418,3226.0200,3150.6518,2960.2676,2775.6300,2701.9211,2614.8245,2579.1100,2791.1147,2991.2588,2930.9700,2618.8535,2551.2383,2658.3400,2509.6786,2918.0073,3636.9800
2025/5/18,3537.2003,3424.5856,3641.6900,3696.2258,3603.7301,3469.0000,3365.8673,3429.6092,3634.4400,3782.4604,3708.1121,3551.1200,3629.1519,3791.7974,3794.8300,3557.9284,3525.7543,3708.7200,3689.1418,3594.4022,3617.8000,3800.6787,3892.8804,3801.4300,3677.9874,3721.2034,3804.8900,3644.5088,3633.6244,3775.5200,3680.9420,3626.2481,3647.3500,3580.5389,4065.5062,4803.4300,4783.4216,4686.3406,4818.7300,4818.2664,4870.6882,4948.8800,4819.7909,4836.9502,4941.4000,4854.2716,5590.8203,6709.3900,6648.6452,6461.0780,6644.2900,6625.4425,6462.4578,6398.0900,6564.2566,6615.1970,6546.3800,6651.5631,6597.1368,6403.3800,6450.5304,6506.3594,6427.2500,6330.2278,6376.6496,6539.3400,6599.1229,6375.5565,6135.7400,6305.5255,6243.4134,5955.6300,6078.9550,6121.8910,5913.1300,5843.3161,6084.3399,6357.2900,6224.9072,6149.7626,6270.5500,6259.8895,6141.4216,6097.7100,6279.9852,6457.3259,6383.0800,6054.0889,6079.3074,6315.0700,6081.9955,6128.1044,6458.2900,6276.4193,6005.1511,6002.2400,6186.0168,6258.2557,6187.9700,6220.4164,6425.9969,6575.3900,6356.4928,6128.8152,6255.0900,6610.4950,5882.2345,4565.1100,4517.0222,4694.2855,4601.8400,4765.8871,4649.7281,4359.7700,4585.5235,4692.0852,4511.2100,4540.5063,4706.6506,4722.7000,4457.4237,4604.9757,5031.4200,4889.6634,4606.5237,4621.7600,4917.1945,4943.6314,4775.2700,4877.9666,4343.0257,3490.6500,3645.6359,3872.8912,3677.9800,3491.8048,3363.0013,3424.0100,3791.7921,3797.1156,3440.6000,3392.4372,3531.1094,3618.1100
2025/5/19,3568.1539,3539.1497,3572.2300,3559.8210,3505.9703,3447.4500,3406.8584,3345.0387,3354.2100,3567.1055,3702.7672,3639.9800,3533.6724,3570.7466,3636.4800,3471.5346,3444.9040,3630.0400,3717.3121,3688.9632,3610.3000,3545.5448,3533.5037,3589.7300,3678.9462,3641.3284,3545.5000,3605.7917,3595.3286,3482.6200,3493.5245,3641.6893,3714.5100,3570.2269,3977.1043,4736.4300,4847.1366,4850.2753,4915.3500,4664.5394,4584.9283,4781.2100,4858.1041,4840.5690,4678.8600,4426.8398,5216.4771,6584.5500,6801.6883,6515.2114,6400.6200,6484.1858,6551.7854,6574.5400,6661.7731,6540.3296,6300.7800,6329.1237,6361.0534,6325.3800,6401.4481,6348.4754,6290.5000,6563.0066,6496.2522,6170.7700,6351.6034,6538.7671,6452.9200,6324.2373,6229.8460,6219.6400,6287.8401,6154.5639,5853.1300,5743.8121,5953.3991,6235.6500,6220.6764,6264.0329,6409.7000,6342.5320,6283.3777,6299.3700,6248.1046,6305.9481,6373.7500,6172.2369,6113.7132,6294.6000,6400.5693,6438.6963,6354.7300,6080.4042,6053.8348,6251.6300,6246.0680,6329.2644,6485.6300,6364.9216,6242.2113,6266.5600,6298.8895,6212.6721,6206.7300,6466.1957,5919.1572,4857.5700,4677.5565,4520.7699,4207.1700,4472.8606,4709.4013,4697.5800,4792.9482,4716.9473,4563.4300,4725.9595,4674.5210,4411.9200,4553.9430,5073.4011,5402.0200,4967.1902,4625.4393,4660.6200,4614.8862,4774.2066,5038.9800,4853.5044,4183.6358,3559.9500,3611.6724,3683.9616,3548.8700,3558.5459,3401.7530,3200.2600,3445.9787,3700.4306,3684.5200,3548.8588,3553.2322,3637.9900
2025/5/20,3538.0878,3519.3758,3599.2700,3523.9969,3484.0799,3543.5500,3557.1640,3510.8711,3451.2200,3437.7251,3479.0911,3523.3500,3514.5588,3563.6812,3642.6900,3608.6362,3576.6800,3565.3500,3489.9985,3497.0523,3591.7600,3621.0579,3601.7155,3598.0100,3646.7897,3665.7277,3586.2300,3438.0813,3456.4320,3610.6800,3632.6526,3568.8361,3513.2700,3584.1112,4103.2489,4736.4100,4757.6428,4680.4273,4795.3600,4887.9119,4886.2803,4786.7500,4663.5177,4772.4952,4867.1700,4581.4109,5177.2747,6428.2600,6727.4774,6536.0842,6468.8800,6631.0037,6647.4557,6515.1400,6579.7143,6639.1089,6533.7700,6354.4548,6432.6013,6672.4600,6631.7660,6423.8120,6313.1500,6448.3275,6503.1700,6429.6100,6458.3401,6366.1468,6233.0400,6361.3743,6286.9434,5993.2900,5931.0528,5860.9372,5767.8000,5921.7740,6128.7443,6290.0400,6460.5610,6456.2974,6271.7000,6131.5727,6208.0863,6389.1200,6387.5314,6289.0401,6252.6000,6322.2307,6197.2913,6022.4300,6226.1425,6281.1260,6180.1500,6417.4035,6462.8092,6192.8500,6057.5230,6114.0222,6251.7500,6311.2488,6199.0712,6125.2400,6366.1801,6359.0688,6244.4200,6566.8016,5920.6931,4652.3600,4615.8917,4756.4765,4571.2200,4672.3445,4918.1966,4989.4400,4758.0747,4732.5868,4934.1400,4887.8333,4718.7515,4699.3400,4935.1247,4930.9691,4680.3400,4672.4183,4820.9728,4806.5200,4445.0985,4392.6347,4794.1900,5046.9936,4495.8178,3661.0500,3704.4301,3686.9133,3427.8800,3686.2535,3826.3827,3615.0900,3493.3450,3534.4286,3647.2200,3693.6825,3610.4835,3492.2000
2025/5/21,3478.0550,3352.1308,3272.1600,3592.3923,3636.5168,3357.3700,3382.0482,3478.9727,3461.2800,3427.7546,3530.2627,3640.4200,3494.7691,3434.2487,3554.5100,3639.2159,3806.4308,3899.0700,3608.5741,3446.3802,3526.2000,3501.1683,3589.9390,3726.2100,3574.6458,3443.8125,3535.5100,3737.3440,3781.9398,3634.5400,3518.3238,3601.3432,3730.0400,3671.7605,4053.7146,4736.9400,4885.6078,4802.6745,4820.4600,4932.3248,4858.8690,4675.6400,4728.8702,4776.8812,4658.4200,4593.0496,5337.3611,6456.7200,6672.4581,6591.1661,6615.0800,6532.6820,6435.2088,6427.6600,6499.1690,6464.3589,6343.1900,6339.9458,6405.6310,6475.9600,6529.7800,6521.8169,6545.2500,6708.7105,6626.1948,6326.1800,6240.1986,6260.6497,6311.6200,6407.5786,6256.7923,5986.7800,6021.3993,6001.4920,5876.6800,5983.0074,6168.6912,6302.1900,6372.2142,6269.0006,6123.4100,6198.1504,6230.4989,6156.5600,6174.6151,6203.5275,6187.4900,6161.8912,6132.4790,6118.2300,6137.2481,6126.7159,6218.7700,6549.2027,6451.2352,6067.4400,6209.0578,6341.5175,6241.4500,6242.7211,6280.7953,6361.2200,6548.2756,6461.6113,6247.5900,6323.3272,5699.4594,4615.3800,4440.2418,4726.9513,4883.2100,4747.5336,4567.0387,4472.3300,4430.0095,4596.5733,4850.7600,4866.0260,4798.2506,4772.2000,4747.4911,4652.7766,4600.7900,4782.7870,4954.5872,5009.9000,5020.7605,4801.3425,4648.8700,4968.6626,4480.7586,3373.7500,3218.7630,3548.9877,3722.4400,3601.2247,3617.2968,3751.3100,3599.0010,3555.4837,3758.0700,3912.4105,3861.1028,3647.1400
2025/5/22,3448.5525,3338.1772,3335.5200,3406.8729,3416.5118,3426.1800,3595.2875,3603.4940,3471.2100,3536.2455,3568.7598,3539.8500,3647.4220,3623.3414,3499.6600,3573.4958,3542.5941,3460.7600,3674.3074,3687.8689,3481.1700,3543.4509,3649.7307,3666.7900,3683.1653,3576.9939,3494.3500,3694.5453,3629.5369,3320.7400,3360.8461,3536.7785,3619.6600,3670.6593,4104.5167,4740.0800,4922.5973,4827.6398,4757.5300,4858.8239,5007.1721,4985.4400,4708.7624,4692.1929,4844.0600,4717.7425,5398.7528,6634.2000,6921.1675,6661.1435,6420.6000,6398.6233,6630.4458,6776.8700,6450.1067,6374.1730,6594.6700,6478.3689,6485.6787,6648.2500,6489.5346,6336.6265,6396.9800,6525.2374,6492.5950,6377.7000,6448.8437,6450.0289,6353.5400,6365.4954,6199.0231,5971.4100,6097.9401,6088.8027,5870.3800,5895.5286,6125.3943,6291.3300,6183.4341,6200.7621,6327.1500,6172.3719,6104.9472,6251.9200,6348.8156,6319.0569,6236.5300,6226.6177,6228.5402,6192.5100,6143.9320,6168.3707,6226.0700,6210.4169,6292.5646,6403.7100,6287.7131,6171.0956,6137.7200,6080.9285,6183.1861,6343.6400,6255.2562,6207.6329,6353.1100,6425.6361,5707.0642,4735.4600,4840.3007,5092.6602,4897.0100,4578.5667,4478.3926,4588.1000,4637.3880,4675.6662,4696.1100,4622.8683,4648.8878,4698.3000,4550.0929,4714.5203,5015.4200,4756.6362,4616.9244,4789.3600,4748.9770,4465.1909,4280.0800,4485.7606,4264.6463,3646.0200,3513.5244,3668.2480,3804.1000,3801.4495,3594.0353,3374.9900,3436.1805,3488.5074,3459.5600,3489.0008,3138.4467,2555.4700
2025/5/23,2414.4389,2561.5667,2686.1200,2628.9374,2594.9921,2663.5200,2705.4205,2628.0000,2468.9300,2381.6861,2495.2288,2653.9700,2582.6587,2614.7490,2758.9300,2678.1004,2565.0851,2594.4900,2746.1687,2850.1271,2820.3100,2706.2910,2618.4703,2614.2900,2666.4728,2680.7597,2649.1900,2653.1337,2717.3703,2744.9800,2627.0946,2618.2873,2735.9100,2742.2249,2693.9067,2674.0000,2708.2242,2791.1865,2791.6000,2629.7732,2868.2941,3348.9300,3320.8113,3175.8187,3203.5000,3294.8158,3340.7378,3315.6900,3263.1661,3188.1250,3119.2500,3147.8841,3462.2380,3890.6600,4000.8652,3858.1403,3776.7300,4000.3018,4036.6378,3841.1100,3830.2325,3752.2382,3606.4100,3693.2857,3826.1862,3875.4900,3869.1445,3738.5500,3555.2800,3513.0456,3623.6306,3733.9600,3672.0783,3647.8941,3676.6700,3582.2839,3574.9303,3651.5100,3590.1545,3539.6542,3595.5900,3659.0057,3472.9291,3262.9400,3510.5114,3666.6502,3547.4400,3504.1969,3519.0550,3555.4100,3614.8076,3541.9867,3424.6500,3514.0794,3595.4400,3601.9300,3669.8182,3684.6872,3642.1500,3614.0463,3300.9771,2910.0600,2971.0082,2932.7752,2738.4000,2901.9220,3148.4900,3239.6600,3185.2934,3028.3482,3005.7100,3306.3230,3222.0016,2907.7300,3186.8965,3246.8868,2956.6800,3025.8239,3132.1977,3055.0600,2959.9332,3058.4755,3267.9700,3307.8844,3306.6344,3336.6400,3286.1372,2978.5086,2806.9800,3272.9717,3061.0313,2385.0900,2738.7985,2849.1784,2426.4300,2520.6044,2770.3443,2806.9500,2666.8484,2541.9076,2466.7000,2356.0628,2401.2990,2564.4300
2025/5/24,2594.4578,2585.2917,2605.3500,2611.2950,2576.8539,2572.4100,2671.4364,2613.3069,2463.4700,2557.6363,2679.6396,2686.4600,2656.8059,2688.7297,2767.6600,2776.1371,2653.1733,2527.5500,2590.9658,2602.3302,2508.1300,2518.5315,2699.0828,2880.9400,2802.8749,2613.8383,2564.0700,2767.4427,2826.1001,2672.5700,2612.8571,2616.6468,2630.3000,2660.0841,2689.0101,2700.0500,2676.6757,2583.4300,2495.2400,2574.1496,2858.9424,3106.6300,3026.4318,3103.5733,3301.3700,3135.5389,3170.1301,3422.6500,3314.0498,3132.7887,3111.7500,3222.0832,3503.0311,3771.0600,3751.9732,3762.3761,3857.1600,3785.9240,3717.2734,3743.4700,3789.9115,3852.4631,3842.6900,3672.5347,3652.8105,3775.1800,3731.3245,3684.7922,3733.9500,3777.9073,3681.1857,3560.7600,3660.0880,3705.9878,3602.1500,3536.5566,3590.4254,3623.5000,3461.5286,3530.3062,3736.0200,3551.3637,3380.1247,3369.7200,3300.5516,3448.9544,3717.6700,3658.2896,3428.7235,3316.4900,3457.3675,3507.8663,3407.4500,3417.9637,3481.6614,3473.6200,3358.7114,3379.2552,3547.3800,3577.9634,3215.8573,2706.3200,2634.6923,2976.0104,3271.1500,3051.7830,2890.4130,3004.6900,3057.1355,2970.8890,2939.9600,3165.0072,3113.5717,2886.1600,3115.0239,3310.2676,3252.0600,3202.1605,3116.2862,3003.4500,2992.6666,3140.7141,3293.2300,3231.6672,3231.2511,3332.3900,3313.0794,3334.0686,3449.7400,3455.7649,2971.4038,2356.0100,2411.8223,2610.3056,2659.7400,2754.2161,2731.3073,2620.7900,2651.9233,2706.1994,2689.7000,2677.4841,2942.4877,3367.6700
2025/5/25,3533.4520,3556.7941,3555.9500,3511.4498,3408.9745,3360.3000,3508.5275,3636.4646,3608.0000,3493.1496,3485.2471,3552.7700,3493.9048,3436.5259,3495.7600,3631.4095,3591.4982,3474.4400,3602.4275,3606.7145,3464.2100,3536.7744,3644.9059,3697.2200,3764.6493,3666.6529,3522.8200,3650.6901,3716.2337,3643.9200,3683.4940,3692.3384,3610.8100,3628.5543,4156.2950,4904.5500,5066.7882,4787.9260,4593.4000,4873.2627,4973.1651,4764.4800,4751.7550,4821.6916,4758.1800,4628.0180,5323.8113,6474.9700,6707.1785,6490.5794,6395.3500,6542.0798,6760.6902,6785.1800,6496.9434,6443.6524,6591.2200,6412.9757,6379.2937,6600.6200,6669.8488,6581.1631,6477.5900,6485.5658,6502.3526,6461.6000,6404.8104,6422.7270,6489.7200,6464.1220,6256.2609,5917.2100,5663.6429,5841.2394,6189.1000,6081.6099,5963.2562,6079.6600,6230.1180,6324.3711,6354.0600,6355.2041,6343.0305,6282.5000,6154.8627,6168.2268,6214.5200,6022.8042,6126.5618,6407.7900,6203.9545,6068.1781,6116.3600,5929.0428,5921.3934,6130.4500,6150.1448,6167.2445,6184.8900,6049.4111,6292.0793,6679.4400,6428.6896,6283.9529,6598.8600,6819.6863,5967.0987,4638.3800,4484.0339,4707.7214,4746.3700,4810.5883,4762.6249,4605.3200,4524.3717,4494.5439,4578.8500,4849.1336,4864.8691,4662.5600,4705.3245,4750.7074,4709.1000,4793.9474,5072.2926,5229.9400,4862.8866,4553.1923,4712.4300,5088.1342,4532.8140,3457.4000,3434.2127,3616.1197,3559.9900,3670.8228,3654.5526,3531.7500,3622.3205,3474.1204,3196.9000,3370.7436,3445.6147,3267.0900
2025/5/26,3265.0194,3452.6851,3557.3800,3328.6338,3272.2996,3406.4300,3297.4919,3390.8477,3677.7100,3659.1312,3588.2481,3626.9000,3638.4832,3454.9340,3246.6900,3370.0461,3561.3663,3614.3700,3562.9984,3531.5523,3526.0300,3468.2519,3487.6810,3546.1000,3486.9114,3548.5072,3707.8500,3694.6161,3690.2820,3777.6100,3835.7608,3794.2206,3646.0700,3542.0568,4027.6476,4805.1100,4941.3477,4719.1494,4552.7800,4601.4329,4738.0070,4825.7200,4827.0510,4851.7287,4812.2000,4647.2310,5271.2478,6403.6800,6742.8242,6650.3633,6510.3600,6350.1328,6391.5735,6553.0000,6497.7973,6298.4662,6178.8500,6290.6941,6333.8860,6284.1300,6391.4405,6459.1174,6473.6900,6617.0467,6668.0545,6581.0700,6517.7954,6364.7569,6245.4700,6386.3005,6226.1466,5835.2300,5866.9932,5994.2110,5926.2400,5766.6459,5997.8512,6410.4200,6303.7876,6125.9911,6157.0200,6232.1556,6264.1364,6214.3300,6097.1563,6036.9624,6057.6600,6082.2859,6137.5347,6199.0000,6195.9220,6181.8743,6153.0600,6068.7234,6087.7364,6196.9500,6221.3972,6226.0716,6238.1300,6211.2395,6205.0242,6279.6100,6430.3064,6510.7065,6548.4500,6561.9588,5760.2651,4608.2100,4496.8975,4713.8718,4760.2100,4837.7044,4928.9499,4949.6000,4830.6776,4588.4025,4450.5000,4634.9396,4595.3829,4396.9500,4627.6712,4777.5560,4709.3700,4777.8861,4705.3851,4592.4000,4824.4986,4797.1193,4654.7600,5021.3928,4522.8280,3417.4600,3425.5675,3594.8973,3475.8700,3618.5316,3800.0251,3728.3000,3396.5805,3357.6467,3553.8000,3417.3892,3318.5644,3464.5200
2025/5/27,3640.4009,3582.0572,3389.7600,3392.5393,3360.5626,3267.1700,3341.2072,3452.3232,3528.9000,3596.6841,3477.7284,3310.6800,3448.0727,3631.1271,3669.5700,3629.7158,3689.2265,3745.4900,3567.9939,3607.3400,3809.3300,3684.5265,3685.0266,3794.6300,3553.0438,3533.4963,3786.9700,3766.1211,3672.4942,3640.3300,3589.4113,3622.5434,3620.3000,3445.3751,3915.2483,4787.4800,4930.1136,4832.9072,4800.5200,4645.4934,4616.2903,4737.3900,4786.7413,4896.7397,4885.4700,4565.6094,5262.9208,6595.1800,6765.3057,6633.4563,6695.1300,6562.1033,6502.4981,6583.6300,6576.1325,6563.8192,6578.6400,6535.5846,6423.6002,6356.7000,6467.4358,6550.9746,6518.5800,6457.9356,6360.4306,6291.7000,6345.9695,6341.5142,6295.5700,6375.6633,6292.6001,6057.0700,5985.5529,5955.1904,5855.6900,5771.4746,6030.4205,6394.8200,6281.8102,6202.3446,6361.4400,6437.6925,6355.0440,6241.4900,6273.3375,6281.9890,6169.2000,6024.4569,6042.5863,6140.9700,6055.5754,5995.8254,6086.7400,6225.0945,6231.6877,6198.4900,6349.6865,6310.2103,6086.5400,6064.1751,6024.4842,5998.5800,6244.2140,6325.6981,6234.8700,6289.0623,5741.8857,4841.9200,4662.2477,4545.7774,4344.9300,4589.7392,4729.1050,4667.2300,4831.3772,4825.4932,4694.9800,4888.5132,4880.5941,4673.5900,4818.0396,4960.4335,4915.6500,4855.8649,4773.7237,4683.0900,4647.2738,4649.5533,4750.1800,4907.7101,4341.2401,3411.4000,3374.9835,3772.7744,3911.8200,3572.9159,3544.2763,3768.0500,3462.2419,3296.6585,3540.7600,3746.1916,3704.7326,3505.2800
2025/5/28,3425.7937,3574.8023,3755.9900,3659.5185,3548.9587,3551.9600,3553.9234,3592.1198,3570.6500,3355.2654,3333.5168,3530.4200,3581.7219,3541.4926,3478.2700,3413.8299,3549.1894,3769.1300,3722.9872,3565.6033,3557.3100,3786.6250,3780.6273,3525.8100,3467.1651,3494.1346,3543.0400,3675.5088,3695.9018,3590.7500,3561.2335,3662.3173,3672.9200,3437.5818,3939.4478,4835.3900,4737.8365,4494.9517,4608.0500,4730.6587,4817.1660,4860.6200,4853.5958,4955.0828,4945.1900,4609.1649,5337.8837,6677.9300,6696.9493,6490.6429,6628.4700,6550.1128,6402.5488,6397.9500,6546.8795,6573.6163,6499.4100,6573.3624,6509.6671,6392.3400,6594.3518,6640.6151,6440.3500,6382.7977,6376.1283,6348.1600,6349.5437,6340.6551,6360.4600,6454.8671,6308.6006,6018.1900,5999.8620,5953.8965,5809.7700,5845.8724,6075.2855,6301.2900,6302.8457,6302.1578,6288.4100,6066.0017,6056.1110,6257.3200,6234.7709,6135.7961,6114.2800,6145.5240,6081.8877,5971.4700,6014.3910,6123.6894,6236.8800,6337.0872,6216.3106,6102.4600,6425.2457,6516.5092,6202.6400,6028.1490,6286.1267,6594.5500,6326.5240,6249.9692,6562.3600,6568.3536,5746.8703,4595.0000,4235.3483,4436.8837,4665.5500,4607.4248,4622.2644,4716.2300,4549.1744,4467.3011,4665.3700,4949.7081,4915.9633,4747.8500,4954.6952,4846.3032,4483.9700,4643.5151,4759.2193,4688.7400,4831.2571,4709.3184,4501.5600,4813.0875,4494.4276,3640.1800,3543.7141,3563.7371,3466.0600,3666.7635,3586.4297,3317.0100,3552.4555,3704.5872,3555.5700,3500.6438,3579.8992,3667.5000
2025/5/29,3636.8164,3627.0474,3645.8600,3570.7724,3544.2660,3562.2900,3490.5855,3519.3747,3592.2200,3459.1836,3401.2275,3479.2000,3474.0148,3468.8541,3538.6200,3659.1139,3760.3852,3752.7300,3607.5301,3563.3462,3600.7200,3499.2776,3516.6621,3624.5000,3548.2412,3639.6836,3835.8000,3709.5185,3657.7047,3754.6100,3681.2238,3667.6643,3688.4000,3562.2785,4027.3822,4838.3200,4935.3948,4841.5452,4788.1000,4529.3948,4670.5008,5038.4000,4841.8672,4764.0012,4804.2000,4441.3766,5214.5549,6665.0000,6677.4717,6535.1469,6727.6900,6438.2798,6274.3271,6461.0700,6569.5599,6578.1050,6521.3700,6421.9149,6454.9970,6516.8000,6342.3895,6275.0840,6389.9100,6422.2186,6439.0993,6482.5700,6483.5709,6387.8357,6338.2600,6487.7620,6297.3505,5892.4800,5945.7416,5986.2639,5842.5800,5842.2517,5936.9168,6112.9400,6401.5130,6487.2692,6310.1400,6141.8950,6195.2871,6376.2000,6394.3549,6324.5678,6253.7500,6210.1816,6304.9395,6396.1500,6221.5983,6117.0334,6140.9200,6085.5627,6361.1242,6702.7600,6403.0392,6275.6492,6492.8000,6431.6815,6392.7436,6455.5600,6358.2555,6317.8367,6507.6800,6711.4661,5906.4630,4658.6500,4656.2971,4966.7564,4978.3900,4939.2591,4587.0984,4304.8200,4814.6238,5110.0536,4858.6700,4712.7394,4795.6553,4892.3700,4760.4295,4795.2218,4907.1700,4632.0444,4560.7833,4816.9600,4889.7100,4697.6384,4597.1900,4875.9673,4341.4394,3353.8800,3512.6585,3722.6569,3437.2800,3254.4668,3364.1052,3546.2400,3455.0631,3404.2660,3562.5800,3692.3581,3224.3057,2455.9500
2025/5/30,2314.4079,2473.5514,2592.2800,2626.2654,2494.7448,2364.4200,2494.1782,2495.0965,2343.7800,2409.9251,2523.6422,2588.1600,2669.4923,2639.3827,2545.1900,2587.1913,2672.1546,2652.5400,2507.0137,2611.2418,2948.7700,3087.3364,2905.1820,2572.8000,2403.4578,2440.3722,2560.7800,2616.5162,2730.7978,2829.9400,2690.8680,2547.2230,2546.3500,2635.9854,2775.8696,2859.3600,2775.9668,2678.6331,2612.8600,2554.3268,2866.6869,3350.8000,3375.9430,3223.1595,3210.6900,3342.9576,3192.5454,2939.8100,3195.8335,3458.1535,3342.6600,3030.1796,3294.0990,3939.7100,4006.9058,3898.7164,3860.9800,3726.0799,3698.7765,3750.8900,3664.0478,3762.3623,3978.8700,3891.1977,3764.7122,3769.8100,3803.8766,3768.1294,3680.1200,3636.6963,3605.2926,3586.1600,3623.7572,3675.2769,3709.9500,3717.1410,3636.5560,3580.4400,3721.9669,3751.7256,3579.6400,3447.8235,3545.7534,3742.9200,3714.1186,3564.9729,3451.4100,3452.9498,3583.7981,3782.8300,3901.6560,3701.4506,3375.1600,3373.8675,3387.2608,3386.4500,3640.5621,3728.5824,3616.3500,3656.6396,3511.1971,3111.9300,2818.7220,2888.0050,3116.2800,3042.5316,2883.3978,2829.2500,2860.8725,2922.8504,2965.8300,2978.4854,3043.3436,3115.5700,3067.3695,3034.5137,3053.7300,3040.5624,3084.0837,3134.2100,3050.5498,3055.9330,3169.6200,3195.1186,3247.2666,3265.7300,3067.6058,2987.7906,3107.3700,3150.5938,2971.1350,2742.6300,2763.8801,2721.8029,2623.1400,2772.8848,2788.6000,2638.4800,2646.0318,2472.7719,2237.6500,2430.6904,2541.0037,2476.4200
2025/5/31,2596.8568,2409.3227,2159.5200,2617.0655,2856.7669,2586.7800,2442.2229,2493.9583,2620.5800,2684.7513,2646.5044,2563.4200,2526.3725,2477.3795,2526.5000,2822.1964,2870.5489,2656.9000,2661.2434,2775.8219,2787.3700,2639.8906,2691.1516,2915.7000,2917.6495,2764.4169,2656.4200,2721.8481,2764.7367,2783.1100,2915.9932,2791.8367,2501.0500,2540.5248,2673.3582,2717.9600,2749.0940,2873.8689,2932.3700,2707.9777,2809.3239,3199.3200,3226.2911,3181.4169,3170.8200,3001.0095,2980.9635,3100.8100,3043.2747,3041.0430,3077.7500,2956.0498,3277.5911,3870.1800,3908.9115,3844.3481,3881.9800,3777.8191,3772.1404,3855.6500,3770.0494,3753.0169,3810.8700,3714.3038,3714.3374,3840.7900,3843.0603,3733.2358,3671.2500,3769.2023,3659.5467,3427.5800,3543.4968,3733.7998,3787.0100,3741.7062,3623.1682,3529.0200,3592.1298,3768.1730,3869.3900,3717.8419,3556.9382,3485.5600,3389.1064,3306.0805,3389.8900,3691.2943,3596.6133,3272.5700,3457.6061,3435.4209,3200.4100,3494.7790,3741.7188,3680.4600,3609.4237,3449.5679,3398.6600,3705.2560,3375.7672,2655.9900,2801.3946,2935.3074,2665.6000,2554.0009,2820.7879,3174.5100,3139.2510,3134.2447,3193.4400,2972.0178,3026.8698,3288.2600,3123.2433,3050.3931,3183.9800,3109.9820,3092.8648,3237.3200,3307.6821,3079.5608,2887.4900,3271.9430,3430.5651,3197.9000,3185.5201,3210.5843,3157.8500,3100.6233,2781.5548,2380.2400,2397.2223,2535.7050,2509.4000,2342.2567,2415.5534,2713.6000,2827.4146,2713.0038,2478.2400,2396.9445,3130.7429,4191.1100
2025/6/1,4313.5613,4091.2701,4038.6500,4098.9159,4158.5286,4108.4800,3936.9137,3948.2330,4026.4800,3809.3436,3904.1095,4207.3300,3999.2869,3893.3218,4019.9700,3895.6913,3864.4701,3972.1900,3883.7970,3785.8718,3753.6100,3676.5406,3681.7391,3740.9500,3693.7260,3709.4795,3789.5100,3749.9667,3674.7575,3637.7100,3634.7741,3665.6662,3642.7000,3559.8033,4048.4691,4859.0900,5018.8664,4818.3757,4653.8500,4652.5666,4752.5554,4847.7300,4873.2843,4915.7391,4854.8000,4627.9049,5306.1210,6520.9700,6732.2082,6583.5254,6565.3000,6514.1916,6518.0990,6578.2000,6566.1986,6472.4030,6473.2600,6726.4793,6726.4779,6498.2900,6563.7832,6653.5267,6609.5900,6569.6708,6583.2462,6611.8400,6578.8730,6504.1313,6412.1600,6328.2665,6352.6901,6418.3400,6320.5352,6057.4780,5864.6300,6018.8676,6235.2792,6325.8200,6331.0934,6253.7297,6193.4000,6286.9795,6393.2598,6522.3600,6795.1744,6904.8598,6829.9900,6832.0718,6740.3348,6616.3900,6737.6776,6875.4742,6890.9000,6848.0267,6746.6558,6673.1900,6742.5597,6774.8726,6775.1800,6920.4852,7039.4947,6941.7400,6637.7913,6634.3689,6992.8900,7143.6182,6324.8307,5061.1500,4745.8039,4951.8870,5188.2600,5372.5011,5438.8683,5398.4000,5348.6961,5412.2285,5418.5600,5122.7418,5137.4489,5441.0700,5412.0054,5411.1396,5475.4600,5274.2185,5291.1532,5535.3800,5502.5325,5368.3317,5385.8200,5509.0544,4956.9451,4128.5100,4239.8998,4371.1539,4111.9000,3956.3654,3799.7671,3761.7600,4137.0027,4399.9361,4340.3600,4221.9165,4108.0130,4074.6900
2025/6/2,4174.7567,4112.8955,3929.8500,3958.7894,4016.7836,4005.0800,4009.2933,3986.0877,3971.7400,4045.3757,4014.2913,3929.4800,4015.7018,3962.0812,3796.7200,3857.6464,3837.5938,3724.5600,3823.9776,3877.3909,3791.1300,3720.7170,3585.6040,3481.4700,3627.4348,3792.3075,3870.1000,3938.9158,3861.9898,3682.2800,3634.4775,3762.0195,3742.6800,3351.2499,3919.0125,5063.2500,4991.6923,4655.9728,4710.3200,4842.1168,4900.7790,4862.2500,4791.2680,4795.5025,4710.1100,4439.6461,5208.9053,6595.5300,6832.8978,6662.7080,6659.2800,6620.4729,6507.9901,6442.5800,6546.4830,6528.3992,6378.0700,6389.1715,6524.7674,6573.4300,6364.7860,6232.6809,6401.3500,6749.0397,6746.5397,6447.6300,6422.7712,6580.7935,6672.7100,6531.7500,6261.3965,6072.1800,6104.2410,6072.9242,5936.4100,5959.7152,6228.1191,6568.7900,6687.4647,6643.2744,6626.3400,6753.9657,6708.9298,6476.7500,6397.1220,6567.9361,6765.9000,6665.3782,6546.4596,6622.2100,6815.0263,6790.4918,6625.2100,6706.8597,6790.3170,6786.9900,6860.7965,6913.4917,6948.6100,7075.4420,7148.4465,7081.2600,6934.2146,6852.8953,6946.4100,7076.7292,6402.8754,5272.0200,4982.9036,5197.0014,5368.1400,5277.6058,5141.4359,5088.7700,5104.9074,5349.9111,5513.4400,5120.6960,5054.1679,5409.2800,5416.5214,5355.1840,5331.2300,5137.4768,5089.8284,5270.8700,5429.9270,5462.9659,5389.1300,5239.9104,4791.2475,4320.8000,4364.7904,4268.5664,4004.4100,4165.6576,4148.0116,3985.2600,4304.5209,4359.3728,4051.3100,4043.0298,4054.6125,4001.6100
2025/6/3,4120.3390,4172.9482,4055.4200,3920.4293,3909.1438,3944.5200,3864.9487,3995.5358,4215.4500,4061.5438,3955.8072,3969.8400,3781.4272,3778.8392,3942.7200,3859.0569,3877.3711,3993.2200,3832.3567,3729.3933,3808.3000,3832.2838,3708.0417,3629.9800,3835.4048,3779.4708,3544.5200,3731.2823,3748.7884,3530.1600,3646.5708,3896.0910,3852.4200,3448.1220,4043.6843,5186.9000,5017.6077,4667.1224,4756.0300,4775.0007,4814.2658,4888.0300,4849.1375,4850.5229,4792.7500,4553.1033,5164.7916,6336.4800,6628.7405,6462.8848,6390.7100,6511.4967,6539.8425,6450.6300,6491.2794,6591.9962,6667.2600,6676.1663,6500.2050,6313.3700,6442.8971,6591.8605,6609.9500,6594.4085,6423.6909,6267.7900,6462.6360,6626.5383,6581.8300,6485.7718,6293.7795,6077.7300,6024.8299,6094.2395,6080.4200,5881.5892,6184.6679,6747.7500,6609.3872,6406.9249,6468.6200,6472.5461,6387.1969,6408.4900,6692.8473,6687.7376,6494.5600,6753.2738,6951.0447,6825.8800,6651.3044,6640.8722,6776.1400,6876.4337,6951.5809,6959.0400,6827.1108,6766.6650,6831.7900,6881.4479,6907.3596,6915.3500,6915.6718,7017.6316,7240.8000,7339.7755,6530.7087,5318.1000,5108.8417,5261.6674,5269.1400,5265.4352,5302.0756,5331.2200,5263.6304,5137.6099,5192.5800,5590.6228,5554.4324,5065.6000,4927.1291,5229.1175,5504.4900,5230.6661,5098.4383,5272.7300,5259.4626,5251.8503,5402.8100,5534.3185,5072.6039,4323.4000,4202.7425,4189.6740,3981.2400,3837.4259,3910.2435,4140.1500,4299.3468,4212.2058,4009.1300,4012.3104,4145.6597,4200.6200
2025/6/4,4059.6256,4069.1109,4264.6700,4304.9617,4067.5258,3897.7700,4250.7265,4419.9409,4173.7600,3974.3776,3974.9688,4111.9600,4212.1581,4187.8554,3969.9700,3592.9121,3498.9807,3713.3700,3839.6384,3870.2690,3877.2900,3883.5577,3816.4503,3753.7300,3854.7238,3917.9074,3851.5500,3787.4690,3925.9195,4070.6300,3863.1561,3898.2743,4018.2200,3588.0330,3955.2402,4921.8800,4881.2641,4746.7605,4873.3300,4683.7289,4683.3545,4923.8400,4913.3614,4915.1828,4888.7100,4636.2608,5258.2702,6445.2100,6683.2141,6570.9014,6568.3600,6505.7060,6436.2416,6476.2500,6637.8154,6543.6319,6310.4800,6440.7083,6624.4720,6598.3500,6420.2880,6392.8017,6489.7500,6418.3861,6363.2106,6535.0200,6882.8217,6743.7867,6355.2500,6575.1756,6579.7341,6112.0300,5809.8361,5880.3866,6106.5000,6125.7154,6201.5652,6391.0700,6454.8278,6432.6008,6423.6900,6521.6307,6833.1810,6994.6600,6560.4565,6587.6033,7029.8200,6808.9387,6617.9079,6742.8000,6770.3581,6929.4043,7062.1900,6717.9614,6474.5307,6585.1600,6750.6591,6815.3453,6713.2300,6523.7647,6687.1162,7013.8700,6879.5869,6777.2052,7043.7300,7332.9253,6431.2341,5027.0500,5077.1181,5229.9972,4968.6100,5126.6880,5233.5173,5176.2700,5326.0421,5215.5848,4979.2900,5240.3890,5340.0100,5161.7500,5257.6838,5380.3076,5402.2100,5447.6740,5345.5215,5211.9600,5366.6088,5497.8141,5463.4900,5328.0225,4693.8385,3902.8200,3825.5654,4031.9304,4183.4700,4320.8289,4309.8488,4289.0900,4513.4691,4450.3042,4080.6200,3959.6172,4079.4577,4210.8900
2025/6/5,4149.5418,4073.8838,4079.2100,4074.3121,3949.0163,3779.1000,3793.2733,4063.4797,4310.4200,4152.0466,4014.2795,4051.7800,4021.5143,3990.2160,3969.0500,3889.6501,3910.1834,4057.3200,4161.7166,4040.1520,3771.4300,3641.2695,3703.9477,3828.7400,3820.5872,3723.9926,3642.8100,3654.6397,3740.0952,3864.7600,3986.0860,3995.1179,3832.2800,3644.2518,4088.7453,4820.7100,4808.2560,4752.5684,4919.0300,4869.9196,4862.9860,4928.7300,4819.8085,4799.5875,4783.0000,4561.3081,5272.3869,6548.6900,6741.1954,6445.0528,6396.4500,6702.7913,6751.6597,6531.0700,6576.9800,6538.3404,6366.5400,6415.0073,6521.0804,6537.3600,6482.3775,6434.1312,6399.6500,6345.1668,6401.2611,6530.9200,6545.0752,6486.5717,6497.6500,6645.6667,6561.2059,6202.4800,5924.7445,5913.5312,6104.7600,6264.8756,6302.0011,6391.1600,6729.0144,6718.1714,6388.7200,6390.1656,6545.1694,6677.8200,6809.3025,6878.4977,6762.3300,6428.1199,6337.9858,6560.3700,6700.2534,6597.5080,6555.0200,6978.8523,7128.7491,6778.4000,6465.2341,6542.5344,6865.4600,6981.5249,6976.5259,6982.2900,6998.3716,6886.4821,6875.3700,7187.6205,6510.3098,5213.2400,5082.8341,5324.0561,5294.4000,5190.7625,5271.8519,5502.7900,5590.6968,5421.1041,5162.5800,5120.2090,5209.6939,5362.8000,5558.8643,5522.0149,5331.4800,5346.6278,5374.2603,5250.9000,5045.3209,5050.3492,5270.7800,5354.8807,4923.6876,4284.2300,4150.6002,4133.2145,4110.2900,4328.6816,4331.8200,4099.8400,4076.9493,4102.9373,4172.7700,4387.2359,4061.9331,3310.0300
2025/6/6,3019.7242,3181.9656,3367.4900,3188.1596,3133.1647,3300.0500,3279.2818,3087.0344,2897.8100,2893.3599,3094.2612,3263.8100,3085.8735,2786.7929,2599.4900,2609.6948,2829.9499,3026.4700,2896.3751,2763.8640,2783.9400,2801.0502,2738.1035,2694.5400,2808.8343,2781.3779,2633.6200,2697.4800,2821.6393,2818.6600,2678.2136,2720.7473,2895.7600,2836.9468,2716.0937,2632.2200,2528.2596,2559.7742,2662.8500,2648.3909,2897.8542,3288.3200,3288.8820,3311.3143,3429.5400,3296.9907,3191.2865,3176.9800,3050.8157,3027.3881,3136.4500,3214.5479,3481.0570,3843.3000,3930.9445,3898.5386,3844.4100,3717.7765,3635.2853,3667.4900,3778.3241,3866.7190,3844.4700,3691.8221,3549.2939,3573.8400,3781.3475,3742.3203,3498.3700,3522.2577,3686.3660,3793.2700,3765.3634,3664.1450,3734.4100,4146.6211,4213.1908,3876.0100,3780.1209,3991.5012,4214.2000,4091.4841,3851.5233,3792.5900,4011.5098,4128.2511,3992.4700,3821.8277,3897.7714,4148.2000,4225.0734,4142.1119,4071.9300,4155.5988,4164.3031,4095.3100,4157.3900,4145.7017,4144.7900,4411.7038,4340.7045,3842.8300,3487.4338,3514.8572,3734.7400,3749.5085,3688.1466,3678.7000,3704.4339,3717.3550,3722.1900,3753.3115,3733.2315,3685.5900,3724.1360,3802.1746,3788.0400,3592.9900,3464.0087,3511.6900,3650.1876,3879.9881,3973.0100,3655.7354,3461.6109,3637.1400,3901.9368,3857.6705,3622.7600,3638.4546,3502.1927,3236.2500,3295.1851,3312.3850,3087.2100,2849.1116,3007.1390,3385.5900,3388.4676,3233.1147,3177.5700,3230.9528,3105.1585,2903.8000
2025/6/7,3023.5774,3187.5930,3188.7800,3094.6021,3087.2090,3144.7200,3077.0297,2941.7039,2871.1400,2960.6552,3115.2431,3181.7700,3050.7295,2830.3881,2718.4300,2820.8019,2761.8332,2608.6000,2776.3582,2845.5228,2786.2400,2964.2903,2939.7000,2752.4700,2885.3536,2869.8358,2673.5200,2747.1431,2768.8115,2689.6000,2788.2881,2782.2728,2749.7800,3045.2705,3130.3915,2869.6400,2695.7272,2774.7640,2903.8100,2770.2716,2782.6616,3029.8000,3187.4733,3287.8703,3359.3500,3339.7355,3206.5624,3130.7300,3297.4850,3247.8615,2992.5800,3047.6551,3414.1590,3840.3800,4016.5881,3880.3547,3682.4800,3766.8118,3862.7413,3857.6800,3880.1861,3780.4767,3667.9100,3814.1147,3835.2692,3730.3800,3849.4556,3775.3851,3581.1700,3779.1031,3913.9013,3895.4200,4050.6606,3947.7071,3660.3400,3720.2740,3712.0642,3654.2600,3965.9537,3993.9532,3709.2100,3777.4998,4049.3304,4255.1700,4268.4696,4159.8403,4045.5900,4002.3489,3961.8177,3899.6500,3891.6680,4080.0147,4310.2700,4255.8497,4146.2570,4255.5600,4580.8126,4446.1052,3998.9100,4015.6730,3868.2388,3514.9200,3593.0837,3685.3548,3624.6800,3664.5115,3652.3284,3549.6500,3509.2015,3564.3211,3738.2200,3988.7332,3946.4014,3678.7500,3623.0993,3630.1259,3634.4300,3730.3751,3722.4982,3710.5400,3959.6465,3949.4609,3730.5000,3847.3544,3769.4198,3457.2900,3467.6404,3668.6714,3772.8100,3615.6306,3417.3567,3294.3500,3181.6818,3089.2902,3071.2700,3166.9128,3261.8725,3170.2800,2857.4118,2979.4698,3339.9700,3172.9743,3471.6835,4175.2900
2025/6/8,4173.8346,4139.4847,4261.7300,4047.0669,4014.4815,4160.9000,3930.1364,3681.4247,3684.1900,3854.7181,4005.6081,3919.9100,3572.3045,3685.3403,4086.7700,3907.3277,3780.8495,3905.3800,3822.6771,3730.9427,3723.2700,3664.3640,3618.4461,3702.6100,3927.9410,3903.7343,3639.0000,3535.4890,3565.4404,3592.1700,3553.9510,3655.6324,3771.6000,3643.7072,4020.7785,4744.0300,4850.2283,4789.4510,4837.6000,4791.2318,4692.6860,4697.1600,4887.8668,4896.9268,4669.6200,4648.0364,5498.3542,6631.7500,6698.7418,6494.8889,6509.2400,6465.7204,6448.8086,6472.9000,6444.3459,6504.8418,6605.6500,6535.4687,6433.4810,6442.8800,6562.5092,6571.4736,6471.8800,6459.8439,6411.8021,6399.5300,6616.6412,6652.7253,6439.9800,6308.9848,6203.2097,6101.6400,6102.8679,6223.6828,6248.9700,5988.7492,6151.6130,6723.9500,6913.0668,6625.1262,6373.8300,6719.8716,6775.3504,6491.7200,6663.2632,6672.6535,6483.9700,6719.3924,6871.1075,6772.0300,6790.6044,6899.7219,6895.5600,6654.9167,6635.9152,6883.0800,6992.0626,6996.1962,6915.5700,6730.7114,6758.0982,6920.4000,6856.4278,6964.1865,7331.2800,7464.8973,6629.4289,5330.8000,4930.4985,5041.0994,5177.5500,5237.9211,5239.8789,5283.9500,5453.7928,5545.1999,5440.8200,5232.9137,5201.8324,5387.2500,5535.2803,5379.0428,5048.6300,4980.5252,5238.4128,5559.8500,5557.6084,5272.5530,5150.3000,5516.1771,5113.3803,4103.7800,3974.5656,4259.3861,4324.6000,4051.1478,3986.3046,4209.3600,4282.7841,4224.9284,4172.2000,4206.4223,4207.8039,4127.5200
2025/6/9,4028.4969,3938.4610,3946.7300,4125.6693,4207.2704,4163.7300,4190.5649,4088.7697,3933.5600,4002.4594,3903.6002,3690.4500,3810.7909,3844.9743,3663.7300,3608.2176,3827.1117,4002.4500,3713.3210,3729.3050,4003.3300,3779.5165,3884.9563,4256.9600,3953.4228,3673.5623,3806.6600,3995.2376,3857.1672,3564.5200,3637.0504,3786.1669,3744.4100,3623.4529,4086.6347,4847.2400,4902.6055,4710.5754,4707.8500,4848.2176,4770.4923,4582.3400,4735.3140,4894.9340,4781.2000,4584.2401,5278.0272,6463.7700,6689.9815,6535.0405,6579.7000,6784.8729,6744.6101,6496.9900,6461.3840,6473.7253,6477.7100,6581.9232,6534.1618,6385.9400,6447.5352,6487.8984,6379.3700,6243.7014,6224.3275,6384.7500,6617.2555,6493.2538,6261.3400,6538.4243,6444.7492,5993.3400,6095.4002,6186.1337,6053.4600,6076.6402,6078.0237,6202.1500,6758.8949,6894.7725,6672.9900,6951.1813,6958.4125,6515.5500,6313.2849,6460.5621,6637.4700,6484.5926,6539.5235,6790.0300,6693.4225,6668.2262,6807.6400,6769.3876,6751.1382,6754.4600,6609.0379,6772.4429,7085.6000,6921.0920,6854.2129,7013.6400,6962.9744,7013.1607,7313.2300,7491.4643,6594.8341,5200.1900,4954.7628,5136.3001,5188.3000,5285.5839,5419.3082,5457.7300,5304.3479,5260.6359,5346.3500,5304.0398,5285.2036,5318.3900,5301.1910,5499.1670,5686.7400,5361.9288,5218.8604,5327.0000,5099.0976,5015.5416,5242.3600,5326.8919,4750.6942,3963.8500,3973.9875,4133.6660,4022.4200,3884.3629,3996.1649,4185.5200,4045.1446,4006.9213,4245.4400,4465.4433,4399.0963,4215.9600
2025/6/10,4293.8723,4173.9363,3901.6300,3993.5928,4007.8663,3930.4200,4158.5014,4075.4333,3778.3800,4003.8053,4173.3054,3981.3700,3750.8088,3845.8415,4120.5500,4064.8155,3770.9285,3582.2500,3748.8569,3794.7580,3661.0500,3742.4442,3854.8003,3782.7700,3532.3988,3494.6719,3694.6300,3808.6715,3947.0940,3993.1300,3703.6315,3656.0599,3811.2600,3655.3288,4020.7849,4797.3600,4946.2808,4849.0878,4812.4700,4741.2693,4705.1848,4726.5500,4747.0847,4755.3973,4650.4600,4506.0674,5416.8452,6731.7600,6618.3285,6453.0638,6772.1100,6732.3851,6613.1824,6556.0500,6381.1198,6353.1992,6484.8400,6495.1667,6404.0837,6347.1200,6431.6836,6513.3390,6524.6900,6528.0151,6539.1365,6479.8500,6300.3244,6362.9144,6570.0400,6438.3477,6186.7737,5986.2700,5836.2648,5948.6315,6125.1400,5959.3690,6037.4163,6341.6000,6252.3497,6153.6636,6303.3900,6540.7041,6592.9012,6549.7000,6707.3282,6669.1466,6445.3600,6478.7468,6611.0059,6660.0500,6618.6604,6638.3595,6701.5800,6678.3402,6802.0667,7030.9400,7033.1931,6800.8524,6640.3000,6852.5139,6836.4178,6604.6200,6750.9609,6855.9347,6888.0100,7093.9549,6315.2736,4941.0300,4697.6164,5056.0519,5344.2400,5387.2651,5239.8554,5182.4300,5443.1971,5389.3188,5088.3600,5231.7273,5359.3152,5245.1000,5174.3103,5332.0470,5486.6100,5271.8878,5291.4501,5568.2100,5485.6467,5181.7525,5059.9800,5317.2909,5103.5274,4439.0900,4178.9872,4010.4199,3909.8300,4203.3647,4277.6623,4102.5800,4235.7492,4307.6742,4168.8300,4086.3360,4143.9325,4222.0300
2025/6/11,4152.2007,4165.7828,4264.3500,4200.6974,4056.4627,3963.4800,4007.7087,4220.8798,4317.8000,3968.1131,3842.3309,4102.0200,4222.7576,4002.6503,3703.9000,3751.8963,3746.9212,3590.1800,3582.0279,3584.5460,3581.6000,3704.2644,3736.8011,3652.6500,3638.9777,3630.7690,3652.8800,3805.1495,3873.6102,3795.5000,3724.9402,3747.3640,3684.1700,3410.9442,3926.1692,4893.4400,4920.3658,4818.7764,4945.0600,4835.1199,4817.3375,4912.9100,4790.2473,4751.4165,4775.0500,4662.0172,5380.3871,6560.8500,6743.8553,6612.6939,6623.0900,6538.0434,6469.4363,6507.2800,6609.8168,6681.0015,6659.9000,6554.2644,6455.4071,6438.1000,6494.4737,6447.9040,6402.3900,6591.8952,6514.4706,6250.8700,6388.9059,6490.6562,6465.8200,6618.8440,6419.0227,5937.6400,5857.9733,6043.6477,6199.1700,6204.8323,6398.5631,6631.7400,6405.9813,6206.9325,6355.0100,6681.1135,6753.1146,6617.0300,6660.9612,6513.2701,6269.8700,6469.5723,6780.9571,6916.8200,6898.2787,6897.3463,6981.1500,7056.1209,6955.7956,6753.5300,6709.0203,6799.1219,6877.8700,6814.2435,6735.7522,6871.3400,7298.3887,7380.2678,7149.3900,7113.2897,6358.1717,5197.2900,5021.7790,5196.7103,5227.7600,5253.5634,5287.4346,5333.4000,5392.4832,5345.7084,5257.5200,5296.9975,5215.6286,5086.7200,5224.3603,5220.2806,5135.6100,5405.3050,5383.0137,5104.2700,5266.0094,5401.0482,5375.4200,5447.4046,4955.1676,4138.7100,4020.3105,4213.0058,4351.8500,4399.8922,4112.0458,3806.9500,4098.3759,4329.8691,4186.9600,4001.4036,4010.8167,4112.1000
2025/6/12,4027.3318,4008.2757,4204.6100,4424.0883,4103.7795,3622.8500,3916.3436,4063.8173,3798.5100,3782.4675,3881.9180,3854.9400,3689.3139,3842.7487,4069.3500,3707.4088,3658.4916,4012.0600,3957.8953,3909.5407,4025.1900,3989.8068,3888.5788,3792.8300,3674.7681,3589.7185,3584.2700,3642.0247,3625.8981,3548.9700,3561.2075,3634.6985,3571.2300,3340.3020,3998.2590,5067.6500,4936.2165,4632.9944,4799.1900,5017.1037,4925.1837,4636.6400,4612.2720,4890.0071,5004.1500,4600.6044,5240.7579,6630.6000,6818.0323,6541.0165,6509.2200,6649.8425,6679.2971,6566.2000,6525.0151,6563.5769,6581.2000,6495.8783,6501.7711,6568.1000,6485.9681,6494.1152,6533.3000,6325.6095,6341.6788,6577.8700,6531.8918,6366.9901,6337.1300,6490.1499,6405.6903,6101.7700,6001.6788,5943.7723,5888.0900,6023.7162,6350.0282,6592.0300,6480.1311,6619.7916,6875.1000,6552.3738,6523.8316,6848.9600,6715.4219,6654.3480,6900.4800,7087.5553,7034.8737,6778.0700,6522.7540,6491.1289,6636.8600,6711.0361,6740.3963,6877.5100,7160.7820,6998.9672,6615.9300,6830.2220,6981.9906,6834.2600,6830.0325,6924.7082,7060.6200,7117.3753,6318.4011,5208.7300,5223.0505,5449.1549,5333.0500,5223.1657,5228.5645,5298.1400,5318.9687,5288.7564,5207.4800,5094.7880,5142.3563,5308.8100,5338.3874,5227.0869,5126.0400,5205.8204,5358.3789,5410.4100,5286.3153,5265.2757,5384.4500,5342.2871,4828.7578,4075.2500,3743.7308,4032.0924,4407.0700,4113.3907,3904.7567,4013.0600,3948.4205,3946.5700,4200.3800,4487.0813,3922.6684,2926.7800
2025/6/13,2867.2945,3069.8223,3022.4900,2901.7226,2871.6563,2887.9700,2798.6579,2801.9522,2952.2000,3083.6015,3089.0372,2987.6500,2880.8911,2767.4946,2713.6900,2810.8767,2883.2347,2905.3600,2976.4205,2841.6387,2628.4600,2742.2872,2824.9729,2710.2200,2606.6680,2661.4331,2785.4200,2773.7971,2811.0763,2863.4400,2709.4574,2634.8231,2723.2000,2783.2017,2843.8869,2797.6700,2513.4715,2514.3927,2727.7000,2616.5498,2791.7634,3203.8100,3134.5499,2993.4846,3016.8600,3021.8379,3013.8299,3093.9300,3309.9387,3339.1269,3144.6200,3068.2195,3425.9095,3961.9500,4058.6028,3891.0964,3760.3100,3801.1130,3810.6275,3758.6900,3797.6510,3794.0340,3750.7600,3809.6728,3833.2746,3785.9200,3786.6090,3870.6618,3908.3700,3765.4001,3830.0341,3993.2800,3773.0602,3683.9288,3837.0300,3819.0005,3748.1162,3694.5400,3627.8421,3844.5252,4184.0300,4122.0999,3842.3018,3691.9600,3861.9874,4008.5092,3979.2000,3918.2131,3858.5545,3871.9700,4029.9158,4131.7481,4123.0600,4134.1575,4172.9609,4189.2100,4137.2898,4090.4995,4139.6400,4255.2431,4006.6149,3541.6100,3498.1105,3758.5884,3994.4300,3945.0448,3684.9940,3462.8800,3503.2765,3585.1878,3623.4400,3714.1993,3697.6926,3609.4800,3665.6134,3758.9728,3768.0700,3692.2474,3723.7198,3801.1700,3682.8781,3599.5187,3676.8600,3827.6257,4009.0850,3998.0900,3588.1390,3386.7216,3552.8000,3631.2374,3349.6975,3002.1700,3134.9824,3273.0966,3204.5100,3163.1081,3076.8751,2942.2300,2914.1665,3158.2982,3363.4100,3044.5874,2898.9834,3140.8100
2025/6/14,3292.2207,3247.7620,3135.4200,3144.8943,3189.3566,3191.8600,3141.3129,2978.2906,2859.9600,2991.4169,2886.4490,2684.5800,2981.8740,3040.3061,2782.6100,2861.4034,2863.2888,2706.7400,2767.5101,2826.5835,2821.3800,2923.5020,2996.6877,2885.8000,2608.6737,2602.2534,2799.8900,2720.8463,2641.2198,2632.7400,2502.5390,2578.8036,2833.5600,2871.5102,2789.4328,2768.8800,2863.8437,2808.6146,2621.6900,2617.4370,2834.3885,3131.1100,3294.7013,3261.0929,3155.7500,3173.0118,3186.3298,3174.3100,3235.6404,3211.7119,3117.0300,3160.4110,3366.9129,3644.1600,3852.5107,3939.4047,3890.6600,3743.0588,3668.9743,3763.8400,3940.9272,3851.4805,3627.7600,3731.9048,3783.4133,3618.9200,3481.8240,3500.7818,3619.7200,3676.5508,3689.0127,3693.5300,3700.2899,3725.1955,3761.5200,3780.9427,3768.4578,3763.3700,3817.3428,3834.9581,3827.6700,3893.2639,3906.2985,3871.5500,3911.3368,3878.1365,3792.1000,3849.9288,4004.3225,4111.9400,4048.5320,3899.0665,3872.0300,4110.3626,4232.8240,4214.0100,4333.1906,4174.9277,3991.8500,4411.5054,4246.9867,3538.3600,3542.8764,3659.3145,3539.7600,3489.1585,3482.0899,3497.4100,3573.5938,3613.6869,3620.9100,3681.3967,3682.0144,3671.8500,3806.9784,3830.7687,3686.4800,3569.6441,3471.1280,3506.9400,3809.9315,3890.9938,3770.6000,3932.4898,4058.3330,3918.7700,3614.0096,3370.7921,3342.5800,3493.8805,3460.6218,3267.4400,3261.2988,3218.1699,3190.1900,3472.9639,3653.9269,3463.2300,3048.4780,2905.5899,3071.9400,3193.2655,3497.8213,3929.3800
2025/6/15,4104.4483,4073.2932,3966.4600,3873.2135,3844.8132,3816.4800,3690.4241,3656.0584,3785.7800,3947.7195,3960.7672,3812.3800,3687.4872,3825.0955,4005.9100,3763.3064,3505.1831,3508.7300,3668.6769,3776.5117,3797.2200,3832.5407,3760.5047,3649.7400,3718.0974,3791.0457,3716.4200,3531.2489,3520.0975,3653.5100,3637.6446,3609.2445,3587.6700,3536.5214,4063.9070,4826.0400,4805.3336,4714.4296,4875.1300,4897.6433,4879.5197,4846.6800,4710.5577,4715.1653,4733.4500,4541.1563,5269.4541,6538.9900,6712.9528,6509.2330,6502.9600,6536.1811,6531.2720,6561.7800,6724.2330,6730.7074,6535.6100,6395.7355,6411.9045,6497.6600,6490.7947,6498.6990,6570.3100,6639.8637,6688.8957,6628.8200,6386.6050,6271.5731,6388.1600,6505.9828,6289.1037,6019.1000,6267.5240,6253.9908,6002.5700,6317.0392,6556.9632,6501.5000,6567.1942,6562.8041,6495.3500,6597.0098,6582.8048,6442.1000,6484.6417,6666.7718,6746.9200,6525.4940,6373.9805,6417.3500,6455.2594,6543.5709,6708.5600,6866.1007,6889.3666,6805.5100,6781.2509,6880.8409,6994.9400,6960.4460,6972.9322,7069.3200,7090.2911,7090.6579,7167.4700,7216.4039,6443.4638,5239.4800,4922.3888,5107.0910,5352.2300,5549.0739,5402.7493,5045.7800,4943.4957,4988.1925,5114.0800,5344.7790,5322.6096,5110.2300,5146.8788,5307.9872,5342.7400,5139.6912,5045.6032,5119.1700,5125.9046,5256.4291,5544.6600,5667.4654,4997.1360,4061.1400,4084.5731,4214.9508,4100.6600,4218.3157,4243.8373,4129.6900,4175.7382,4137.0801,4035.7800,4148.2153,4153.2717,4015.9800
2025/6/16,4053.1730,4225.4364,4321.5100,4159.2910,3979.2079,3994.0800,4185.3781,4167.5652,3965.1500,3943.9510,3854.3056,3755.2900,3966.1044,4002.5770,3824.2600,3852.6321,3781.0634,3637.7400,3763.5734,3688.8019,3516.8800,3790.3251,3733.9417,3431.3300,3739.1226,3864.0205,3615.2400,3613.3364,3628.4761,3590.3900,3704.2094,3753.8618,3664.7800,3682.6719,4287.0114,5028.8800,4923.9830,4743.8677,4823.6100,4758.1722,4716.1737,4772.0400,4779.6229,4700.5277,4541.0500,4491.2495,5350.9355,6589.4900,6756.2238,6615.3217,6690.2100,6743.3528,6734.8759,6647.4900,6479.8810,6428.0080,6519.3800,6597.6792,6641.3909,6607.4000,6469.0289,6479.3066,6578.8400,6470.1257,6419.6562,6486.5600,6456.5460,6427.7004,6483.8100,6568.5666,6466.9357,6302.5300,6392.6951,6346.2405,6173.4500,6290.4119,6419.3026,6418.3500,6414.4506,6353.8246,6324.8400,6482.7996,6509.6321,6468.2800,6706.2960,6731.7569,6472.0400,6378.2625,6457.8117,6600.8400,6734.2533,6920.6742,7060.7600,6945.7134,6714.7291,6647.6400,6891.5508,6890.7737,6688.5000,6847.3534,6934.3126,6877.5700,7033.7203,7024.0557,6863.0300,6871.2265,6309.6649,5329.6700,4952.0238,5033.1804,5223.3600,5306.8786,5221.8343,5122.2400,5240.6821,5410.8505,5386.9900,5101.9292,5086.0372,5385.6700,5505.2051,5326.3225,5118.6500,5248.3891,5341.6726,5298.1700,5380.2644,5459.7185,5427.1700,5244.3497,4692.4497,3995.4500,3704.4516,3726.2064,3896.5500,4127.3052,4257.3842,4227.6600,4094.7137,3898.8907,3809.0300,3983.2189,4023.3728,3899.9300
2025/6/17,3965.4077,4071.1678,4089.6100,4081.1738,4230.6893,4295.4200,3877.4513,3739.7369,3884.8900,3622.5111,3663.1485,3957.2000,3730.9470,3750.6832,4009.0900,3733.8827,3725.5287,4026.6200,3843.6400,3669.3774,3762.5200,3848.6378,3801.4677,3692.0400,3676.1763,3639.3457,3545.6400,3506.1621,3621.5326,3830.8700,3934.5702,3815.6140,3571.6600,3517.6205,4036.7809,4812.3700,5054.6905,4938.7418,4803.3300,4817.7937,4823.0850,4774.3200,4780.3569,4781.6970,4628.4300,4414.5965,5305.1680,6695.4100,6714.8283,6520.6957,6662.4200,6534.5626,6443.9456,6550.3300,6632.2065,6518.2933,6368.7900,6503.4882,6632.6887,6553.8800,6370.7169,6418.2069,6603.3100,6531.2971,6512.4074,6557.5600,6370.1334,6325.6242,6490.3300,6510.0728,6288.4200,6017.0200,5984.3289,6001.7854,5966.6300,5988.5384,6183.7979,6365.4100,6238.9659,6267.9060,6581.9000,6794.4112,6584.9016,6214.5100,6277.9194,6475.6857,6489.2800,6300.6086,6235.1714,6343.2600,6421.4368,6664.3947,6867.0300,6608.3503,6577.2697,6844.1400,6827.5609,6915.2163,7060.1900,6810.2443,6799.3596,7039.5600,6886.9660,6668.8619,6750.2100,7017.7973,6379.4846,5177.8600,4950.6035,5314.7667,5556.9100,5345.8486,5181.1678,5179.8600,5058.6953,5251.7517,5569.9700,5346.2290,5202.4799,5309.1300,5250.2699,5369.2495,5610.0600,5498.4241,5271.2435,5194.0500,5318.3123,5466.2969,5498.3200,5347.8868,4882.5582,4313.0500,4075.2086,4067.3054,4153.4800,4260.4775,4168.2260,4066.1800,4349.8157,4475.5367,4259.3700,4060.1387,4004.0323,4002.6500
2025/6/18,3917.2691,3987.1446,4089.9900,3851.1488,3697.4474,3811.4000,3952.0321,3986.0354,3875.0300,3717.0235,3873.9818,4106.3300,3821.0769,3647.9330,3824.7300,3947.8463,3874.2637,3690.5700,3590.0025,3566.7765,3591.2700,3643.7446,3637.8568,3570.8600,3532.0368,3574.5147,3694.2700,3826.5160,3856.7354,3778.8900,3710.3861,3769.2111,3807.9400,3642.1793,3953.4692,4661.4700,4950.0667,4977.0141,4970.1100,4957.0337,4903.3308,4795.3900,4689.4254,4767.5528,4879.1200,4809.9431,5477.3891,6498.0900,6481.3987,6314.1126,6470.5400,6545.6022,6605.2332,6647.9100,6553.8971,6503.7618,6491.1000,6369.8037,6467.3857,6678.1300,6557.5608,6499.9044,6559.8700,6380.5795,6173.5912,6153.9900,6312.7300,6341.9588,6292.4200,6458.8815,6412.3276,6151.1500,6139.3364,6252.6859,6254.5800,6081.5604,6167.3231,6386.4800,6226.9647,6320.6552,6659.8300,6559.9739,6348.7158,6320.2300,6440.0697,6551.0147,6576.0700,6548.5683,6513.8688,6549.7600,6681.5970,6626.3345,6564.0000,6923.8433,7012.7221,6823.6600,7010.8716,7018.6017,6798.6700,6894.1148,6952.1254,6894.3200,6975.8856,6793.3450,6607.9600,6986.9144,6476.2472,5270.8400,5103.7119,5245.9659,5211.1300,5269.7516,5209.9657,5058.5500,5103.5323,5205.7259,5195.2000,5070.4715,5161.2530,5375.4400,5315.1864,5347.5177,5419.5400,5099.5553,4884.4871,4990.3000,5161.7920,5337.9899,5496.9900,5508.3195,4907.8156,4053.1100,3883.5626,4058.3743,4205.4400,4266.7557,4246.2229,4164.8700,4068.4399,4073.6195,4128.6000,4072.3005,4044.9512,4120.6100
2025/6/19,4194.0480,4037.6148,3861.9100,4089.3843,4151.5363,3926.7500,3866.9222,3918.9866,3896.3400,3718.8752,3713.3086,3907.9300,4001.3505,3975.1396,3912.4300,3892.2594,3873.5697,3830.2200,3780.5811,3738.7026,3684.2800,3601.3287,3611.7033,3632.0800,3479.6028,3511.2851,3721.3700,3755.7418,3848.9128,3945.8400,3739.3145,3657.7721,3760.1600,3764.1045,4214.0114,4934.9300,5100.0961,4989.4725,4834.1100,4614.1968,4628.7507,4780.8100,4690.8801,4738.0735,4841.9400,4678.5877,5478.3552,6821.3400,6908.1990,6570.4190,6514.9700,6640.6434,6825.9866,6808.5500,6403.4101,6278.0923,6478.3300,6425.1904,6371.6615,6437.6700,6460.7020,6539.4216,6614.2600,6497.6849,6392.1214,6424.9500,6528.6523,6561.8534,6494.2500,6397.0097,6239.1131,6016.7300,5816.1479,5851.9377,6014.4500,5987.4723,6038.7414,6299.5900,6605.0011,6759.4661,6783.7700,6840.5414,6788.6506,6680.4300,6723.2076,6671.8722,6503.8900,6481.2758,6641.0176,6766.1800,6617.0549,6613.9698,6783.5000,6747.4454,6738.1502,6829.9900,6827.0889,6724.9765,6691.9900,6878.8397,6903.7444,6794.5600,6903.1121,6746.5928,6671.0300,7327.2228,6558.7181,4852.7000,4992.7179,5582.6423,5567.0400,5298.2357,5066.7985,5069.2000,5362.0622,5692.8301,5689.4500,5199.6858,5074.4017,5329.2100,5196.6626,5097.8544,5189.4000,5198.7674,5404.7529,5631.7700,5367.7307,5128.4824,5235.5300,5414.3681,4890.2453,3955.4500,3730.1084,3906.2996,4008.0500,3891.0345,3911.4487,4137.5600,4264.1301,4144.9872,3899.7800,3779.2670,3675.9614,3469.3800
2025/6/20,3148.7339,2829.7632,2744.2300,3002.4654,2933.1076,2693.6300,3063.7231,3255.2988,3081.0700,3103.5781,2903.4633,2597.2500,2784.2534,2859.5256,2685.0800,2720.0186,2721.3411,2636.9600,2694.0267,2745.1909,2737.3300,2772.4727,2806.7962,2790.5900,2729.2383,2712.2739,2724.9600,2671.6274,2627.1977,2586.1500,2496.7568,2601.9779,2802.6000,2734.6705,2634.4472,2672.4800,2769.1273,2735.1751,2579.6500,2548.4949,2915.6262,3348.8400,3224.1461,3159.8108,3335.2000,3326.5273,3309.4975,3331.3300,3230.7615,3149.3460,3081.7400,2962.3333,3344.0878,3950.4600,3873.5395,3606.5202,3549.8800,3647.0681,3824.9511,3924.7200,3803.1910,3714.6079,3760.0100,3814.6855,3861.9632,3846.6700,3729.6251,3790.6562,3977.0900,3942.0354,3813.3780,3833.9700,4059.1437,3872.8652,3529.9000,3894.9103,4156.3931,3947.1400,3717.1932,3678.4855,3789.1200,3873.9223,3957.0455,3970.6600,3817.7889,3836.6106,3938.0200,3735.7471,3772.4778,4078.4300,4091.1490,3883.5987,3778.8600,4005.0563,4102.6343,3989.9300,4003.3260,3966.4438,3976.6100,4296.4077,4252.6887,3730.9000,3329.2267,3294.5097,3452.7100,3441.0550,3431.3341,3558.6400,3725.1979,3617.7967,3336.0200,3300.0569,3360.4468,3377.2300,3408.9871,3656.7054,3816.6900,3416.9107,3409.2439,3811.0500,3692.2866,3496.7719,3521.6100,3611.9694,3811.6437,3961.7700,3791.8138,3606.3418,3637.2700,3794.5028,3605.1005,3143.5500,2968.2843,3011.9106,3073.1600,3060.9927,3187.9334,3312.8500,3096.8265,3093.0251,3316.1700,3236.7553,3190.7280,3230.9500
2025/6/21,3087.9838,3200.0919,3401.4600,3063.5261,2820.2572,2883.3800,2869.9796,2985.8287,3164.1800,3064.8457,2954.0459,2994.6200,3072.4014,3013.1015,2838.7500,2749.9199,2820.5847,2936.2400,2920.1894,2951.0328,2977.5100,2780.2980,2728.3059,2862.1900,2845.9182,2748.9510,2677.3100,2660.8713,2702.3205,2732.3200,2664.7178,2606.8710,2642.1500,2745.0641,2758.0420,2741.6400,2888.7304,2932.2310,2764.0200,2606.6137,2867.7649,3304.2700,3254.3169,3137.5948,3174.8500,3159.7263,3087.5763,3062.3600,3162.0197,3160.9922,3037.5900,3030.9974,3289.9390,3650.6200,3785.9011,3849.6183,3824.6000,3582.3586,3687.9447,4000.1400,3826.1041,3761.4976,3901.9100,3726.7535,3565.5609,3679.2100,3945.6166,3900.6403,3645.7600,3705.1427,3724.3133,3631.0800,3735.5415,3852.2352,3928.5600,4059.9044,3912.5928,3688.0100,3910.4683,3862.6154,3589.2900,3849.2221,3978.2382,3861.8500,4047.8905,4095.2281,4007.3900,4227.0513,4182.4486,3879.6800,3916.2335,3924.3398,3875.5000,4137.0155,4317.2602,4217.4300,4034.2858,3980.7146,4042.0200,3983.7740,3621.8931,3240.3000,3335.0072,3462.6248,3484.2700,3649.2081,3604.3529,3349.5100,3274.4828,3297.0032,3342.7900,3456.8314,3634.5648,3852.7200,4004.9442,3706.7434,3293.4800,3492.5254,3490.6667,3189.6200,3348.2366,3725.2052,3960.1300,3881.8245,3513.6729,3160.3200,3214.7106,3489.1029,3713.4900,3715.4477,3460.6768,3169.6800,3161.2424,3268.4465,3317.1900,3281.0391,3250.7574,3190.3900,2998.9363,2920.9743,2989.3000,3024.5710,3193.3141,3636.1400
2025/6/22,4241.9529,4388.4535,4075.4300,3916.6663,3984.7585,4147.3500,4225.5694,4109.5613,3920.3700,3887.9694,3838.0980,3764.4700,3821.1602,3740.7575,3660.9900,3973.9118,4067.2406,3807.5100,3668.1163,3614.9248,3642.3700,3787.4609,3636.4612,3414.1400,3727.9017,3751.7031,3384.0900,3374.4387,3520.1260,3586.4300,3585.9117,3639.2521,3676.9900,3605.2738,4046.5058,4773.9800,4875.2823,4796.9286,4873.1900,4964.2144,4900.1545,4811.1400,4967.7976,5007.2992,4725.8400,4453.3561,5288.5994,6623.7000,6667.1858,6423.6657,6463.7500,6375.1556,6412.4315,6623.1900,6697.7295,6461.4215,6210.6100,6414.8866,6533.8911,6427.3800,6471.4852,6487.6664,6362.4800,6226.8011,6326.8079,6525.2800,6443.2686,6361.5089,6433.7700,6503.2099,6368.3834,6099.1700,6000.4404,6183.0784,6317.9600,6006.3851,6074.8569,6516.9600,6489.8088,6360.7462,6406.2700,6490.2313,6461.9305,6448.2000,6673.2917,6673.1461,6464.7200,6540.3576,6675.7958,6605.6800,6333.0706,6331.3493,6683.6200,6971.3336,6819.9776,6454.0500,6476.8129,6681.4391,6756.9700,6617.1899,6635.7268,6845.8900,6942.0069,7069.6308,7279.1600,7269.3346,6253.5240,4906.2000,4811.3380,4927.0873,4824.8600,5086.8980,5218.8292,5089.0900,5103.7061,5234.7283,5340.7500,5332.0287,5310.6345,5283.3200,5165.0431,5073.9384,5120.5700,5294.6376,5355.3218,5304.8100,5335.0062,5220.1648,5159.1200,5476.7015,4955.5688,3875.2100,3805.8784,3972.1239,3995.0500,4268.3912,4294.1893,4084.4400,4152.3874,4073.5180,3928.6500,4230.4867,4267.7331,3930.4900
2025/6/23,3863.9277,4063.6894,4185.7700,3918.9827,3729.3127,3757.4600,3715.6497,3683.7059,3744.3400,3848.9993,3810.2869,3571.9900,3333.5589,3614.3343,4025.7200,3674.0167,3535.5013,3836.1900,3840.4843,3856.8768,3926.5800,3740.4645,3726.3034,3843.6000,3649.5235,3686.4422,3857.0800,3539.5843,3533.6129,3800.5100,3525.9987,3549.4217,3819.0800,3508.3656,3879.8634,4870.6200,5027.2595,4768.5781,4651.4700,4784.3419,4891.6517,4795.9200,4591.8979,4673.0318,4835.8600,4650.9599,5373.5336,6651.2200,6748.9919,6506.5099,6543.3100,6623.4826,6638.3202,6618.4600,6650.3723,6656.3069,6599.8600,6521.1255,6435.3863,6421.4100,6537.1821,6491.2553,6270.7200,6184.4632,6348.6047,6525.1500,6380.2399,6374.7828,6504.0300,6313.8553,6197.6871,6185.7400,5930.4372,5873.8372,6002.9800,5897.7836,6105.3355,6519.6900,6465.3745,6557.8544,6853.1000,6754.8312,6609.5016,6626.1000,6684.0925,6862.5031,6972.2500,6707.9091,6562.3735,6659.9700,6669.1240,6708.9807,6735.0900,6542.1879,6403.0141,6508.7600,6792.5795,6982.2540,6987.6800,6915.4377,6742.4020,6602.0400,6711.1033,6863.9139,6989.7800,7056.9931,6282.2414,5130.8100,4990.8518,5214.4971,5292.4700,5316.3972,5142.9651,4906.5100,4963.6108,5184.4161,5297.8000,5167.3442,5230.7692,5426.7400,5274.9583,5170.6259,5286.5600,5387.4077,5399.6954,5324.1900,5218.1221,5241.6535,5408.6500,5464.6682,4820.9058,3990.5200,4124.2980,4241.8258,4020.9200,4092.7474,4109.0822,3995.0900,4071.8083,4128.4023,4054.5900,3968.3734,3940.6405,3964.0000
2025/6/24,3968.5445,3896.4237,3844.5200,3956.0557,3970.9775,3877.8500,3942.3504,4129.8192,4226.5600,4075.7181,4117.9874,4257.5500,3963.4778,3690.4552,3647.9000,3634.0969,3782.6258,3928.5600,3743.5192,3760.9772,3924.2100,3654.7691,3495.2096,3554.0300,3413.1049,3419.0464,3626.2600,3699.0430,3702.8858,3724.1200,3761.7174,3799.7012,3707.0100,3487.9318,4067.2038,5006.8800,4892.4691,4725.4945,4902.2800,4832.1405,4855.6600,4932.3200,4667.3618,4710.8844,4894.0800,4531.8572,5123.0682,6472.6400,6751.8776,6576.5411,6550.3200,6596.7636,6523.0361,6397.6300,6471.8521,6600.5907,6662.5700,6658.6616,6577.9620,6492.8100,6510.3757,6530.9514,6495.0000,6449.5654,6490.5374,6586.9100,6591.9254,6455.6458,6324.0500,6379.7039,6291.7402,6076.6900,6099.9513,6211.4924,6118.4000,5730.3090,5761.7951,6210.7700,6384.9659,6487.7866,6601.8400,6540.7829,6456.2174,6463.9500,6540.2249,6603.8123,6652.7500,6713.0174,6573.7034,6428.4200,6706.6738,6944.5979,6952.3400,6951.8737,6817.5395,6670.7800,6817.5720,6954.5403,6864.3500,6626.2013,6524.5379,6608.9600,6706.7749,6883.5350,7118.2300,7156.4187,6451.9620,5412.7700,5086.2944,5002.8050,4893.2000,4980.8896,5102.5034,5172.0300,5263.8233,5368.9937,5398.8900,5241.3144,4929.4337,4799.2000,5180.7916,5358.2404,5266.1400,5485.5844,5553.6227,5419.4400,5512.3578,5473.9092,5298.0500,5276.1066,4718.0612,3972.0500,4127.0951,4139.5832,3834.9300,4071.6347,4210.6175,4031.0200,4024.5117,4282.8984,4396.6500,3931.3624,3865.1328,4215.0000
2025/6/25,4049.8387,3890.6925,3972.7200,3972.8983,3980.6378,4002.2400,3905.7314,3780.2248,3775.7500,3934.8949,3880.3137,3673.5700,3730.2081,3727.6358,3645.6600,3804.0934,3924.2828,3871.7100,3791.3838,3746.5972,3705.2400,3612.1999,3598.8297,3655.6600,3655.6846,3739.9216,3783.2600,3522.6489,3456.4352,3647.7500,3669.5709,3640.9968,3591.1700,3496.6215,4007.0357,4805.3300,4854.3502,4756.7598,4846.5700,4849.4257,4815.7937,4745.2000,4578.8430,4565.6295,4624.6900,4567.6896,5338.2871,6550.1000,6738.3142,6565.6663,6588.8200,6693.4416,6710.9937,6622.2700,6553.0965,6579.6421,6602.7700,6457.0817,6348.5476,6388.7700,6470.4988,6383.7218,6275.3000,6453.7609,6388.7074,6162.9000,6393.6040,6553.6875,6409.2300,6247.1826,6087.3910,5944.8200,5871.6384,5800.2717,5743.5400,5856.6919,6388.4308,6883.1400,6593.1499,6455.8025,6640.2900,6458.2752,6534.1960,6772.6300,6404.8846,6182.3577,6527.5000,7046.6588,7005.3458,6525.7200,6419.2058,6526.7775,6623.8800,6684.4722,6725.0435,6721.9200,6658.1352,6726.5479,6901.0600,6938.6264,6819.6727,6662.3700,6640.6955,6827.5262,7070.1100,6985.9079,6118.9785,5084.6500,5067.7080,5223.7356,5159.9700,5287.2931,5360.3612,5250.5600,5113.5295,5068.9701,5062.0400,4972.4196,5051.9886,5299.2300,5421.9353,5362.3094,5221.8500,5148.6455,5095.4531,5096.1000,5220.7208,5184.8167,5159.9200,5507.9490,5229.9755,4394.2400,4106.1952,3993.4231,3908.3900,4137.5345,4281.6456,4172.7700,4022.1218,3921.1452,3950.7400,4122.7775,4100.8498,3994.0400
2025/6/26,4198.2019,4160.9326,3904.8600,4000.5620,3970.9788,3804.4600,3970.5985,3954.6445,3804.6400,4066.8105,4053.5462,3699.5400,3649.4388,3647.2104,3621.3500,3791.3298,3874.6987,3783.4300,3715.6962,3712.3260,3678.9200,3520.8954,3497.7828,3629.7500,3680.6529,3699.8906,3701.8900,3624.5525,3536.9374,3482.2200,3477.0627,3653.4651,3760.3100,3489.1802,3884.8956,4788.1800,4947.6356,4899.6290,4927.6500,4772.5172,4841.5215,5031.4100,4828.1809,4776.4393,4815.9300,4500.1543,5243.2322,6600.6100,6599.5217,6425.0091,6639.2100,6599.8794,6580.7228,6679.0200,6641.0775,6499.3155,6479.3900,6725.6067,6628.8996,6308.4000,6483.8703,6632.4101,6504.6300,6398.3341,6417.1095,6474.3200,6416.0261,6355.0334,6367.8000,6396.9781,6279.2926,6081.4200,6023.1302,5928.6216,5820.5600,5927.2003,6105.8919,6286.3100,6491.1167,6463.7593,6381.9100,6686.4474,6873.9940,6800.8800,6788.8207,6633.7969,6404.3500,6461.3908,6690.3699,6795.7700,6628.7685,6810.6714,7086.3600,6628.5757,6534.2813,6901.3500,6713.6904,6446.0163,6486.0300,6707.2250,6845.0593,6932.6200,7153.1245,7020.9472,6750.0300,6929.6047,6259.1741,5017.3200,4918.2815,5207.9111,5249.5200,5158.2188,5034.5338,5127.1300,5587.6203,5589.6122,5212.1800,5323.6036,5374.6063,5188.9500,5184.3882,5204.8879,5183.5500,5221.9513,5147.1175,5042.3800,5191.3325,5378.8107,5501.3500,5553.0867,5000.6913,4133.8500,3909.4063,4121.9551,4246.7900,3983.9976,3969.6158,4252.8600,4222.2938,3919.1180,3811.5700,4221.1929,3941.6443,3163.4700
2025/6/27,3270.9974,3348.1951,3048.1100,2975.3128,2900.3861,2711.6900,2619.7533,2753.4920,2898.4500,2727.3439,2711.8671,2919.8700,2938.1126,2853.9588,2808.9000,2823.8391,2758.5822,2671.9200,2742.1118,2690.1001,2539.1900,2616.9425,2789.8463,2785.1400,2488.6551,2466.7341,2742.7300,2798.5787,2791.6590,2778.2600,2628.7157,2569.4013,2661.8400,2737.4786,2736.7632,2667.5900,2585.2018,2578.9562,2615.2100,2614.2559,2819.6254,3170.7900,3314.9444,3274.4003,3146.4000,3010.9160,2968.0036,3049.8300,3186.9651,3200.6773,2986.6700,2694.6318,3035.4451,3700.7100,3664.6229,3625.1964,3803.8600,3720.4680,3745.0500,3910.8300,3833.7072,3690.9135,3641.9500,3665.0961,3675.1532,3676.6700,3710.7828,3568.3406,3399.8700,3579.2865,3701.5220,3640.3700,3671.1681,3763.0491,3818.3100,3753.4001,3498.2991,3368.4900,3766.7780,3953.5007,3749.6000,3690.0540,3764.0968,3810.6600,3768.7256,3966.3721,4164.8800,3816.9055,3749.9513,4069.9800,4039.1745,3832.3314,3807.9900,4078.2963,4034.8959,3806.5000,4085.2704,4191.3944,4013.7300,4096.1582,3947.5900,3533.4700,3362.8723,3233.3625,3111.3900,3229.8396,3465.1749,3527.3100,3265.7515,3339.3437,3626.8600,3396.5851,3366.2453,3683.6000,3734.4490,3623.8290,3522.9600,3498.0081,3675.5201,3848.9300,3656.5089,3496.4418,3557.7100,3645.5654,3642.9951,3469.5200,3197.5453,3419.9517,3940.9500,3887.2357,3358.7371,2906.5900,3003.0323,3047.8042,2950.9900,3158.4141,3170.6119,3024.0300,3242.6278,3216.6573,2942.7400,3050.1589,3126.2410,2963.5800
2025/6/28,2818.1170,2883.6011,3035.6600,3002.7907,3091.2734,3230.0600,3025.6465,2873.7712,2893.1900,2836.9528,2899.1977,3017.9200,2896.7359,2776.3908,2760.4300,2698.2651,2535.0117,2469.5800,2742.4989,2878.3385,2787.3100,2823.1870,2853.9934,2813.3400,2779.3598,2648.0936,2560.1200,2796.8975,3041.7753,2987.1100,2637.3392,2566.0513,2755.0300,2687.3207,2750.4558,2887.6700,2624.3317,2499.5539,2661.3900,2738.1136,2875.5195,3101.9200,3226.4330,3204.6840,3195.0200,3373.1550,3353.1806,3110.3200,3026.8578,3096.2491,3123.9200,2983.2983,3135.1961,3601.6000,3896.3262,3860.1717,3723.0800,3848.7787,3946.4754,3880.7100,3819.9341,3850.9467,3849.5400,3663.4691,3745.1639,3986.2600,3828.8608,3743.8117,3802.6100,3619.5157,3610.6869,3793.3100,3750.6285,3740.1240,3808.2700,3699.0576,3496.5137,3488.2600,3874.0888,4071.4311,3899.6900,3727.7484,3720.0526,3822.2400,3850.0716,3752.0882,3689.4000,3877.2322,4045.7141,4003.3300,3825.0350,3827.4551,3978.4200,3979.8846,4078.4808,4210.6300,4052.6129,4020.7407,4202.2300,4214.7846,3888.1614,3426.6000,3254.1092,3399.7493,3540.9000,3310.8891,3145.0724,3234.8100,3361.2735,3453.0094,3461.0400,3381.6013,3453.9841,3638.8500,3651.7319,3580.4746,3482.5000,3354.8137,3445.6833,3703.5100,3768.0617,3517.7708,3278.6900,3509.1661,3688.1190,3664.4000,3746.8256,3633.4927,3442.0100,3605.4539,3539.4072,3231.6200,3253.7388,3204.5190,2956.6100,2870.2285,3127.0273,3317.8700,2906.6355,2942.4328,3322.9500,3000.1714,3274.4804,4151.9000
2025/6/29,4230.7194,4046.1056,4039.5100,4060.4738,3991.8078,3861.3200,3811.4170,3911.5164,3961.3600,3750.0665,3970.6908,4326.3700,3844.7486,3663.4302,4035.2600,4047.9857,3826.1866,3647.9200,3614.0257,3607.5767,3584.0400,3597.7739,3601.8577,3640.1700,3798.4491,3870.1208,3807.1900,3748.3704,3653.0867,3562.4200,3591.2508,3636.1741,3598.5700,3560.6731,4044.6661,4763.5800,4844.3312,4723.0809,4714.2500,4721.3990,4831.0950,4950.3000,4875.5342,4865.5833,4897.4400,4806.5555,5401.6163,6370.2500,6511.1212,6502.8457,6616.2300,6459.0493,6523.2730,6734.6700,6509.5141,6386.0902,6549.3100,6612.4323,6483.0944,6387.3400,6575.2029,6478.5473,6160.8600,6255.3169,6345.8384,6361.3300,6623.5602,6597.7024,6392.9200,6621.8112,6500.9405,6023.1100,6027.9688,6214.1462,6223.6400,6046.5557,6080.6589,6358.9300,6503.6033,6364.6451,6184.2000,6352.9534,6547.5356,6543.7000,6418.7569,6325.2173,6295.5000,6284.6497,6467.4053,6756.1000,6819.9591,6641.3868,6519.4000,6757.9441,6778.2120,6615.1200,6873.3243,7106.6146,7009.6400,6735.4786,6606.9778,6692.4300,6794.6472,6831.5518,6916.5900,7039.7357,6128.2890,4783.6800,4841.9301,5349.0636,5497.2200,5376.6387,5207.1211,5162.3100,5252.9727,5137.7445,4915.5900,5035.0918,5242.0695,5309.7100,5252.8719,5210.2735,5180.7900,5077.6201,5129.4554,5285.0500,5257.0128,5248.2492,5411.3100,5586.6528,5117.3492,4211.8500,3805.5963,3796.9688,3953.1600,4107.6650,3841.4443,3534.9400,3974.1840,4164.8011,3881.7600,3878.8966,3944.9932,3960.9200
2025/6/30,4056.9881,3990.0766,3784.1200,3761.2615,3966.1913,4065.6300,3693.8178,3539.3575,3781.3100,3924.2046,3884.6990,3789.7100,3802.1326,3832.7221,3699.1300,3371.6114,3502.9587,3920.1500,3793.7201,3628.3061,3654.3300,3604.2306,3675.4998,3784.0400,3615.4910,3536.4931,3711.7100,3909.4707,3836.7252,3582.1200,3528.7139,3658.8329,3696.1700,3482.4110,3892.2993,4799.2100,5103.9317,4866.7972,4556.2200,4587.7015,4755.6792,4878.4000,4950.4960,4948.2530,4773.1500,4526.3472,5298.9135,6569.7800,6625.9786,6385.8209,6477.1300,6606.9097,6674.2051,6643.7400,6512.0428,6374.1089,6334.4900,6442.8720,6587.7916,6580.7800,6323.0841,6205.2369,6351.2600,6522.1227,6587.0598,6526.7900,6413.6960,6360.9094,6369.1700,6346.8427,6311.9311,6137.0800,5730.4574,5792.2254,6164.0200,6025.5312,6096.4363,6447.0500,6374.7170,6250.6012,6310.2700,6406.2630,6516.7026,6553.5000,6419.3093,6377.4967,6533.6000,6720.5463,6691.9268,6516.1500,6485.9062,6478.0164,6595.1600,7025.5381,7014.6810,6686.5800,6882.5165,6884.4952,6544.6200,6503.8994,6671.5397,6794.6200,6731.5309,6658.8678,6809.3300,7085.4956,6256.0799,4950.0800,5083.2869,5220.8672,4799.6600,4762.8277,5134.6051,5401.8500,5095.8741,5036.3687,5370.7600,5413.7359,5146.4548,4893.6700,4984.4898,5117.0332,5185.9400,5329.3045,5256.9897,5075.6700,5211.2246,5352.4052,5389.0000,5414.8289,4825.8707,3968.2700,3915.8733,4157.8760,4235.1200,4198.3417,4279.3317,4348.2200,4065.0262,3837.8504,3835.1800,3906.2333,4320.8075,4854.7500
2025/7/1,4919.4637,4861.7117,4764.0000,4394.7449,4255.9876,4380.2200,4328.3136,4389.8153,4614.8400,4700.7710,4652.1293,4616.6700,4687.7860,4520.9674,4264.2600,4402.2540,4390.8192,4239.7600,4497.1740,4620.1067,4391.8900,4179.1082,4234.5555,4442.4800,4453.7082,4320.8838,4242.5300,4361.5233,4439.8780,4343.5000,4162.5942,4077.4412,4087.1600,4109.9944,4518.3027,5155.5600,5368.8510,5112.6320,4828.5600,5047.3402,5351.6776,5286.2200,4858.4993,5047.9724,5495.7300,5049.3431,5578.8393,6998.2600,7204.9494,6911.3325,6791.3600,6765.3951,6827.1614,6969.4300,7115.6297,7039.0725,6842.9300,6877.9528,7019.6346,7083.5300,7005.7096,6946.0524,6969.0700,7032.2642,7249.6654,7367.8600,6993.1732,6773.0815,6920.7500,7023.8638,6968.3246,6808.6500,6678.4877,6675.3939,6725.5100,6687.7805,6786.1168,7064.0600,7302.2142,7332.9233,7230.6600,7234.0553,7329.8688,7354.2000,7189.1633,7215.9496,7354.2700,7188.7677,7279.3057,7679.5800,7809.7512,7590.8895,7290.3600,7243.4216,7224.1645,7279.9000,7629.7910,7566.3677,7268.9500,7598.8507,7704.2186,7451.3500,7570.8103,7645.6153,7652.8700,7882.3436,7178.3299,5806.7300,5354.0622,5537.9209,5839.4100,6001.0416,5829.4617,5603.4400,5801.0356,5892.5044,5782.8600,5895.0348,5970.6398,5892.0300,5847.0994,5959.2731,6061.1100,5878.1776,5777.4658,5934.4000,6122.8881,5963.2212,5788.5200,6163.4444,5683.2756,4576.6500,4560.7280,4813.6012,4821.7000,4878.3014,4668.7722,4419.3700,4731.7387,4928.2412,4757.5500,4651.9572,4752.4981,4884.9900
2025/7/2,4768.5840,4621.8471,4554.1600,4484.2656,4506.6186,4575.9700,4538.8816,4546.4487,4654.2600,4753.6203,4775.4872,4709.1300,4595.8785,4496.0121,4398.2100,4256.3647,4184.2536,4239.2100,4340.6326,4265.5120,4218.9000,4586.2504,4664.7235,4395.1600,4425.0662,4551.8844,4501.0700,4245.4801,4130.5380,4264.5000,4406.9856,4257.5411,3956.1200,4016.5927,4616.2868,5275.8100,5250.2465,4990.7473,4973.5200,5236.4418,5217.5920,4952.8700,5038.5756,5328.6276,5364.3500,5004.1171,5742.4706,7043.2000,6826.6291,6526.6498,6731.4300,6644.9476,6885.4524,7244.3700,6819.5575,6675.1394,7060.7400,7150.9042,7087.9845,7068.8400,7088.2889,7136.1198,7097.6900,6872.6361,6817.4336,6906.8300,6818.8414,7000.4367,7356.7300,7252.3821,6849.5777,6543.3900,6613.0507,6780.4109,6798.5200,6689.6248,6842.9454,7134.1100,7057.8775,6980.7784,7071.0800,7138.1364,7240.1642,7346.7900,7339.3376,7356.8702,7357.4900,7173.6123,7104.4021,7138.0100,7029.5025,7282.5804,7667.0400,7398.6175,7151.4209,7324.5900,7629.0895,7645.7469,7467.4800,7561.6718,7748.7319,7797.5800,7666.0672,7592.4108,7639.7600,7529.5538,6649.1336,5606.5400,5713.5071,5938.9272,5756.3700,5640.0694,5651.6820,5817.9100,6132.0983,6153.3931,5798.9800,5492.2339,5771.0335,6278.3200,6118.9139,5889.8911,5912.4600,5912.4010,5871.0944,5868.7300,5933.3498,5798.5594,5688.8300,5970.6686,5413.5085,4517.4900,5016.0035,5135.3427,4581.8900,4844.3887,5064.3425,4786.4400,4525.0055,4588.8803,4782.6100,4662.8082,4549.2047,4679.8700
2025/7/3,4951.8268,5023.9817,4883.2900,4794.5697,4611.4251,4432.1300,4543.0414,4598.0907,4590.5100,4795.3400,4649.3470,4274.7000,4420.2709,4750.8137,4900.0900,4797.5060,4556.6297,4364.2500,4348.8228,4298.7388,4212.2700,4292.0123,4383.3192,4383.8400,4327.9543,4219.3314,4092.6000,4042.2094,4221.6742,4359.7300,4040.2757,3981.8243,4225.6300,4208.7056,4748.5568,5528.4500,5302.8348,5022.3280,5100.3000,5012.9223,4892.1020,4906.7200,5061.5006,5255.0981,5230.3800,4982.4343,5932.6025,7452.8700,7387.8065,7032.3471,6991.6700,6611.2340,6479.7574,6761.6500,6973.2130,7047.6929,7019.2600,6913.0735,6768.7961,6725.8400,6909.4670,7016.7505,6918.7400,6774.3416,6759.5506,6914.5300,7102.8960,7051.5374,6942.3500,7179.0998,7138.2328,6751.4600,6611.8940,6687.0354,6747.1300,6637.5516,6619.6852,6786.9000,6963.0672,6995.0854,7001.2100,7229.6565,7412.3027,7473.2400,7573.0382,7531.8554,7318.0600,7132.7177,7149.4512,7288.3500,7320.0878,7384.2828,7495.5100,7487.1351,7352.6183,7243.6200,7326.0783,7373.4132,7364.6400,7496.7002,7626.4069,7707.7100,7801.0736,7675.4587,7582.8300,7892.8130,7300.6746,6048.6800,5770.8158,5822.1547,5900.9000,6341.6323,6335.7991,5904.0700,5877.6375,5853.6334,5675.8600,5665.5291,5781.8932,5855.7800,5784.0496,5840.2137,6067.6400,6179.1011,5894.2492,5635.0300,6099.8390,6354.5294,6179.5000,6148.1539,5545.5492,4709.9900,4830.9900,4995.5020,4741.8200,4541.0416,4613.5781,4811.1000,4803.6611,4711.5904,4681.8200,4669.5496,4254.0895,3699.8300
2025/7/4,3704.5218,3628.0657,3420.0900,3683.7338,3928.4725,3909.1200,3840.2245,3670.6614,3536.5600,3660.7249,3604.3341,3434.0100,3633.6800,3692.3935,3541.8300,3621.8526,3628.4608,3482.9000,3427.8134,3328.1718,3229.6400,3347.2914,3460.8373,3371.4300,3113.5509,3098.2149,3297.6500,3298.4681,3257.6252,3184.5400,2956.3837,3069.5700,3368.1400,3191.4284,3073.5535,3216.2700,3262.5588,3182.7133,3093.8000,3142.1330,3357.0804,3686.1400,3941.3928,3640.5694,3123.1300,3270.3780,3574.9398,3694.1600,3764.6093,3755.0481,3635.8100,3512.6828,3804.2329,4278.6400,4267.7170,4243.4818,4368.4200,4301.8529,4104.5291,4029.4400,4254.7173,4342.3468,4253.3700,4322.6515,4194.0910,4012.0700,4297.1631,4393.8899,4173.8500,4166.7784,4231.0121,4282.1000,4404.0667,4428.0844,4345.0300,4348.2854,4525.6797,4626.5800,4318.1231,4151.2272,4316.9100,4468.2859,4450.8369,4323.5600,4298.1497,4545.0706,4858.5900,4848.3588,4823.3998,4845.4000,4674.6374,4560.0436,4640.0900,4786.5028,4767.3793,4648.8500,4681.3657,4592.3573,4544.3800,4918.0681,4749.0168,4101.8200,4066.8324,4357.5989,4469.7300,4225.7133,4159.7162,4289.0600,4130.9225,3964.9030,4044.6100,4332.2249,4529.6021,4469.9300,4231.4313,4085.2094,4088.0000,4122.8715,4396.9327,4675.2500,4467.4910,4335.4752,4429.3800,4366.2511,4340.4632,4425.6200,4440.7573,4291.1210,4228.6400,4524.2608,4292.4011,3627.4200,3571.9755,3875.9103,4053.0000,3893.3897,3860.5396,3955.3900,3766.1846,3722.8832,3871.1700,3810.2111,3747.3787,3770.6800
2025/7/5,3762.8700,3881.2009,3976.7800,3738.4441,3684.5057,3799.9900,3591.2454,3590.6747,3720.2100,3359.1403,3182.0556,3405.2200,3563.6406,3626.9365,3512.9800,3151.7578,3163.3906,3552.3400,3663.7624,3379.7574,3042.9600,3114.4497,3273.5734,3341.0600,3434.6116,3499.8404,3463.8100,3328.5230,3275.2212,3355.3200,3442.0162,3399.9552,3253.2500,3150.5084,3100.2837,3090.8300,3134.2903,3264.5042,3338.9700,3160.1919,3027.3149,3144.5200,3445.3291,3671.5083,3665.0200,3474.1247,3377.1301,3427.8700,3436.4635,3363.4191,3294.3600,3399.8386,3832.4197,4285.2100,4235.1558,4093.9956,4132.2400,4214.5207,4120.8413,4051.5700,4366.9432,4362.2408,4084.4800,4270.3272,4360.4801,4292.1500,4556.5355,4571.8920,4345.6000,4459.3418,4370.5568,4259.6800,4828.9759,4884.6142,4360.6400,4400.3264,4557.3211,4552.7700,4601.5886,4575.0090,4519.5200,4628.7549,4630.9269,4506.3400,4514.8048,4552.8979,4519.8100,4458.6505,4582.8804,4799.2400,4790.2478,4723.6810,4646.7600,4490.3565,4668.5931,4942.2600,4657.5192,4570.9800,4926.3800,5123.7797,4721.1356,4156.4300,4303.1164,4482.1367,4285.7600,4014.5793,4101.8212,4407.8400,4387.5958,4259.0418,4206.2200,4184.1784,4158.4488,4133.9200,4126.3788,4066.3481,4042.9500,4219.6470,4348.2535,4352.2500,4368.5570,4294.2485,4250.7700,4451.8592,4365.7410,4062.9400,4144.7720,4198.9901,4247.7600,4640.7807,4324.9935,3552.7200,3684.9627,3902.4880,3731.2600,3574.8619,3694.8537,3890.0200,3769.0585,3816.5690,3992.3800,3826.1198,4069.5945,4642.8800
2025/7/6,4669.9004,4642.8066,4745.0000,4645.2955,4593.7136,4673.7700,4680.4692,4540.0171,4416.4700,4524.1702,4497.7458,4400.6300,4609.4717,4496.2582,4228.1000,4586.5831,4652.5714,4249.6800,4146.8465,4184.6071,4147.3600,4091.2091,4372.0748,4706.4600,4436.5420,4225.2670,4365.8100,4468.8130,4267.6355,4027.4700,4232.6931,4302.1670,4093.8900,4115.4179,4607.5598,5253.6700,5447.0784,5347.3342,5185.5300,5072.1611,5130.1090,5338.8900,5522.8107,5482.8481,5155.7600,4846.0182,5685.8095,7120.1900,7336.2767,7031.4596,6913.2600,6992.9724,7055.2906,6957.4800,6767.9046,6878.2220,7025.4800,6621.5587,6657.0820,7229.8700,7378.6795,7096.8951,6827.6700,6997.0948,7191.1664,7139.7700,6962.9827,6909.3690,7074.1500,7284.6456,7056.8292,6605.4400,6629.3579,6687.8088,6551.9200,6501.5740,6806.3192,7180.5700,7065.4447,6969.5827,7053.8100,7006.6340,7090.0226,7259.2600,7180.8911,7177.0188,7352.7800,7456.1219,7355.0839,7073.5400,6832.5116,7113.0047,7496.9100,7135.8496,7235.0410,7784.8400,7529.0278,7150.3548,7150.8200,7329.5664,7424.9039,7444.6500,7558.6491,7502.4184,7499.0600,7889.8151,7190.5417,5704.3800,5381.0749,5766.9686,6033.7300,5856.5192,5882.2718,6120.6700,5945.4034,5687.4176,5732.4700,6080.4058,6011.4071,5706.3300,6021.7064,6239.4259,6065.7600,5955.5182,6027.6950,6071.7400,5829.6631,5772.5591,5941.1700,5857.8826,5444.4383,4999.5900,4908.6005,4841.7435,4756.6200,4899.6736,4821.0768,4450.2000,4243.0603,4501.4659,4865.6500,4696.7732,4664.2197,4792.2300
2025/7/7,4476.9606,4472.9218,4856.1000,4915.9432,4895.2793,4923.7100,4800.4577,4471.0522,4292.7300,4662.2663,4704.8883,4472.0100,4810.9375,4814.5046,4364.6300,4317.4577,4468.6471,4523.7000,4446.4505,4465.6550,4556.1200,4444.6507,4147.8487,3971.4600,4227.5941,4422.6976,4352.7100,4277.1105,4327.0305,4379.9200,4227.1277,4161.9955,4189.4800,4100.0911,4452.7219,5118.7100,5326.9047,5265.5814,5201.4900,5197.0661,5187.3206,5200.9600,5328.2592,5411.7468,5245.7800,4926.4109,5617.3204,6959.5400,7344.6509,7296.4768,7265.5000,7128.4242,6970.8739,6932.4100,7040.3294,6921.2266,6730.8000,6975.0477,7076.9567,6925.3300,6964.1495,6907.3870,6806.3200,7019.0686,7048.6026,6847.0000,6875.4097,6966.5125,7016.9600,7079.6414,6936.3886,6702.1800,6754.1378,6906.6595,6883.2800,6657.8655,6940.2325,7523.2200,7449.2543,7146.0140,7068.0200,7220.5036,7164.5715,6963.3200,7081.8465,7173.4874,7085.5200,7032.0983,7080.2033,7247.1900,7479.5027,7490.3013,7315.9900,7265.7941,7223.0128,7157.7900,7211.4989,7412.0519,7567.8400,7453.6797,7445.6981,7609.8300,7622.4699,7460.1711,7360.1200,7445.2745,6731.3615,5587.0300,5475.5159,5739.9751,5822.2700,5806.4623,5761.3597,5803.4600,5978.9273,5851.5644,5624.0600,5929.8173,6117.4320,5952.5200,5854.2990,5870.2405,5950.0300,6023.2805,5938.1461,5801.0800,5867.8035,5895.7509,5957.0200,6239.0595,5695.3445,4645.2800,4592.5581,5070.6943,5325.3300,5021.5216,4599.3462,4459.4100,4638.6699,4667.6501,4523.0700,4608.2602,4755.6390,4733.0800
2025/7/8,4520.4376,4579.8654,4860.2000,4837.9663,4632.2837,4529.5600,4682.3052,4729.3632,4651.1600,4744.9616,4714.5078,4544.4600,4513.1464,4355.2692,4110.2300,4183.1429,4637.8153,4932.8700,4430.1113,4113.4861,4230.6300,4136.2805,4173.6674,4264.6300,3948.9545,3920.1051,4198.1400,4146.0868,4332.2805,4640.3000,4328.8029,4106.3631,4205.5600,4216.7884,4531.3515,5111.7000,5392.6934,5267.1894,5084.0800,5277.2989,5312.4110,5081.3500,5048.1598,5263.4830,5364.7700,5075.2865,5592.4246,6689.1800,6902.3561,6965.5465,7192.8400,7106.3969,6999.7977,7037.4300,7059.2212,6950.0473,6863.2700,7048.0727,7143.6653,7114.0500,7225.4866,7062.0378,6693.1200,6662.7567,6777.1440,6843.2500,6893.3232,7075.4865,7217.3900,6949.0885,6502.3583,6326.8700,6685.8281,6877.1469,6756.6900,6847.4379,7135.5358,7340.8700,7192.8245,6947.7872,6903.7900,7134.7888,7207.3186,7086.1900,7151.0131,7343.9366,7488.4100,7457.3246,7336.0718,7273.1200,7345.9815,7322.4596,7206.0000,7239.0544,7366.7810,7442.9000,7388.5999,7433.6533,7521.5600,7376.4823,7289.2896,7464.0600,7759.4557,7627.2191,7441.1100,7923.8422,7229.7737,5603.5600,5316.1321,5785.0907,6048.6100,5798.6301,5836.3144,6107.3400,5812.2975,5648.9510,5845.2800,5915.3870,5935.8248,5951.8200,5894.2778,5951.6746,6139.0100,6222.3881,5955.4093,5628.6700,5805.6602,6015.8234,6077.5500,6157.7016,5649.7091,4797.3300,4570.3749,4658.3323,4749.5500,4836.3883,4815.4206,4784.6200,4906.6991,4721.3185,4381.1500,4537.5105,4765.3653,4685.7700
2025/7/9,4380.5120,4442.9455,4754.8400,4644.2128,4546.1390,4689.8700,4828.8756,4789.2611,4617.7600,4533.0315,4639.3807,4696.5100,4386.9232,4303.8495,4455.5000,4317.7804,4458.3754,4735.1700,4381.0633,4065.8343,4146.2500,4314.8038,4348.6556,4263.8300,4231.9702,4210.8477,4203.0100,4252.5435,4181.7500,4081.1600,4213.2925,4247.4186,4108.5700,4110.8566,4476.7244,5005.2100,5234.5844,5242.4855,5208.7400,5241.3723,5306.7153,5279.2000,5092.8878,5119.2607,5188.2000,4929.5987,5682.4875,7008.3400,7013.1210,6772.9217,6860.1800,6768.7484,6745.3371,6902.7900,7003.3510,6776.7988,6534.6700,6840.2348,6961.8945,6814.3800,6991.5357,6936.8367,6685.5900,6882.9396,7074.5367,7016.8000,6930.2889,6910.6774,7022.5400,7238.4813,7165.6152,6880.5000,6816.5726,6620.0859,6389.7900,6640.8604,6949.4007,7037.5700,7028.4556,7089.7875,7237.6900,7319.6569,7162.3897,7037.7900,7366.3738,7411.1192,7110.4500,7139.6904,7255.8109,7273.2700,7280.7831,7273.8070,7235.9100,7217.1137,7450.3050,7664.3500,7380.2553,7432.9198,7786.6800,7579.9227,7429.4229,7467.6900,7207.8039,7133.0608,7512.7900,7916.9667,7078.9615,5726.1400,5898.5625,6167.4950,5862.7600,5756.3330,5791.6217,5742.6600,5578.0816,5783.6600,6116.9800,5859.0981,5767.8273,5965.7600,5831.8415,5798.8260,5961.9000,5946.6200,5936.1577,5975.1500,5908.3186,5909.5583,6014.6000,5962.1208,5246.9396,4443.2300,4703.8678,4992.8100,4799.9100,4602.2687,4486.3188,4494.0400,4674.6647,4849.9674,4877.5700,4748.3205,4606.0760,4491.3000
2025/7/10,4402.6303,4697.7330,5003.2900,4559.1732,4298.7355,4486.1200,4449.0552,4184.3735,4057.0400,4382.4977,4556.7148,4508.4800,4682.2694,4563.8199,4245.3400,4392.5034,4566.3369,4491.3200,4354.1445,4381.3120,4508.1900,4419.4860,4003.4576,3693.5100,4079.5067,4445.2073,4472.3000,4462.4565,4294.4812,4111.1300,4232.6209,4205.2707,3992.1800,4085.2305,4613.8960,5157.7000,5136.1703,5111.8165,5314.0600,5406.1837,5290.9022,5136.8400,5204.3553,5326.9331,5296.9900,5179.4823,5798.5696,6811.5200,6963.3353,6750.5017,6593.6000,6472.4285,6693.4352,7083.4300,7075.9086,6803.2874,6663.9500,6921.0175,6992.3881,6899.1800,7152.7397,7014.7583,6592.0300,6764.8372,6879.7543,6757.3700,6909.5156,7140.1721,7253.7000,7235.6325,7053.5926,6782.9200,6611.2598,6703.6737,6881.3300,6801.7238,6798.1284,6978.3400,7081.8172,6979.1075,6849.5500,6970.9854,6957.8118,6918.2700,7320.8093,7461.3401,7185.7700,7065.2435,7166.7503,7343.5300,7403.0432,7294.9680,7275.3900,7631.9288,7732.9620,7500.9900,7463.6948,7437.6880,7412.8000,7579.4026,7523.2797,7398.0600,7749.7697,7846.4899,7635.2600,7653.7766,6857.0044,5617.5900,5523.3927,5761.4541,5718.2700,5632.2683,5846.3286,6164.2200,6073.6170,5996.0877,5987.8600,5722.2398,5724.4093,5916.9800,5734.7577,5897.4415,6257.5400,5943.8430,5917.6653,6192.1200,5827.2433,5698.6449,6011.9500,6002.3547,5592.0871,5134.2700,5014.4914,4794.6986,4577.9700,4886.7759,4965.5465,4718.2100,4761.1391,4645.3107,4413.7600,4533.5042,4150.9333,3449.5100
2025/7/11,3525.5937,3662.5161,3542.3400,3579.1766,3654.6707,3684.3800,3717.1843,3638.9688,3519.3200,3555.0372,3558.9585,3535.4800,3661.7280,3661.8849,3514.0600,3472.3612,3421.6789,3336.8000,3362.1883,3562.7721,3682.1800,3379.2556,3150.0282,3221.9700,3361.7183,3420.7033,3357.8000,3229.3796,3157.0037,3255.8400,3493.9596,3370.5052,3001.3600,3013.6568,3154.2631,3161.8600,3053.4942,3066.2469,3179.1400,3185.9396,3363.0248,3679.3000,3767.8910,3648.6561,3526.5300,3569.0887,3479.0628,3278.7600,3324.4008,3554.9568,3662.2100,3449.6660,3671.6553,4221.0600,4219.1347,4082.9103,4101.3000,4160.2655,4373.1338,4518.0300,4231.8315,4138.6109,4285.7300,4123.1636,4004.5772,4103.3200,4211.3858,4259.5970,4284.1300,4346.7755,4354.4186,4332.9500,4404.5512,4446.3929,4355.8700,4185.8178,4254.9839,4424.9800,4265.7370,4244.9977,4463.2200,4528.8182,4472.0420,4437.0600,4515.7825,4585.7467,4521.7700,4343.4025,4420.8095,4648.4300,4597.0825,4754.2403,4929.4200,4446.0460,4281.4557,4586.6100,4564.7433,4604.9338,4887.4100,5043.0197,4616.5862,3940.5800,3846.9720,3968.9661,4018.7000,4087.3547,4225.3470,4306.6200,4152.4073,4011.8830,4030.9400,4136.3895,4231.3165,4315.6400,4422.4883,4333.4490,4161.1300,4268.8356,4445.8042,4405.8900,4069.1882,3873.0414,3977.8700,4184.9978,4471.5878,4646.4600,4470.6768,4359.8131,4406.6200,4288.3524,3983.4536,3729.3900,3785.9525,3807.0569,3708.2700,3741.7532,3845.3148,3864.2700,3719.2817,3657.1036,3717.8000,3738.4273,3879.6966,3986.5500
2025/7/12,3729.7402,3652.5609,3835.9600,3828.0779,3772.4903,3677.1700,3424.0167,3521.2597,3787.6400,3543.7162,3473.3879,3676.8400,3561.1655,3476.8378,3570.3800,3580.7530,3427.3008,3316.0800,3507.3050,3554.5904,3365.8400,3265.4510,3125.6514,3064.1400,3341.3525,3367.1978,3154.6400,3269.6131,3240.3254,2989.8900,2977.6039,3152.5756,3293.8700,3241.9340,3209.5437,3183.8000,2988.5136,3040.7441,3223.0800,3049.8095,3254.5899,3686.9200,3432.7663,3270.3814,3509.8500,3663.8116,3673.7410,3622.5100,3622.6703,3792.7451,3894.1600,3595.3491,3589.5620,3999.5500,4253.1357,4322.5858,4361.7000,4474.9467,4438.7554,4276.2400,4240.9769,4202.8761,4179.2700,4347.4871,4541.2036,4600.6700,4496.4943,4337.9433,4223.1000,4176.6115,4114.9612,4072.9700,4160.4300,4219.0249,4284.5900,4500.5585,4422.0609,4191.0800,4401.9313,4539.7420,4458.1700,4532.5030,4615.8316,4582.3800,4478.5508,4402.1570,4420.5100,4537.4266,4669.3284,4714.6900,4627.5580,4566.0503,4638.3000,4790.1271,4740.2130,4566.8900,4621.4319,4695.6308,4665.5400,4565.6343,4178.4664,3884.8700,4292.8494,4329.1317,3974.7400,4237.2434,4347.5276,4094.5300,4084.7961,4133.9836,4137.9800,4217.1274,4242.0229,4222.6500,4296.3584,4300.2830,4229.0800,4245.3920,4251.9517,4253.4800,4351.0101,4361.9429,4242.5500,4152.0792,4205.9175,4296.8600,4216.6932,4180.2747,4280.8300,4386.9325,4388.6412,4213.3300,3899.0820,3787.7079,3809.0200,3613.3199,3650.5966,3832.1700,3631.5002,3702.2427,3996.6300,3838.0819,4005.7579,4570.8700
2025/7/13,4758.2793,4729.9686,4685.5700,4622.6356,4564.1055,4532.0800,4538.2916,4584.5358,4525.1000,4252.3222,4350.2549,4644.7700,4379.5599,4169.8534,4288.6600,4374.4192,4314.1391,4188.3400,4164.3336,4258.1904,4367.3300,4359.4569,4300.3642,4284.1100,4316.3353,4157.2077,3953.3300,4109.3820,4284.1598,4219.2000,3991.3983,3904.1041,3894.2000,3746.8137,4263.0538,5199.7500,5388.9493,5163.0744,4969.7300,4967.8149,5240.2169,5441.9500,5097.4805,4826.7770,4849.2400,4942.6815,5775.3432,6901.0700,7036.6100,6893.4822,6907.2100,6843.5899,6927.2230,7047.9200,6851.5452,6811.5309,6946.3900,6817.7980,6804.8010,6982.4100,7002.1715,6888.4541,6852.2500,7047.1078,7070.1552,6932.6200,7028.7641,7083.4729,6993.2100,6956.1566,6992.2904,6958.9000,6693.9098,6410.0369,6298.0300,6425.4565,6818.6337,7125.9200,6925.7505,6948.8183,7222.0300,7060.3964,6896.2478,7026.4000,7273.2453,7284.4870,7120.3700,7154.2784,7218.7726,7296.5100,7512.2755,7426.2815,7090.9100,7063.5990,7363.8866,7594.2500,7350.9494,7275.6165,7543.3300,7685.9396,7591.8887,7379.0100,7268.1019,7358.9252,7627.1200,7782.3328,6913.6041,5633.2700,5604.5003,6015.1319,6122.3000,5946.2359,5731.7661,5737.3100,6040.7552,6158.6908,5960.6000,5792.0417,5911.8115,6102.9200,5909.3774,5700.3698,5748.3300,5968.4780,6089.0619,6021.7900,5899.2113,5827.5522,5849.1500,5850.8358,5356.9354,4717.5000,4763.5078,4643.1281,4358.7700,4740.7943,4844.2184,4468.8400,4404.5752,4594.5099,4839.7600,5001.1535,4864.2471,4597.4600
2025/7/14,4604.8890,4638.4815,4635.5700,4766.6931,4744.0484,4621.4100,4705.7241,4515.3881,4252.0500,4598.8884,4672.6320,4307.9000,4244.5593,4367.5263,4358.2400,4103.8789,4188.3047,4549.4900,4544.2902,4469.3831,4525.1600,4566.5282,4437.8185,4220.0200,4147.5753,4132.2653,4134.0800,4185.5731,4100.1272,4008.5400,4225.0380,4321.0021,4088.6700,3865.1940,4462.5587,5393.4800,5298.1393,4948.9573,4950.8400,5147.6365,5218.3715,5149.4500,5193.0144,5299.4990,5299.3800,5203.2720,5843.4904,6847.7100,6901.9176,6549.2575,6399.8200,6566.5819,6830.9282,7020.6400,7107.3131,7136.3006,7113.7900,7019.8414,6952.6153,6987.4700,7119.7205,7234.9563,7161.5700,6855.9190,6873.5630,7145.7000,7061.0666,6923.1714,6968.6700,7074.3974,6914.9069,6590.0800,6522.9398,6544.9882,6474.4000,6364.6923,6621.2176,7040.6900,7012.1896,7045.9025,7289.1800,7349.3915,7276.9055,7238.3700,7321.5382,7316.6720,7203.6900,7189.0356,7323.9643,7498.8500,7522.8727,7367.2178,7273.4500,7525.2787,7681.8848,7600.3200,7533.5544,7406.0330,7370.0600,7661.7561,7633.7765,7378.8900,7602.4000,7644.6624,7465.4700,7607.0268,7121.1325,6155.9300,5899.2786,5811.7598,5641.2500,5747.5531,5995.4816,6090.6400,5863.3297,5734.2162,5863.6800,6029.0081,6109.9907,6065.8600,5939.9308,5904.9335,5947.1500,5910.5493,5933.9430,6028.7400,6042.7714,5985.5398,5953.1600,5944.8435,5436.4553,4684.7800,4567.1258,4799.6588,4928.3500,4769.4069,4681.3382,4743.1700,4702.2249,4628.0542,4550.9300,4438.3409,4492.4693,4709.3600
2025/7/15,4817.9952,4571.1304,4351.7800,4759.5855,4828.3512,4404.2600,4314.3756,4468.0542,4564.5200,4453.0242,4436.1130,4555.8000,4581.0533,4665.9807,4685.8800,4348.6403,4183.1133,4331.4800,4448.3170,4607.0311,4649.5800,4303.1435,4170.9145,4266.5900,4043.6111,3941.8851,4166.1000,4378.2772,4072.7210,3614.9200,3885.3372,4217.8630,4105.1200,3788.0239,4221.3250,5214.1200,5560.2187,5274.6583,4927.4600,5053.3937,5136.4851,5101.4600,5350.7316,5397.6215,5072.4600,4894.8263,5869.6750,7218.5500,7047.8685,6549.3253,6587.7600,6868.3373,6951.1038,6768.5300,6633.4731,6777.3099,7010.8200,6917.0771,6745.8065,6781.0800,7037.3675,7026.5389,6799.1900,6876.2690,7018.3447,7009.5300,6887.8781,6820.2997,6930.4000,7132.2847,6837.7975,6320.6500,6449.7923,6565.0935,6443.2900,6551.7810,6803.9794,7040.3600,7171.8745,7104.0808,7000.1000,7160.5460,7400.5504,7490.0800,7353.2802,7207.1057,7166.4500,7194.9478,7339.2452,7451.7400,7314.8646,7278.8050,7381.8100,7336.8078,7367.4763,7534.3600,7593.8344,7294.7176,6973.7000,7219.1011,7318.3946,7107.3400,7148.3157,7391.5343,7650.2300,7671.6125,6888.0954,5841.4300,5763.4785,5926.5951,5858.4400,5807.4057,5866.6701,5964.4900,5959.0358,5899.7937,5897.2600,5983.8094,5853.8373,5618.8900,5700.0563,5767.0693,5696.1900,5697.2647,5719.2499,5739.1700,5817.7245,5958.5819,6127.4200,6167.8563,5569.2190,4717.9200,4561.5320,4396.1465,4129.4000,4421.7936,4816.8859,4853.7100,4528.5650,4485.3773,4683.0000,4510.0133,4423.4005,4568.4000
2025/7/16,4580.6420,4418.3657,4321.8800,4524.4124,4484.4518,4224.6400,4296.9771,4353.1848,4316.8200,4483.8293,4630.4974,4666.2300,4720.0908,4727.2693,4613.6600,4400.7161,4306.7300,4214.3100,3852.2986,3838.2022,4242.5100,4462.2221,4313.5945,4171.6300,4521.5007,4555.1626,4224.7700,4266.3758,4229.3833,4067.6700,4237.1542,4362.7107,4153.5200,3849.2793,4532.8356,5690.3600,5635.1448,5172.6163,4999.8300,5044.7611,5162.7975,5172.4300,5010.7800,5162.4855,5452.3900,5324.3712,5814.6898,6736.7900,6797.3799,6753.6147,6953.8200,6934.7875,6748.2670,6669.1700,6871.0918,6821.2855,6613.0300,6860.5625,7067.6279,6902.3300,6578.1537,6654.4095,7033.7000,7091.1858,7034.7031,7051.8200,7075.5626,6977.0724,6844.1100,6888.3367,6910.0893,6855.3800,6824.2839,6554.6071,6273.0800,6539.6685,6931.5485,7075.6900,7002.3038,7117.2772,7240.8200,6890.5203,7013.5967,7443.3400,7098.8874,7083.5386,7372.8200,6895.4317,7060.4780,7810.2400,7629.4328,7533.3320,7801.6100,7633.2605,7449.0277,7511.2500,7633.4736,7744.4755,7667.5700,7287.4826,7255.0960,7558.3500,7554.4388,7494.1053,7689.5200,7978.8849,7084.0160,5588.4600,5503.9478,6022.5218,6139.0900,5686.1789,5662.5170,6007.9900,5749.5645,5599.9497,5779.9200,5764.7750,5751.3481,5918.8700,6178.5016,6214.3815,5940.9500,5579.0253,5423.8742,5513.5300,5641.2091,5715.3097,5757.6200,5785.0189,5489.6470,4965.9200,4721.9642,4956.1611,5166.2600,4674.0363,4510.2252,4805.5400,4679.2957,4521.8562,4610.8700,4750.2753,4651.2984,4497.7700
2025/7/17,4707.5422,4705.4391,4446.3300,4494.8043,4719.9209,4816.8300,4630.5144,4547.9563,4568.6400,4376.2320,4445.0689,4595.8100,4184.9304,4088.1001,4377.3300,4253.0449,4171.2368,4241.6300,4090.4876,4082.7939,4309.1700,4450.4952,4420.2728,4327.7400,4329.4054,4253.7771,4135.3600,4226.1143,4480.1393,4549.3300,4122.8437,3900.1521,3994.8300,3969.8292,4498.3017,5378.0600,5544.7964,5142.1365,4807.9500,5072.7979,5343.4215,5275.4100,5090.0369,5120.1631,5173.5900,4940.3341,5728.4654,6998.5600,6801.5374,6512.7498,6793.2600,6926.1308,6957.7086,7015.9700,7077.1671,7023.7483,6882.4300,6796.4230,6717.0757,6716.0400,6921.4461,7019.3055,6864.3400,6616.8165,6525.8343,6656.8500,6855.6618,6915.6156,6963.4100,7218.3211,6944.8714,6345.4800,6419.4468,6652.3706,6599.1200,6389.2637,6574.5721,7035.3300,7109.2811,7042.3763,7099.4500,7249.7097,7171.4232,7040.3500,7327.2860,7444.3121,7272.4800,7262.6182,7200.8874,7058.1700,7085.3248,7219.5411,7372.6300,7459.4290,7208.0902,6962.5900,7372.3910,7692.7679,7650.2000,7667.2585,7651.4884,7571.8900,7523.5966,7331.3514,7256.8900,7610.3166,6964.3422,5641.5000,5482.1339,5682.4130,5743.9700,5948.1974,5775.6988,5461.8400,5793.3626,5945.1337,5724.9800,5754.9647,5751.1487,5719.8200,5984.8140,6057.2464,5921.8200,6024.5684,5957.4960,5795.2700,6022.5971,5993.9468,5781.0500,5994.2254,5452.2241,4432.5500,4504.1585,4775.8786,4742.6500,4799.6050,4860.7054,4865.8500,4850.8105,4631.7657,4577.2500,5124.9897,4658.7190,3434.7400
2025/7/18,3382.1392,3598.9386,3559.9700,3674.9832,3671.5325,3586.0800,3750.7896,3739.0115,3498.4600,3424.3775,3429.7786,3426.9300,3462.9120,3607.1590,3645.9400,3320.9198,3301.3665,3503.0100,3213.7642,3123.8592,3356.5400,3309.4372,3180.1840,3120.6400,3087.4684,3260.1570,3414.9900,3122.2781,2946.5567,3051.4200,3057.7992,3031.1357,3084.1300,3213.3110,3244.4691,3182.1900,3184.5677,3144.5482,2968.5900,2758.4698,3031.8436,3579.1200,3637.4964,3537.9135,3560.2200,3654.8442,3784.9077,3824.0800,3658.1163,3588.6786,3621.9200,3534.0925,3753.8097,4189.9000,4272.4695,4253.1796,4308.4500,4319.0342,4152.2516,4050.5900,4345.2841,4271.3280,3927.8600,4164.0936,4298.5382,4126.1200,4152.7383,4244.8680,4173.8200,3928.8229,4041.4438,4444.2800,4509.2516,4304.0127,4157.5500,4301.3143,4287.0646,4128.0500,4267.3115,4358.7088,4324.8400,4429.9876,4430.8182,4351.7000,4494.9113,4678.9562,4683.3400,4488.8713,4509.9506,4670.8400,4516.8900,4445.7788,4565.7400,4609.9547,4823.0543,5020.9100,4709.0032,4383.0369,4403.7500,4614.5657,4386.4402,3932.1700,4049.5872,4092.1711,3911.9800,4039.3506,4245.4317,4292.4800,4178.1880,4073.5254,4040.5500,4007.9514,3974.1182,4016.1100,4218.6729,4454.1471,4432.6500,3993.5423,3886.3540,4164.1500,4179.5987,4168.7127,4237.5000,4186.4901,4044.7572,4048.6900,4361.2648,4311.2024,4023.5200,4229.2596,4112.1013,3695.5400,3859.7889,3993.0822,3825.2600,3747.9102,3876.0941,4004.0500,3838.4917,3697.9148,3763.5600,3876.7213,3714.3490,3459.9300
2025/7/19,3593.6991,3636.3318,3569.3500,3796.7894,3635.6837,3256.9200,3555.3193,3820.3757,3665.2700,3422.8638,3341.2231,3329.1400,3186.1159,3467.8638,3864.4700,3498.8196,3394.6800,3637.1300,3313.0009,3176.0190,3450.9100,3524.5551,3291.0651,3078.8200,3293.5875,3481.7400,3395.6400,3220.3134,3166.4201,3250.3500,3329.8996,3405.7982,3362.7700,3047.5465,2763.1306,2761.6100,3006.6426,3008.6036,2933.9700,3367.4155,3541.2336,3369.4100,3513.7874,3541.7928,3351.2100,3351.9039,3536.7946,3691.5900,3619.3431,3565.1903,3609.2300,3638.2017,3854.7844,4154.9800,4190.4384,4181.9055,4307.7900,4462.3624,4193.7876,3760.1600,3917.1251,4246.0915,4323.7500,4142.3426,4140.9202,4295.7200,4194.6892,4143.9298,4324.2900,4550.5955,4447.6214,4273.1500,4564.4801,4339.0478,3830.2000,4270.6874,4535.9855,4222.7700,4071.1268,4089.6065,4257.0500,4593.4372,4639.7830,4442.4300,4508.8697,4686.5691,4719.9700,4537.4605,4506.8908,4631.1200,4585.0092,4610.4691,4701.5500,4581.7340,4462.4997,4475.5700,4555.3598,4668.5916,4727.8800,4616.6360,4362.9993,4117.2400,4069.0288,4218.6402,4380.6900,4327.6474,4209.2498,4188.3200,4262.0539,4120.1839,3924.2800,4143.0839,4303.0600,4148.9300,3932.4281,4068.2780,4422.8100,4450.0148,4289.8507,4236.9700,4413.8853,4374.7502,4153.6800,4213.5139,4263.5611,4244.7500,4378.1714,4324.1024,4186.5900,4390.4001,4322.7900,3884.8500,3635.1778,3638.6857,3714.6200,3654.2551,3584.3015,3548.6200,3492.9921,3626.4482,3855.6700,3922.7205,4348.0226,4868.0600
2025/7/20,4634.6083,4358.8227,4420.6600,4522.1237,4582.6121,4625.9100,4648.3969,4393.3599,4097.9900,4299.9630,4526.5306,4460.0300,4239.2420,4163.2913,4335.8400,4586.1697,4587.7070,4379.3700,4281.5543,4148.0406,4056.0200,4264.6659,4397.6973,4246.9700,4001.9801,4093.3497,4410.2900,4397.6573,4119.6119,3903.9200,4019.6300,4102.7828,3873.3100,3518.2108,4048.1134,5048.5000,5079.5217,5062.3870,5363.0800,5376.1496,5254.2601,5132.3500,4995.9265,5087.7787,5145.2000,4808.2751,5518.0790,6917.3600,7069.7127,6712.9739,6627.8100,6833.2318,6922.0438,6805.7800,6746.4949,6738.8498,6775.5100,6863.9301,6807.8652,6699.1700,6825.2390,6910.3364,6849.5400,6816.7869,6840.2718,6911.4500,7016.8826,7113.8683,7219.7600,7293.0812,6828.7331,6144.8500,6176.7681,6576.0375,6820.5400,6731.5996,6841.2194,7114.2600,6994.1376,6803.4494,6925.2600,7354.7144,7262.3353,6912.9300,7329.7032,7436.9216,7027.4100,7021.9151,7228.7919,7303.2700,7171.0152,7250.9601,7476.0100,7364.5745,7200.7214,7294.5800,7609.1285,7451.8540,6991.6800,7105.0423,7419.1815,7566.0700,7513.8660,7280.4605,7304.3600,7896.2098,7318.9129,5841.0100,5535.8439,5646.1289,5556.3400,5485.2474,5482.0859,5585.4100,5805.7153,5887.7845,5780.0800,5672.5659,5638.7463,5715.1200,5876.2629,5885.8453,5844.2900,6057.1355,6112.2518,5858.9600,5614.5307,5762.2645,6124.2500,6072.2146,5483.6491,4730.4000,4401.0980,4500.0094,4767.1100,4880.4739,4738.7149,4552.5600,4614.5214,4548.7081,4431.5100,4699.2833,4772.3308,4557.4200
2025/7/21,4539.4336,4538.2502,4467.7300,4452.2785,4395.3201,4383.5400,4606.1244,4709.1521,4489.5400,4133.7308,4197.5145,4605.0600,4728.1861,4610.7549,4434.4800,4317.5852,4275.0401,4259.6800,4211.5041,4168.6330,4251.1800,4472.5297,4236.7244,3836.9500,4144.0382,4228.8271,4016.7200,4310.4728,4218.7778,3790.6900,4033.0815,4299.8461,4178.8300,4021.5909,4529.4341,5216.0100,4950.7453,5017.4353,5497.6700,5193.0437,5013.2862,5259.4600,5244.0871,4954.1013,4689.2400,4885.4554,5944.0092,7037.8700,6845.6902,6856.2241,7332.7800,7077.7028,6778.1348,6776.9700,6735.4782,6908.6983,7098.3200,6798.2319,6675.1140,6786.6800,6587.5980,6710.9792,7073.3300,6928.0812,6920.1161,7119.2800,6944.1298,6912.8752,7108.0900,7030.5334,6740.4314,6524.7100,6600.0528,6606.7541,6500.3600,6591.6341,6773.2598,6871.9400,6851.4063,7024.1757,7222.1000,6959.9069,6732.0375,6799.1300,6952.1806,7045.6583,7004.8000,6879.5630,6999.9698,7298.2600,7367.3121,7303.9451,7162.5100,6929.3878,6988.8275,7266.7300,7263.5220,7023.9948,6902.9100,7203.2184,7376.8482,7278.4000,7294.4701,7468.4664,7703.7600,7769.0612,7124.7007,6074.3100,5558.0713,5396.6829,5435.1200,5725.0489,5904.4249,5880.8800,5869.4013,5813.4664,5705.1900,5655.7936,5758.6829,5836.7900,5628.1580,5570.4249,5832.5600,6100.2556,5944.6969,5657.1700,5923.6156,6071.3282,5944.7300,5964.7960,5448.0122,4543.4200,4233.1851,4364.3568,4604.3000,4755.7194,4706.3637,4573.5700,4580.7982,4550.9344,4508.2900,4661.8607,4756.7254,4710.7100
2025/7/22,4689.6304,4686.1428,4717.8900,4821.7476,4835.8618,4781.8500,4779.8624,4443.8093,4063.5100,4370.1682,4668.0409,4525.3800,4203.3743,4186.7376,4328.6600,4081.0763,3986.0058,4254.7700,4528.9379,4619.7520,4521.7600,4363.0051,4266.2841,4294.1100,4395.8607,4314.5152,4109.4800,4090.3390,4106.5411,4087.2100,4124.0762,4162.3986,4065.0900,3860.6693,4358.5335,5296.0900,5489.7523,5144.9273,4878.7100,5103.2879,5236.0732,5057.0900,4950.2772,5234.6775,5453.0800,4998.9962,5570.0781,6900.9500,6929.6339,6557.7516,6560.4800,6785.6046,6961.0909,6985.7500,6944.9942,6905.5246,6898.4000,6910.8302,6875.8197,6843.3700,6902.4885,6797.6447,6649.0100,6841.4332,6983.1188,6886.0000,6767.8250,6846.3699,7077.7200,7182.9882,6989.0083,6728.0200,6770.0395,6571.4309,6262.1900,6578.5485,7068.7365,7241.8000,7009.6246,6813.4825,6976.6900,7406.5819,7376.7632,6932.2300,6820.8853,6903.1554,7019.3300,7189.4482,7305.7028,7245.1200,7037.3381,7210.6824,7615.6300,7577.8140,7507.3060,7515.6600,7328.7183,7410.2523,7664.0900,7484.4035,7220.0023,7242.0600,7542.0131,7527.1602,7294.5400,7373.0527,6758.3720,5704.4200,5600.1716,5800.9897,5795.9600,5724.7833,5684.0278,5649.1400,5576.0760,5734.5860,6005.8600,5983.7684,5968.3281,6051.2400,5992.3808,5790.8435,5658.3200,5796.3218,5796.4530,5661.5800,5776.4573,5813.3979,5749.3300,5833.3540,5486.6484,4808.5600,4573.8925,4695.4115,4820.1100,4696.0075,4622.1285,4694.2100,4729.8438,4790.6569,4791.0500,4568.8098,4482.8845,4562.3500
2025/7/23,4496.2937,4454.7529,4526.8700,4583.2533,4461.9818,4376.2100,4657.8769,4632.9831,4343.1200,4479.2441,4479.5499,4250.6300,4291.8391,4322.4150,4264.5700,4333.1465,4304.0313,4233.9700,4390.7736,4334.4867,4086.3400,4131.5035,4249.9239,4240.5100,4151.5372,4203.5226,4295.7700,4138.6896,4110.1911,4187.3600,4010.6452,4117.9808,4307.0300,3904.4871,4159.8494,5061.8700,5282.1743,5208.6631,5138.9700,4947.9380,4955.1682,5177.8900,5286.6474,5240.6961,5019.9600,4817.2397,5805.3217,7218.6400,7020.2838,6744.0294,7024.9900,6973.1727,6844.9834,6873.0900,6945.6734,6903.2201,6785.1600,6784.1298,6875.7367,6958.4800,6965.6769,7040.8988,7123.1900,6995.8563,6845.6283,6897.2600,7176.5334,7202.0735,6959.9700,6881.6688,6815.3256,6670.8800,6556.8401,6520.1135,6604.4500,6813.2590,6938.4914,6907.5400,6892.2614,7252.8942,7584.7000,7114.5273,6787.1310,6883.4000,6836.2711,7062.3018,7472.8600,7467.1599,7422.4863,7374.2100,7016.0684,7014.1497,7365.2900,7383.7654,7313.5710,7287.5200,7195.5316,7345.9097,7589.5700,7462.9227,7474.7889,7631.3800,7423.1043,7267.8738,7436.7700,7627.7476,6868.1682,5706.3300,5732.6551,6010.3177,5898.2600,5702.0841,5714.7672,5876.5800,5882.8473,5805.7634,5816.2800,5977.8148,5941.3525,5731.5300,5721.6380,5778.6396,5777.2000,5730.0985,5651.7841,5721.8500,6065.8263,5975.5745,5616.1200,5769.0237,5418.4972,4683.2600,4774.2737,4925.5865,4703.9600,4494.6762,4558.7847,4652.7600,4350.5036,4316.5082,4672.5300,4851.3325,4813.4865,4702.2500
2025/7/24,4670.0358,4733.5093,4750.0100,4577.7584,4555.9818,4639.5700,4456.7121,4334.9086,4378.6200,4370.1858,4407.5777,4453.8200,4347.0361,4288.9084,4347.1600,4376.4315,4295.9735,4224.5300,4349.2980,4421.6574,4394.8100,4438.7804,4354.6956,4186.2200,4172.4373,4008.3511,3864.4200,4226.1291,4414.1114,4265.6100,4267.6895,4257.5723,4110.4500,4035.9387,4688.7832,5580.4400,5492.4043,5253.7148,5270.6200,5173.6635,5259.5950,5439.7000,5248.4346,4954.1784,4821.3100,4999.1182,5903.8318,6943.3800,6948.0763,6710.3556,6704.5200,6693.7348,6859.9694,7074.6900,6971.4321,6905.8628,6894.8800,6628.7693,6565.4753,6865.8900,7165.2448,7007.2715,6651.6900,6786.7920,6908.8502,6831.3600,6866.4634,6840.8542,6751.3200,6798.4616,6812.8110,6708.7500,6596.4281,6638.7045,6741.6300,6696.4668,6880.6612,7213.5200,7215.0815,7216.5747,7252.3700,7042.7286,7046.4801,7222.6300,7061.2465,6918.3480,6954.9300,6981.8212,7079.1858,7254.1300,7375.6779,7344.8278,7170.3300,6995.9860,7094.2841,7339.7400,7342.6357,7356.5948,7437.0900,7388.4088,7448.5217,7595.1400,7523.4163,7296.1453,7235.2900,7515.0748,7126.5625,6138.2600,5684.9444,5665.9803,5648.0200,5382.5581,5367.1035,5640.7600,5746.2113,5808.7980,5840.8500,5709.8031,5744.1549,5880.7200,5727.1786,5599.4859,5662.6900,5746.2785,5683.2969,5572.5800,5670.1698,5822.1287,5908.5900,5884.9166,5473.7214,4885.6900,4702.3340,4794.0694,4774.0600,4413.5312,4372.9700,4698.3300,4774.1317,4685.4227,4602.3100,4510.8244,4085.2311,3546.9400
2025/7/25,3514.0294,3703.0796,3776.0400,3651.2280,3552.0048,3547.9400,3513.9865,3459.4494,3439.1900,3469.4499,3387.1471,3280.0500,3399.4629,3482.5652,3473.1200,3532.9374,3367.7712,3139.3000,3324.6321,3401.4160,3352.0900,3604.5256,3383.2105,2939.2600,3302.2721,3342.7139,2975.4300,3242.4928,3347.9972,3121.7300,3209.0007,3138.4882,2882.4700,2957.2598,3123.4787,3119.0300,2945.4408,2939.9066,3027.8900,2902.1779,3245.0187,3745.3600,3367.9459,3119.3047,3488.8300,3935.8721,3985.6319,3667.3400,3400.7585,3262.4405,3218.8700,3300.3736,3830.1573,4325.9500,3931.8467,3754.3070,4064.1300,4048.0828,3891.5945,3843.1200,3931.6097,4111.1923,4272.1600,4304.2271,4279.7768,4217.4500,4096.2887,4120.7385,4190.5200,4030.8295,4089.1116,4352.4800,4338.3936,4256.0795,4287.6200,4380.9759,4382.1102,4245.5300,4095.5508,4189.9855,4393.8600,4321.0415,4262.8775,4303.9800,4255.0284,4336.8674,4485.9300,4419.4011,4515.3185,4713.7100,4558.7955,4420.2216,4393.1800,4233.8346,4268.6776,4437.3000,4352.4455,4432.3174,4699.2900,4671.1037,4273.0829,3853.8100,3878.2152,4027.9198,4018.1500,3894.2683,4061.4477,4348.6200,4201.8862,4159.3390,4329.0100,4250.3293,4028.4173,3887.7700,3963.8359,4153.5953,4256.2900,4139.2686,4083.6740,4191.7200,4287.7245,4224.4381,4065.3900,4006.0964,3974.2883,3976.8600,4119.7042,4312.6526,4442.1900,4413.6584,4112.5155,3734.8000,3646.4229,3640.9124,3627.6300,3701.5987,3665.7111,3584.1900,3706.3557,3695.3570,3574.1300,3711.5733,3830.8010,3726.9800
2025/7/26,3483.7310,3369.6010,3412.9500,3443.8709,3618.9496,3824.5200,3749.5430,3693.2217,3650.7700,3343.3642,3215.0162,3376.4600,3485.3372,3469.1052,3464.8900,3634.7332,3706.3541,3571.6600,3384.0250,3241.7706,3138.9800,3056.6563,3250.4786,3525.9900,3369.6002,3063.6675,2945.4800,3102.8008,3237.0386,3242.8700,3242.3440,3126.8778,3016.4600,3156.4914,3156.3450,2916.2000,2786.8229,3078.6713,3389.1300,3041.4896,2999.4560,3386.9400,3369.5366,3290.9788,3373.9500,3436.0032,3397.7921,3347.1700,3432.4578,3499.4052,3370.7400,3145.6076,3737.6106,4563.5500,4119.9680,3932.9064,4285.3100,3964.7430,3805.5949,4078.3100,4132.3980,4025.3409,4011.6400,4236.6251,4391.5881,4384.0000,4393.5969,4372.1770,4258.8000,4093.0157,4109.5865,4244.1600,4221.3399,4295.9064,4512.8900,4609.6676,4488.1805,4339.5200,4441.0482,4456.6352,4309.1300,4265.1128,4306.6964,4357.3500,4393.9859,4529.7643,4698.1200,4696.5950,4627.2593,4527.3000,4388.3627,4562.9920,4804.3100,4524.7410,4492.2004,4760.7300,4621.1164,4527.4461,4666.3800,4688.2731,4395.1320,4025.9100,4018.0553,4046.7160,3928.9600,3840.0510,4018.4337,4205.9800,3926.8763,3834.7494,4086.6400,4181.7836,4125.7758,4046.6400,4050.6771,4199.5308,4341.3700,4248.1659,4182.9535,4216.4400,4181.7328,4221.5570,4348.9800,4382.8442,4220.2318,4074.5800,4264.9164,4376.9866,4316.9300,4320.7877,3953.7894,3458.3700,3567.0066,3612.3219,3520.7200,3840.0964,3839.4873,3539.1700,3710.8281,3829.9047,3578.4800,3305.5615,3800.2183,4651.5200
2025/7/27,4637.2981,4470.0714,4528.3600,4502.8362,4636.7082,4772.7300,4510.1290,4613.3408,4970.0100,4662.7944,4231.7018,4158.3100,4374.5311,4385.7453,4265.4900,4479.5291,4421.1740,4087.6900,4112.0503,4172.9745,4170.4100,4320.0816,4250.1097,4053.2300,4205.3366,4275.3394,4214.6900,4400.9913,4470.2640,4277.5100,4084.5544,4117.2294,4162.4200,3909.3046,4295.7476,5161.2200,5348.8973,5346.5640,5359.5900,5074.3569,4914.6921,4971.6200,4927.0345,4915.6360,4952.1900,4996.3961,5691.9881,6688.7300,6872.3727,6725.2087,6736.1400,6915.1911,6991.5539,6930.1100,6923.4425,6876.0775,6774.4800,6728.7047,6715.7110,6714.0700,6732.3985,6753.3524,6759.7500,6775.8630,6944.8975,7015.2700,6618.6604,6568.1578,6852.4200,6670.9417,6533.5769,6589.9100,6467.6453,6485.1510,6625.1400,6548.6128,6664.9388,6919.9700,6844.5740,6901.4717,7035.3000,6742.8667,6723.7496,7100.3800,7273.3700,7296.1605,7291.0000,7291.2297,7384.0883,7511.6000,7489.6846,7276.1406,7024.4000,6986.5780,7169.2475,7364.5800,7325.0163,7241.1181,7231.4400,7254.1340,7353.1165,7472.2700,7447.4797,7196.6271,7115.2200,7550.2155,6936.9039,5630.4500,5609.1931,5790.3963,5606.0500,5627.2318,5758.6882,5790.7200,5671.9469,5700.0057,5843.1200,5785.1462,5722.8230,5680.8900,5514.6532,5596.3476,5873.5200,5886.3414,5769.1545,5688.0400,5679.1203,5749.3655,5876.2600,5914.3948,5360.9336,4532.7600,4368.5771,4656.7250,4834.1000,4554.1577,4512.2652,4759.6800,4678.1697,4573.5591,4567.1600,4466.8278,4513.1257,4709.9900
2025/7/28,4756.7387,4543.8501,4279.9000,4304.6381,4425.1563,4506.1200,4560.8848,4438.0456,4287.4100,4427.7935,4496.5823,4427.1200,4497.2558,4495.9563,4391.8400,4373.8338,4298.4230,4265.0400,4504.1387,4480.5727,4102.0700,3833.0214,3808.5471,3975.6200,4160.1926,4117.3064,3992.4200,4149.1914,4216.6610,4109.4700,4117.9529,4143.4361,4056.0700,3932.4245,4348.2583,5062.3600,5236.4672,5373.6576,5540.2700,5295.4402,5258.8827,5408.0300,5101.3988,4859.6384,4905.6400,5054.2773,5829.9517,6761.8500,6749.1887,6824.4201,7120.0600,6750.8708,6502.0908,6606.8200,6527.9447,6567.0389,6721.7000,6641.8326,6664.5137,6849.9500,6915.2006,7010.5240,7128.2900,7055.8697,6850.6690,6761.1600,6995.4537,7135.8818,7015.9000,6840.7560,6670.5266,6598.1700,6690.5311,6633.8231,6439.0300,6440.1493,6583.6167,6790.3600,7025.8042,7133.8703,7030.3500,6814.7536,6882.9937,7109.2200,6996.7644,6925.4642,7065.2600,7190.3000,7234.0315,7179.9300,7061.5646,7082.4477,7289.1900,7477.7605,7271.0745,6983.5300,7297.9037,7478.9019,7307.7100,7280.5282,7254.8434,7314.9400,7671.9117,7522.5025,7237.7200,7823.2703,7228.6668,5668.2000,5529.7164,5769.4391,5644.4800,5514.1300,5386.8368,5385.1200,5666.8638,5703.3940,5509.1400,5609.6264,5720.3983,5666.4500,5606.3729,5738.9931,5931.7500,5861.3461,5783.8024,5888.4600,6117.1172,6286.1863,6271.6700,6011.0077,5356.4704,4669.7400,4562.4949,4548.2437,4509.5500,4732.8609,4569.7510,4208.2700,4535.4684,4947.1720,4957.1300,4670.9420,4528.9019,4539.1400
2025/7/29,4401.1163,4582.8969,4886.4400,4586.8824,4277.1601,4197.8900,4068.5806,4257.1277,4567.9700,4402.4767,4440.5802,4739.8300,4622.6553,4273.0554,4140.2500,4436.0355,4319.5810,3929.0100,4221.7875,4497.1014,4411.5500,4336.2681,4353.1299,4352.1900,4198.1283,4087.2531,4064.3800,4000.2821,4004.0082,4064.1300,4047.5037,4058.3094,4117.4400,4182.8280,4518.2133,4991.0000,5138.2600,5071.6280,5014.8100,5079.1282,5085.2967,5050.1500,5162.7284,5232.0498,5074.5300,4853.6014,5620.2616,6846.9100,6881.1445,6718.3280,6889.9200,6917.5354,6861.6131,6832.8000,6841.8218,6885.3418,6895.5900,6832.1048,6987.0814,7178.9000,6909.0544,6623.7231,6592.5600,6669.1523,6722.5619,6731.4100,6764.4926,6844.2508,6919.0000,6906.4414,6844.8874,6743.5200,6589.8580,6517.3098,6530.5800,6532.4944,6674.7483,7014.8700,7357.3540,7168.6235,6770.5100,7039.1327,7343.5022,7313.7600,7194.9817,7102.9009,7200.1500,7544.4323,7471.7098,7124.0000,7273.6518,7300.2643,7036.1500,7015.0223,7312.0966,7490.1200,7081.2783,7001.4874,7385.7000,7497.4402,7609.3426,7579.5800,6977.1654,6873.2581,7404.9800,7513.9064,6678.2387,5677.3400,5802.0760,5844.9368,5456.9100,5525.8758,5901.8961,6105.3800,5851.3410,5809.7564,6014.0400,5862.0453,5695.3797,5701.0600,5703.1975,5679.0168,5742.1500,5973.3519,5968.2588,5685.2200,5500.1222,5516.9596,5722.0400,5912.4328,5359.6339,4429.2200,4306.4154,4571.2480,4756.6500,4774.1579,4589.7459,4421.9100,4572.9039,4720.7961,4671.4000,4541.6782,4535.5851,4608.1100
2025/7/30,4522.7091,4349.3237,4291.1400,4500.7498,4720.6003,4748.4400,4572.1092,4310.5329,4214.4000,4447.4371,4456.7672,4286.7900,4480.4625,4495.8465,4216.8000,4132.3518,4321.2368,4553.5500,4516.6839,4355.6507,4222.3400,4156.2994,4184.4168,4283.3700,4373.7232,4351.3625,4260.6900,4228.5455,4107.8211,3975.2100,4077.6217,4175.7227,4106.0700,3967.0163,4089.9443,4602.3500,5244.1426,5291.9892,4986.8200,5216.5190,5195.0850,4779.2800,4720.6931,5041.8807,5206.0800,4834.9985,5534.4676,6888.9500,6837.3164,6742.4569,7047.6200,6816.2977,6764.4186,7086.3400,7152.6991,6870.0944,6581.9400,6726.8197,6965.3577,7004.0700,6855.1739,6768.5956,6807.1500,6815.9152,6749.8203,6715.6500,6855.2990,6969.9991,6905.3000,6711.6144,6715.1182,6845.3100,6721.1932,6569.3227,6609.6900,6841.2366,7038.5832,7051.1000,6928.7973,6989.1037,7182.3200,7167.0825,7154.6870,7250.3800,7304.5250,7159.3698,7011.5400,7200.8678,7255.1537,7173.8300,7405.2710,7504.6488,7368.1900,7333.2763,7231.7018,7150.1100,7372.4848,7449.0476,7356.5300,7505.4602,7601.4676,7548.3200,7527.9673,7335.9466,7242.8000,7592.9546,6837.3613,5544.5500,5862.8882,5977.0479,5464.9800,5741.2749,5960.7901,5703.5900,5477.9608,5435.7969,5568.1200,5772.9201,5829.1921,5730.7400,5680.1511,5733.9731,5782.0400,5695.1315,5757.3113,5888.8600,5722.8488,5604.0381,5753.2700,5935.6955,5380.1812,4516.3900,4572.4003,4688.1530,4471.8800,4430.3011,4631.9016,4743.4200,4409.1265,4273.8765,4459.5100,4479.0498,4499.0089,4488.1300
2025/7/31,4224.8986,4179.4518,4407.1200,4464.8920,4290.8649,4092.0500,4158.5159,4434.8440,4568.5000,4250.4464,4146.8856,4388.1100,4501.1497,4701.6100,4784.3400,4279.6871,4021.1381,4154.7600,4060.8851,4109.9764,4335.4100,4323.9907,4249.3038,4205.1400,4122.2521,4196.9191,4365.2200,4347.2314,4305.5022,4287.3300,4176.7911,4112.7331,4066.1500,3949.4327,4336.4662,5050.7400,5243.4831,5050.2499,4862.8100,4929.2234,4940.8253,4865.5900,4959.9572,4981.1460,4789.0900,4647.0500,5438.7247,6732.6400,7086.5520,6873.7368,6657.0100,6637.0984,6693.1729,6739.0500,6779.3429,6740.4247,6673.1900,6716.8536,6785.7310,6806.0300,6766.5938,6638.2220,6620.1400,6942.4666,7053.2173,6865.0900,6818.0750,6822.7319,6934.4400,7252.6963,6974.0636,6395.7700,6628.9653,6770.3591,6489.8100,6427.2544,6724.0558,7079.9500,7076.5396,7025.5616,7031.1500,6908.0953,6875.7008,6984.2500,7048.9638,7044.5908,7031.7100,7109.5254,7346.3827,7492.3800,7197.3613,6934.8255,7033.3100,7379.4020,7529.2851,7421.5600,7359.4950,7270.9436,7221.7700,7388.4676,7458.9630,7375.1300,7399.8713,7563.5821,7792.1300,7819.2532,6848.8117,5537.9500,5470.7932,5651.0035,5620.3000,5846.8100,5745.8362,5455.3400,5742.4069,5929.9777,5778.7000,5745.6804,5833.8091,5897.0000,5828.4281,5778.6536,5831.9300,5916.1653,5866.9929,5710.6700,5635.3112,5631.1269,5720.2100,5836.4244,5283.6973,4521.2700,4724.8092,4750.3047,4440.3200,4729.4013,4658.8339,4201.6000,4326.1179,4342.9034,4267.4000,4745.6370,4488.6458,3594.7900
2025/8/1,3530.3421,3724.6598,3661.1700,3473.0096,3530.7256,3678.8800,3447.6547,3391.8791,3566.5100,3483.4321,3507.8932,3682.3800,3617.0073,3373.4451,3203.2000,3302.5994,3379.5934,3387.8400,3528.7607,3535.7143,3366.9900,3278.3399,3324.1690,3340.5900,3157.0735,3205.7101,3447.1400,3400.6649,3306.1731,3369.8900,3506.9587,3371.3681,3020.9700,2880.3503,2969.0375,3084.4200,3022.9753,3024.3418,3072.0700,2949.5318,3082.4918,3390.3700,3367.7956,3460.3396,3588.5600,3240.0029,3207.1866,3628.4500,3803.7725,3641.3977,3352.6400,3251.7683,3489.6316,3840.5500,3911.9115,3964.5000,4075.5000,4048.3705,3990.2599,3999.5900,4070.4449,4133.8018,4111.1800,3995.6079,4030.3067,4191.9700,4215.6612,4183.3615,4207.6100,4294.7217,4276.1767,4188.6500,4245.6983,4375.3170,4429.0100,4332.7169,4309.0933,4415.7300,4483.8974,4404.3990,4261.5500,4249.5039,4301.9286,4380.0100,4530.3704,4754.1512,4836.8200,4563.7481,4500.6503,4675.1100,4568.8463,4412.1987,4409.4300,4521.4097,4624.2302,4655.8200,4635.5268,4588.6177,4600.9500,4696.0834,4436.9966,3921.4000,3759.5741,4001.9226,4369.4400,4488.0129,4337.3790,4104.1500,4030.0371,4110.9136,4266.1800,4373.5214,4216.2566,3953.7000,3986.7816,4095.0741,4124.2000,4125.0044,4071.0101,4025.4400,4115.1833,4274.1508,4350.5000,4226.2491,4058.5176,3949.0800,3907.2081,4058.6033,4294.7800,4267.9035,3759.7444,3232.3700,3434.5014,3707.9097,3635.7100,3471.0053,3711.3576,4116.8000,3926.8314,3461.7268,3200.5600,3342.9727,3470.2770,3442.7500
2025/8/2,3486.4692,3561.1217,3539.5300,3345.7818,3165.0130,3109.4300,3193.6717,3568.9752,3817.5500,3344.1000,3204.1311,3553.8300,3517.6730,3354.1141,3304.7400,3298.5664,3277.2192,3268.2200,3341.0065,3415.4152,3369.9700,3189.8982,3269.8431,3434.3300,3124.1882,2908.9360,3043.6700,3200.2524,3146.7158,2981.3600,2999.8977,3090.6341,3066.1200,2875.1288,2873.4107,3055.0800,3071.6130,3047.4069,3030.9400,2948.5142,3021.1694,3238.4900,3356.0730,3418.0213,3433.2900,3361.3169,3391.7266,3446.4300,3297.2216,3388.3212,3584.5200,3387.3432,3778.0919,4486.1700,4209.3014,3978.9901,4065.7600,3787.0996,4029.0471,4522.6700,4063.5273,3883.0206,4236.2300,4158.9656,4180.0281,4315.3900,3992.9438,3865.0403,4036.4000,3982.3551,4090.5976,4422.4600,4543.1633,4306.6858,4042.2900,4231.5471,4401.3371,4373.8500,4412.6263,4402.8093,4346.8700,4393.6357,4413.1079,4365.2400,4338.7418,4295.3633,4304.9700,4487.0655,4605.2312,4607.1800,4614.1806,4371.0156,4161.4600,4542.5890,4667.1210,4398.3000,4432.4715,4538.9516,4584.5300,4646.5041,4313.5509,3804.8000,3823.8707,4002.8936,4061.1600,4072.3733,4073.9997,4078.8800,4105.1833,4227.8157,4288.6500,4070.1431,4074.8279,4268.1900,4116.8106,3954.8112,3977.5800,4055.7660,4207.6338,4320.8400,4222.9571,4173.3418,4224.8300,4203.7216,4277.6241,4294.5600,3949.2861,3914.1028,4133.1100,3845.0886,3371.1546,3207.1000,3523.1808,3645.7684,3412.1900,3289.3244,3371.8741,3486.0400,3433.5376,3561.2446,3738.9600,3583.0271,4082.9252,4897.4200
2025/8/3,4594.9993,4074.1836,4108.9400,4581.7257,4747.3018,4535.4100,4487.7547,4324.6661,4155.0700,4404.5442,4395.3500,4123.8700,4263.5528,4391.3703,4290.3700,4202.2467,4231.4783,4238.5700,4044.9968,4104.7727,4385.2500,4373.8693,4223.1180,4179.8300,4316.0189,4337.2671,4239.5000,4280.5217,4252.9175,4092.5500,3971.4740,3947.1052,3946.8400,3957.8112,4550.9396,5329.4800,5231.2698,4963.7253,5062.4900,5361.8811,5416.3194,5166.2900,4951.0698,4900.6743,4910.1700,4907.2066,5607.2912,6713.0300,7057.8818,6846.2609,6644.8500,6811.3447,6871.2830,6793.7700,6974.8767,6939.4345,6615.1400,6487.0311,6736.7249,6975.2300,6674.0551,6647.7413,6905.6800,6695.2146,6751.1559,7068.5800,6866.4452,6723.8196,6839.4100,6784.5245,6556.8807,6383.3500,6473.1806,6521.4721,6419.7700,6388.4355,6643.0912,7052.5300,7235.9799,7183.4871,7000.6800,6835.1448,6909.5536,7094.9400,7053.3283,7074.0884,7211.2900,7201.0035,7091.9058,7010.3600,7041.5852,7125.2375,7158.5500,7094.1128,7118.5242,7209.4700,7195.8186,7357.3239,7548.6300,7330.7358,7226.0801,7387.8100,7439.3533,7355.1192,7374.2200,7599.5088,6979.8777,5808.4100,5513.6122,5557.1612,5566.4100,5737.8301,5854.2374,5843.6800,5857.0219,5911.7486,5980.7000,6039.8839,6105.5276,6058.3900,5762.3269,5581.6563,5680.0400,5874.4518,5915.6045,5791.5600,5710.1747,5756.4191,5963.7500,6168.1927,5553.4877,4625.5800,4767.6890,4984.6368,4871.8400,4968.8737,4816.9830,4401.9500,4276.6301,4428.5565,4597.7400,4543.3173,4485.1285,4543.7500
2025/8/4,4609.4219,4525.3639,4403.9300,4497.2961,4518.8716,4409.0100,4380.9361,4293.2620,4200.6200,4328.0038,4434.9393,4339.0800,4099.9074,4020.0841,4154.8200,4281.5888,4293.5095,4148.0000,3916.7385,3978.0790,4279.8900,4370.3894,4231.5059,4075.2700,4150.7278,4384.8411,4492.4800,4220.6203,3951.1579,3892.1000,3922.7001,3942.7334,3845.5700,3704.7945,4313.0399,5217.8600,5115.3508,4948.9981,5174.8300,5281.6538,5160.8461,5079.8400,5308.8235,5122.9916,4656.8700,4896.6442,5778.6736,6678.9000,6913.9536,6707.4517,6540.7200,6732.4965,6861.8957,6823.5600,6887.5278,6841.9009,6791.0700,7034.0502,6922.2127,6542.4900,6670.9420,6945.7386,7049.5000,7015.4076,6922.6887,6914.1800,7094.8499,7206.4625,7163.1000,7091.4161,6920.3238,6683.4800,6547.8916,6576.8832,6606.5100,6448.8696,6588.0884,6981.6200,7085.8090,7124.7940,7175.0200,7086.0967,7167.3937,7344.3200,7231.7906,7192.0048,7287.9700,7208.6897,7106.3655,7096.5700,7158.3250,7344.8965,7482.4100,7319.2825,7260.1142,7359.2500,7311.6988,7417.5004,7548.8800,7265.4510,7186.1544,7535.9300,7873.0130,7782.1049,7595.4700,7845.9384,7041.4581,5618.9200,5609.3122,5720.3634,5468.6000,5697.8074,5916.7752,5778.4800,5477.9844,5377.3747,5503.7200,5593.3306,5697.6161,5788.1900,5733.2960,5634.9843,5580.0100,5580.3529,5648.7996,5748.5600,5795.2978,5727.0404,5718.0600,5903.7159,5407.1854,4548.9100,4595.6678,4823.4340,4795.3600,4758.9908,4520.9001,4333.3900,4695.7979,4873.0953,4647.6400,4541.1180,4690.5552,4826.4600
2025/8/5,4596.5473,4495.6832,4630.8500,4607.1339,4438.5079,4351.1200,4512.0966,4467.6185,4254.7500,4318.4537,4185.3062,4033.3100,4494.8163,4530.8449,4126.6900,4253.7259,4080.3678,3677.6300,4032.7150,4358.0707,4264.3000,4175.4053,4320.6378,4398.2500,3963.1094,3843.9227,4187.5800,4303.3895,4174.0265,4002.5900,3957.4032,3911.3286,3839.7600,3929.4173,4474.4209,5099.6400,5060.3407,4887.5890,4928.9400,5022.0981,5012.7147,4913.1500,4877.2962,4975.7122,4960.7200,4692.1223,5545.0869,7066.1000,7284.3225,6965.7077,6743.0500,6512.9918,6570.3279,6776.2200,6660.6554,6579.4793,6665.8400,6708.3723,6841.7846,6919.8800,6670.1692,6758.0907,7047.4000,6731.8470,6456.6230,6568.8600,6766.5962,6849.3595,6841.8900,6887.5190,6840.3232,6620.6600,6320.8051,6154.6954,6292.8500,6712.1825,6926.5688,6840.8400,6790.5927,6815.5859,6984.8200,7314.1714,7210.7955,6811.5100,6870.4454,7086.3739,7056.0800,6751.7784,6913.1280,7376.5900,7237.0062,6974.7025,6956.7200,7058.1492,7083.2680,7058.5200,7152.0240,7175.7461,7211.4300,7494.3185,7467.1651,7260.0000,7501.0739,7317.5683,6896.8800,7235.8424,6877.7532,5778.2800,5452.1576,5505.6485,5541.4300,5632.3922,5747.9457,5815.7900,5752.3189,5487.0601,5334.9600,5701.2881,5864.0983,5715.8400,5816.5631,5815.9826,5600.7600,5458.4277,5391.4008,5532.5800,5981.5089,5931.2280,5593.5100,5870.4284,5516.5696,4597.7700,4545.4460,4826.8428,4871.7000,4677.3444,4595.9412,4619.0500,4468.6243,4537.5724,4776.1600,4699.9794,4536.8958,4470.2500
2025/8/6,4452.4079,4434.1407,4479.5800,4650.8140,4583.0830,4401.6100,4566.1769,4518.3296,4239.2100,4269.6368,4210.0513,3958.8900,3870.4582,3955.9259,4156.1900,4367.7872,4250.6419,4012.5100,4210.7856,4396.3744,4404.2600,4465.0005,4251.7342,3969.6500,4187.5264,4253.3779,3983.7700,3860.2914,3899.4334,3982.7000,4020.3704,4071.6934,4082.1300,4009.2257,4419.9027,5044.9000,5028.9695,5084.7288,5214.2900,4741.2844,4667.3120,5026.1100,4859.5895,4799.7248,4958.8400,4895.3044,5610.1822,6844.9300,7172.0863,6995.8472,6859.7800,6871.5936,6760.5548,6600.5600,6732.8461,6837.4534,6688.5200,6417.6412,6497.7820,6762.5800,6632.1695,6723.0940,7125.2800,7229.8642,6975.4423,6629.0300,6552.9795,6754.5336,6993.6100,6932.7260,6493.1553,6167.3000,6556.1237,6727.4581,6531.9600,6705.2527,6859.2421,6836.1100,6902.3118,6934.4139,6918.1600,6996.7289,7091.8496,7032.1700,6773.5697,6885.5897,7254.2300,7212.5988,7204.2108,7335.9500,7243.9906,7162.1401,7178.7300,7158.3232,7263.4422,7418.0400,7368.7588,7397.3386,7441.4600,7157.0895,6977.2262,7048.6000,7082.8430,7008.9373,7144.8700,7676.3702,7049.9076,5709.7900,5720.5995,5943.7429,5796.6000,5826.2529,5600.8953,5258.2300,5428.6264,5437.8583,5242.8400,5482.1384,5681.6305,5677.0800,5766.0827,5717.1163,5575.4800,5649.7447,5660.2275,5661.9200,5967.5808,6012.2067,5834.0000,5947.7624,5518.1815,4624.7600,4320.2769,4503.9453,4752.2000,4718.0205,4450.2321,4269.0100,4479.6086,4657.1283,4605.7800,4552.4099,4739.7073,4942.6000
2025/8/7,4691.5278,4393.0597,4345.1400,4485.5047,4641.1685,4591.1600,4267.9815,4276.1321,4529.5700,4378.3445,4323.6375,4516.7800,4565.3990,4490.0093,4408.2200,4362.0320,4161.6983,3963.1100,4128.8583,4253.1973,4156.5200,4029.1947,3863.1375,3875.2500,4301.8916,4379.3990,3980.9700,3752.6886,3865.1196,4193.5700,4436.2601,4269.9412,3833.8100,3707.9330,4331.5026,5183.6900,5246.7339,5161.3589,5253.3700,5236.8012,5315.2039,5322.4200,4919.7690,5014.3158,5350.5200,4949.2723,5718.6014,7193.7400,6894.6771,6625.7645,7066.6700,7008.7960,6608.4572,6345.3000,6484.2303,6621.1477,6648.1000,6796.1477,6818.2952,6744.0200,6854.9816,6857.6418,6773.7600,6916.2878,6928.8507,6735.9100,6638.4087,6633.3427,6708.7400,6856.8406,6813.1282,6575.6700,6406.1763,6313.1993,6295.8200,6399.3378,6619.0448,6818.5300,6839.6479,6899.2728,7028.9600,7070.5226,7213.4935,7400.2800,7342.0694,7169.3764,7022.5900,6940.2060,6947.3894,7057.8200,7208.7859,7093.8929,6913.2000,7185.8009,7454.9209,7402.2600,7143.5616,6967.6895,7012.4900,7193.1674,7301.0819,7249.2700,7131.0681,7152.2041,7394.5100,7598.5070,6812.7730,5551.3000,5386.0109,5607.8460,5699.5200,5819.6955,5728.8200,5489.1200,5466.9184,5605.6124,5745.3300,5772.1941,5731.4557,5776.6900,5992.4799,5939.3487,5646.2500,5576.7582,5546.1261,5519.2300,5655.1635,5637.3644,5497.1000,5543.2941,5345.6333,4991.4200,5017.3322,4953.8636,4679.2800,4571.2210,4578.5864,4585.1100,4544.3867,4495.4372,4514.9700,4574.5657,4192.3108,3557.1800
2025/8/8,3419.1520,3630.4708,3720.1800,3391.3301,3362.6263,3675.7900,3664.4985,3544.6485,3463.6900,3324.4314,3241.2637,3229.6000,3210.9277,3333.5423,3391.5000,3040.5791,2992.7047,3288.1100,3276.9443,3285.6478,3339.4500,3105.7653,3017.8434,3129.3200,3084.8949,3177.9753,3318.4700,3082.8355,2897.9834,2867.8900,2709.7921,2738.5651,2927.1000,2908.2575,2927.3827,3006.6600,2910.7916,2887.9062,3001.0000,3088.0394,3310.1417,3515.3300,3377.5772,3429.8791,3652.2100,3490.4838,3328.1134,3453.9700,3732.4155,3702.4169,3349.3700,3170.0114,3573.8526,4116.7800,3962.3903,3960.5640,4281.7200,4237.3763,4126.7180,4117.4300,4050.0104,4011.6390,3995.4700,3919.2273,4024.1995,4300.6300,4408.8154,4053.4171,3622.1200,3845.8330,4178.6298,4278.7700,4310.7904,4337.7412,4308.6400,4173.6691,4199.8442,4298.8400,4159.2761,4280.5744,4486.5200,4110.3398,4009.1631,4376.1900,4519.3729,4425.7242,4300.3600,4326.1908,4449.7989,4546.7200,4515.5184,4394.7704,4295.8100,4343.2430,4554.8892,4708.4300,4553.7818,4553.0706,4692.5900,4482.4541,4146.9813,3960.2100,3985.3386,3996.7535,3934.1900,3953.7270,4124.2968,4301.8100,4240.1994,4041.9247,3941.2600,4087.3485,4133.1173,3942.4300,3740.0837,3833.1902,4100.1500,4102.0617,3918.6251,3886.8100,4237.6456,4321.5931,4043.1100,3951.8801,4072.9091,4208.7600,4144.0420,3929.5368,3842.3500,4110.0436,4153.9692,3816.6600,3533.7451,3595.5243,3798.8100,3691.0596,3602.7136,3592.4800,3391.1775,3292.1805,3379.9300,3429.9585,3404.7064,3396.6200
2025/8/9,3505.5667,3554.1814,3536.0900,3606.6636,3609.5720,3444.5100,3215.7162,3272.5383,3417.5600,3164.3577,3248.5167,3622.9200,3478.1986,3310.8042,3394.8800,3470.2973,3389.9390,3198.5000,3072.6263,3079.1188,3072.1400,2889.9468,3005.3214,3240.8400,2960.9351,2897.7062,3151.9100,3079.4085,2965.9482,2903.3600,2723.4084,2925.6780,3257.0700,2940.5092,2760.8248,2994.3200,3112.5745,3009.0539,2786.8000,2667.9531,2953.4761,3482.6200,3707.6515,3470.5012,3081.3300,3054.4355,3259.4193,3421.1500,3372.9148,3291.4761,3248.8500,3232.8105,3624.9998,4208.6600,4296.0716,4105.3762,3949.3400,3950.1121,4026.6569,4076.0000,4061.7727,4097.9880,4182.5600,4190.9513,4123.0526,4026.5300,3969.8546,4035.2527,4091.4100,3955.9667,4077.7660,4340.6600,4142.4041,3829.9174,3832.8000,4225.0041,4343.8906,4156.3400,4249.3887,4446.6843,4452.0500,4173.4677,4000.3205,4089.8200,4232.0200,4172.6086,4052.5100,4242.6081,4436.1881,4435.2100,4368.4211,4520.1827,4720.4500,4533.5727,4401.4639,4516.7800,4606.6451,4452.3636,4312.9400,4587.4227,4450.5744,3933.6700,3920.9304,4054.3257,4027.1700,3931.2324,3942.6414,4015.3900,3960.2235,3960.7944,4056.9500,4092.9812,4089.9071,4122.6600,4203.4742,4082.4165,3831.0300,3812.9368,4007.0174,4185.4100,4109.5096,3921.1198,3816.6500,3897.7426,4057.1921,4217.0900,4363.4506,4415.1679,4305.1300,4041.8325,3803.3461,3668.8300,3608.5897,3708.8666,3802.5200,3613.5957,3543.2161,3634.0900,3530.1821,3395.4298,3341.5600,3391.3849,3927.4439,4587.9600
2025/8/10,4538.6607,4372.4353,4408.6200,4419.8130,4532.5885,4577.6000,4253.8792,4256.2647,4543.7600,4381.5178,4192.9393,4185.4400,4118.2526,4027.0160,4101.0400,4438.3628,4486.3641,4211.5400,4104.6560,4032.8471,3924.7000,3925.2929,4133.1169,4334.2700,4188.6283,4032.3435,4102.2700,4283.5095,4168.5005,3911.3200,4022.9280,3950.1065,3675.7900,3840.7966,4465.1238,5045.3700,5013.5822,4950.1885,5030.0100,4907.2169,4917.7538,5070.0000,5016.0880,4985.5733,4897.3100,4593.9263,5364.5046,6792.3300,7031.1084,6778.8398,6771.8100,6975.8949,6797.3639,6414.5900,6542.3199,6469.7692,6250.8500,6689.2651,7091.1500,6998.5800,6658.6701,6618.0475,6817.9000,6740.4952,6709.8929,6894.3800,7082.0066,7049.8532,6928.8400,7010.1173,6846.1678,6490.5800,6492.5780,6634.2832,6701.8600,6718.4967,6829.7097,6932.3200,6787.7356,6711.0884,6867.9300,7113.7775,7236.7182,7204.2500,7136.2352,6998.8338,6925.1000,7087.3776,7015.2600,6754.6400,6861.4412,7209.1176,7367.3100,7077.0089,7210.3388,7622.5300,7298.5128,6919.0418,6984.0200,7301.3448,7409.8085,7299.5800,7345.0669,7420.2876,7497.2500,7551.6128,6727.6961,5527.0600,5428.7887,5593.5862,5537.9600,5602.2818,5624.1080,5583.0200,5653.6302,5686.6621,5648.4400,5659.6301,5664.2410,5662.2100,5720.6008,5771.1602,5831.7500,5961.2309,5913.6918,5718.4700,5656.2852,5614.2844,5649.9200,5827.0107,5218.4602,4328.0800,4651.3072,4980.1670,4700.3200,4436.2300,4586.4976,4814.7300,4482.9873,4362.2096,4617.6100,4645.7684,4616.4382,4601.0400
2025/8/11,4481.4443,4566.8829,4745.1000,4581.9305,4465.8087,4624.4800,4832.9474,4581.8336,4156.2500,4328.9486,4411.6136,4122.5200,3912.6679,4020.6066,4212.4600,4061.7796,3993.0135,4153.7200,4262.3279,4295.5124,4260.2000,4135.2415,3950.4670,3847.2100,3982.5976,4185.9764,4256.7800,4119.7803,3978.5876,3876.9700,3733.1425,3850.8568,3992.9800,3687.9082,4016.8034,4897.8200,5076.4186,4836.8426,4788.7900,5183.7119,5193.4702,4811.4300,4860.5710,5124.6755,5220.1800,5130.6679,5817.5941,6825.7200,6695.8009,6538.1279,6883.8200,7135.7889,7146.3950,6964.1500,6756.9095,6861.5085,7025.1800,6691.6700,6575.0655,6803.7100,6785.5520,6680.2854,6669.6900,6724.4747,6686.9124,6651.9400,6858.7126,7005.0742,6950.2000,6847.3571,6817.4129,6749.1900,6473.0300,6437.6210,6558.6300,6366.4979,6562.1795,7038.6800,6920.4400,6672.5720,6704.5200,6940.3092,6995.4177,6891.9800,6960.7612,6875.9367,6741.6900,7020.8235,7235.5403,7180.8800,7123.4187,7153.6418,7222.6400,7224.2746,7181.6597,7135.3100,7110.7631,7135.9980,7211.4300,7282.7068,7203.0928,7105.4700,7245.4183,7193.4296,7112.6800,7463.9667,6917.5975,5693.1400,5468.9948,5749.9895,5756.5500,5296.8858,5346.4950,5810.6800,5681.8005,5689.4347,5949.3200,5783.1998,5574.2048,5642.3800,5876.9710,5831.2575,5587.3500,5641.2106,5721.3412,5664.2600,5596.5169,5578.3861,5647.8200,5715.5872,5239.9907,4629.4000,4861.6544,4990.3787,4726.1100,4707.5139,4701.0327,4557.7100,4428.5198,4400.9019,4495.3300,4649.7600,4673.9789,4606.3500
2025/8/12,4672.9262,4804.9262,4738.4100,4307.1899,4174.1526,4384.8400,4335.9834,4133.0738,4075.5600,4295.1833,4257.4394,4065.3600,4317.2777,4408.7770,4171.6100,4063.9317,4072.1854,4180.6000,4413.9232,4479.2293,4364.1300,4307.1833,4123.2028,3920.6100,4018.4404,3989.6086,3795.8100,3852.1654,4068.6851,4226.5300,4189.3873,4126.3758,4067.2500,3975.0929,4370.0616,5027.6500,5128.7763,5004.9501,4913.8800,4822.1541,4994.0253,5257.9100,5158.6042,5135.6951,5219.8900,5114.8313,5706.7896,6773.5000,7062.8906,6840.6261,6588.5600,6541.4721,6656.7228,6730.1800,6596.6434,6604.9818,6822.6400,6922.9183,6670.8094,6413.1900,6738.9576,7014.5578,6914.4800,6740.1247,6801.8265,6956.9400,6804.6180,6689.7912,6806.8900,6954.2042,6740.2165,6349.9600,6354.5698,6409.6357,6413.4400,6616.9589,6781.0464,6827.2800,6895.9760,6862.9798,6867.4000,7156.6624,7118.1281,6759.3500,6752.1048,7061.7832,7289.8000,7080.6935,6939.4542,7026.5600,7054.1970,7174.2069,7347.2200,7325.9309,7253.6273,7218.7800,7190.6228,7274.7113,7382.6600,7288.0719,7127.6701,7045.7300,7080.0142,7189.4843,7410.7700,7648.5157,6961.0917,5726.9500,5396.0938,5587.9424,5767.1200,5784.1541,5751.5651,5779.1700,5870.4393,5872.2015,5820.0600,5886.1108,5888.1071,5748.0400,5593.5607,5583.7222,5656.7600,5623.2389,5675.3315,5789.2600,5713.1333,5541.4325,5537.3800,5779.8606,5357.8869,4528.9100,4523.0168,4814.0809,4883.9000,4724.4374,4513.9871,4377.9800,4357.1740,4518.4323,4648.3100,4432.1454,4281.7294,4334.8600
2025/8/13,4343.1271,4343.2323,4331.4200,4296.4106,4625.3045,4927.1900,4419.8644,4210.9753,4512.8200,4428.7645,4130.7316,3945.5400,3990.7305,4067.6574,4159.4400,4399.6840,4500.5635,4390.6900,4275.4891,4171.2848,4094.1200,4089.3386,4115.7572,4076.1800,3938.7831,4044.8141,4289.6500,4222.1261,4143.4359,4104.7900,3898.3220,4015.4846,4208.7700,3830.9211,4222.3357,5227.8500,5248.5924,4897.6373,4828.3800,5039.3133,5072.7028,4924.4000,4996.6636,5076.9571,4944.0000,4735.3186,5356.9982,6491.6000,6846.0374,6858.4031,6909.1700,6880.2544,6693.7449,6528.2000,6644.0228,6686.1520,6612.1900,6725.0619,6839.7459,6814.0200,6726.4766,6842.8008,7100.6400,7140.2438,6915.2486,6716.6100,6902.0840,7092.0273,7058.4800,6911.2424,6755.3840,6681.1500,6714.7952,6674.3296,6508.7800,6390.1629,6624.0614,6944.1500,6769.2841,6648.0648,6869.0500,7144.9692,7109.2300,7008.3800,7364.9582,7349.3388,6961.1900,7038.1139,7102.2744,7010.3100,7108.2611,7024.5518,6877.0200,7190.9274,7441.2461,7401.9200,7358.9338,7368.5869,7379.1600,7318.9079,7214.8153,7152.1400,7179.9533,7096.7207,7241.9100,7936.3951,7151.5530,5471.3700,5589.2901,5897.8279,5674.8200,5825.4142,5816.2036,5536.8900,5529.0699,5718.4086,5758.6900,5402.5244,5209.5735,5385.5900,5604.1059,5650.6247,5648.9100,5845.7725,5795.5684,5603.0500,5822.0360,5925.2353,5790.3600,5764.6657,5375.5157,4734.1900,4512.5995,4455.4425,4427.6300,4559.7731,4611.8577,4466.6000,4254.8824,4208.6585,4259.9700,4169.8439,4282.2530,4542.7700
2025/8/14,4515.6238,4421.8117,4457.1700,4584.4198,4622.6194,4523.3700,4371.2399,4129.8152,4012.6000,4301.3802,4450.7095,4333.2900,4314.9176,4238.8430,4204.3600,4445.1868,4210.1178,3673.6400,3810.6716,4118.9845,4308.4500,4536.6148,4403.6781,4028.2500,4004.2291,4169.0290,4151.7200,3767.9581,3600.3350,3806.8600,3998.5829,4063.9392,3954.6200,3795.4017,4390.0378,5237.4300,5004.4082,4863.1364,5142.0200,5025.9677,5034.9510,5216.8200,5024.4919,4803.8388,4764.5500,4872.8632,5559.1166,6556.5700,6978.1889,6744.7847,6452.5100,6790.9325,7002.1731,6791.5600,6641.2510,6796.5508,6900.2500,6459.4648,6510.5033,7003.1700,6854.9938,6718.7406,6915.7800,7029.8822,6835.4167,6512.2400,6480.1396,6714.2985,6908.2000,6762.2046,6651.5395,6678.6500,6588.6198,6463.9110,6328.3300,6172.4610,6416.9398,6942.1700,7146.2356,7091.2103,6916.4300,6688.7899,6564.8035,6631.0900,6836.3419,6963.4852,7040.1200,7235.3828,7172.4678,6978.2000,7163.7023,7234.2907,7119.2400,7239.7941,7274.6493,7152.8000,7167.1501,7289.3556,7334.3500,7185.4434,7258.0126,7473.6100,7348.0498,7268.5750,7480.2600,7696.8218,7033.4092,5805.6800,5320.5121,5463.1298,5701.7400,5639.6727,5592.9374,5713.7000,5825.1572,5810.5157,5703.2100,5643.8407,5671.4568,5698.8100,5610.6407,5573.3262,5729.6600,6020.2783,5988.6754,5788.6500,5960.7934,5809.2882,5472.5100,5720.5903,5326.7156,4380.3100,4268.9038,4304.2570,4266.8000,4649.6319,4802.6369,4618.6900,4603.0775,4387.5965,4203.1700,4633.1533,4438.3174,3611.7300
2025/8/15,3422.4190,3479.2169,3505.0500,3664.8132,3712.2150,3567.5200,3430.8152,3503.5025,3609.2400,3395.4405,3280.7559,3335.5300,3251.9763,3363.6918,3555.2200,3329.1653,3103.5472,3113.5500,3186.8638,3198.8932,3129.9500,3041.4353,2971.1976,3077.8200,3438.4143,3340.4382,2932.9200,3057.7651,3122.1979,2967.5000,3050.1214,3088.0015,3022.8400,3084.6381,3004.5424,2767.6700,2682.1658,2809.9553,3027.5700,3163.8665,3326.0950,3478.1600,3459.1789,3453.2782,3440.2800,3257.6370,3314.5172,3473.4500,3188.7786,3023.5158,3149.1100,3229.4317,3574.6593,4009.7800,3954.9624,3811.6489,3864.1000,4010.3634,4084.8221,3965.2000,3706.0709,3815.8085,4168.8800,4167.9222,4278.8121,4412.5100,3991.7344,3765.3535,3989.8900,4165.0829,4104.3794,3910.6500,3849.6593,4022.0566,4272.9100,4317.0074,4197.1637,4059.0100,4025.8824,4059.8637,4124.4000,4203.6783,4201.8689,4105.9700,4019.3311,4091.5962,4347.6300,4642.5708,4708.5833,4591.2200,4562.9236,4451.2408,4381.0600,4659.9959,4709.0563,4446.7700,4393.4685,4576.5907,4772.1000,4700.9811,4351.5781,3918.6000,3678.2421,3674.9910,3783.7800,3846.9049,4000.3762,4087.1400,3808.2730,3736.2480,3938.7800,3932.1222,3919.8440,3979.8900,3942.0214,3862.7913,3808.1200,3813.2351,3983.3004,4213.0600,4242.1562,4109.0751,4052.6000,4241.6198,4113.8059,3847.8000,4159.1780,4260.6544,4114.5000,4380.6963,4041.9523,3324.3300,3537.2511,3677.4954,3385.5300,3347.5025,3477.3746,3621.5700,3737.9107,3683.3402,3517.3500,3480.0724,3610.0378,3734.1600
2025/8/16,3630.9189,3510.8641,3489.9900,3468.8105,3319.3349,3276.0800,3641.7922,3575.1590,3140.9600,3246.3326,3408.3672,3354.4000,3325.0740,3332.6360,3371.1200,3432.8599,3337.8548,3206.1600,3316.6504,3237.3918,3002.3600,3107.9070,3313.8883,3269.7500,2892.5581,2813.2679,3083.4200,3173.8666,3244.8152,3275.7400,3037.3935,2891.7048,2908.7500,2853.2492,3015.3051,3191.8900,2873.6123,2798.2677,3004.0500,2854.6569,3045.4626,3624.1200,3832.2447,3657.1314,3340.4400,3152.6325,3240.5601,3477.5300,3556.2736,3422.6661,3256.7300,3341.6685,3690.9556,4029.3400,4020.6959,3951.9340,4012.3500,4119.0006,4131.1605,4079.1900,4084.7506,3923.6220,3733.4000,3907.8012,4079.6133,4045.1100,3962.2116,3993.6003,4136.3200,4211.9937,4013.2504,3808.2000,4063.9110,4159.6672,4110.6000,4476.9573,4406.7801,4041.8500,4393.1512,4564.9062,4164.6500,3788.6903,3972.0016,4386.6900,4236.6375,4164.8697,4401.5700,4495.1854,4397.6071,4240.7900,4182.3894,4202.0489,4271.2100,4384.5758,4484.2859,4560.3000,4596.7482,4340.0142,4182.6800,4701.2243,4471.8821,3597.1200,3641.4793,3913.9662,3874.0600,3742.2213,3818.0914,4005.6300,3961.1779,3966.0972,4143.3300,4310.4533,4342.9265,4196.3600,3962.7819,4006.7748,4204.7700,4064.8041,3836.8508,3805.2400,4036.4575,4349.6082,4391.3700,3955.4706,3832.6811,4145.3000,4248.8197,4111.8288,3967.4800,3996.8408,3797.8787,3504.2800,3675.7070,3862.6623,3750.8300,3485.6513,3449.3673,3570.9100,3463.4577,3481.4319,3523.7000,3210.2407,3561.8823,4378.1500
2025/8/17,4387.5695,4310.0090,4490.1400,4504.1890,4411.7509,4303.5800,4206.9021,4279.4486,4411.2500,4305.3394,4120.1234,4078.4400,4263.9805,4424.8517,4455.7700,4436.6675,4281.4979,4152.9500,4312.6878,4279.2698,4110.6800,4292.4457,4151.8761,3748.9100,3859.0795,4022.7772,3989.0000,3982.4694,4016.8092,4066.2600,4097.5213,3979.6844,3770.2800,3748.4421,4203.0331,4866.2300,5080.8593,4868.9596,4644.8300,4816.1977,4926.2256,4915.5900,5149.1698,5239.0736,4933.4600,4574.0930,5453.0434,6819.8200,6592.6275,6384.5969,6804.2300,6846.0164,6834.2227,6817.1900,6474.6695,6488.2002,6814.0200,6724.9364,6662.1123,6718.9000,6531.6686,6486.7084,6597.6400,6505.0027,6595.7130,6755.6400,6478.1339,6425.0576,6718.2200,6794.5315,6705.2789,6544.9400,6350.9716,6389.2662,6483.4500,6246.5164,6404.4814,6893.1800,6907.4551,6943.3498,7138.0800,7101.8190,7100.9217,7132.9500,6927.9429,6883.3199,7011.4100,6938.4915,6956.4593,7136.5000,7217.3261,7184.2884,7170.8700,7265.7470,7084.9095,6924.9500,7419.2502,7422.5972,6996.0600,7297.5328,7301.5168,6969.4500,7306.5142,7355.2306,7162.3600,7597.2390,6892.3335,5348.4300,5221.0653,5647.7635,5857.1900,5916.9049,5671.2142,5453.0000,5821.1236,6058.3631,5967.6100,5991.0284,5775.5967,5411.4200,5452.9806,5709.8327,5852.9200,5714.4956,5543.9677,5490.3000,5507.5658,5587.7882,5757.1600,5913.1217,5399.5128,4585.4900,4534.4612,4476.6775,4210.8600,4358.9235,4678.3676,4722.1300,4307.9556,4183.3582,4472.7000,4609.5724,4678.4345,4767.1800
2025/8/18,4777.8417,4555.6191,4203.7200,4052.9805,4243.6493,4418.3600,4102.8819,4099.3524,4529.2500,4665.2696,4417.5051,4182.1700,4399.5556,4455.6880,4205.3400,4119.6500,4190.4735,4245.0300,4165.1467,4180.6141,4213.0100,3985.8655,3982.0823,4176.4600,4062.1503,3996.4829,4141.9900,4249.2797,4110.4525,3872.7200,3894.7285,4021.4404,3991.4300,3807.1543,4360.5208,5332.3600,5411.4223,5036.9603,4787.6100,4826.9365,4920.3700,4877.9300,4747.2203,4929.0869,5128.4200,4819.7102,5573.3002,6911.6100,6705.1590,6460.6839,6844.8800,6964.9811,6804.7264,6689.8400,6858.9768,6820.7904,6618.7500,6765.9060,6805.6979,6619.8800,6588.5594,6728.0062,6893.4000,6917.4634,6801.0032,6661.7500,6641.7921,6684.4986,6697.8900,6630.7746,6534.5501,6486.5600,6509.0630,6414.2828,6238.6800,6245.6425,6492.6612,6832.4300,6996.8358,6850.5820,6632.6200,6760.7114,7015.3492,7129.0500,7042.3814,7050.0864,7130.4000,7023.4534,7103.8962,7267.5700,7006.9157,6752.4341,6815.9500,7108.5510,7381.5361,7399.9200,7146.4097,7235.0194,7512.3800,7263.0552,7178.2431,7315.6300,7082.6373,7221.1865,7776.6400,7824.5106,6782.2592,5457.8800,5341.0409,5516.4428,5426.0900,5406.8700,5486.8219,5666.6900,5915.4750,5854.1682,5502.7300,5329.6682,5620.6188,5915.9700,5526.5867,5555.4629,6048.2700,5934.3400,5704.7416,5692.5400,5692.8501,5618.7046,5634.1000,5867.1089,5492.9928,4629.1100,4291.7898,4365.1014,4494.2300,4480.5437,4510.3310,4612.9800,4589.0229,4347.6595,4148.4000,4361.4105,4540.2824,4537.7300
2025/8/19,4590.2835,4463.0872,4264.2500,4391.2111,4544.2702,4495.8800,4309.1128,4193.2101,4162.4200,4114.4015,4366.3924,4679.8200,4458.0182,4294.5277,4398.4500,4379.0890,4208.3898,4063.8500,4139.8120,4274.1094,4336.7500,4312.3179,4160.0199,3973.3200,3930.2231,3982.4421,4099.3700,4257.7679,4178.3325,3919.9100,3851.4274,3965.1943,4042.4200,3949.4674,4300.9932,4935.5600,5030.6592,4957.2743,4944.0100,4844.9049,4813.4824,4909.0400,5033.9593,5150.6677,5044.6700,4681.5210,5425.3549,6785.1500,6830.4257,6646.1795,6857.7700,6959.2130,6875.9257,6785.1500,6872.1085,6848.5648,6672.9000,6610.9386,6690.1239,6817.5000,6872.2457,6847.5122,6727.4100,6534.3020,6575.6308,6762.7700,6724.8190,6806.6715,6942.5300,6675.9632,6354.0335,6233.4400,6283.4285,6502.7733,6633.6200,6399.8194,6479.2369,6837.0600,6769.3969,6691.0651,6819.1600,6925.0213,6951.5577,6959.4700,7003.7901,6855.6634,6599.9200,6627.4771,6995.9968,7313.4700,7073.2479,6743.2227,6688.8100,6898.9738,7249.2199,7408.1400,7101.4194,6977.2089,7108.7500,6977.6047,6909.5607,7014.1200,7046.3332,7085.9633,7245.3100,7391.0667,6683.2018,5515.2100,5267.3956,5629.7191,5874.5500,5595.2609,5541.2448,5702.9600,5423.2651,5587.5546,6160.5300,6134.0676,5867.8311,5798.6200,5934.2019,5719.3341,5278.9100,5322.8390,5631.7799,5789.7700,5607.1818,5599.1142,5958.1400,6233.9038,5473.3450,4335.3500,4472.1792,4650.2507,4470.9900,4717.2233,4645.9526,4266.1400,4394.3003,4504.4212,4408.7400,4464.6528,4475.3273,4353.6400
2025/8/20,4275.3889,4429.1659,4647.8200,4572.9756,4487.9017,4431.1900,4193.0323,4178.9878,4337.7900,4210.4961,4148.2745,4260.4300,4277.8891,4220.9025,4146.8000,4091.7485,4161.6629,4333.8100,4436.4261,4299.5532,4024.2200,3917.9726,4028.9641,4115.4400,3881.1643,3689.4382,3821.7100,4171.6266,4113.3811,3691.1900,3602.2974,3949.0725,4258.0600,4031.1515,4282.4122,4984.4700,5065.7221,4951.3836,4943.0800,4885.5904,4846.3413,4869.0100,4906.9047,4890.0968,4698.8600,4433.2623,5174.5889,6483.3600,6738.3110,6624.8848,6687.3600,6771.0049,6869.1004,6907.1700,6769.3192,6619.9142,6569.0700,6594.0500,6642.2975,6640.6100,6556.4983,6568.6246,6681.4700,6713.6700,6652.0182,6596.6200,6627.5823,6495.7710,6457.2000,6932.5383,6726.6667,6018.7600,6201.7626,6429.5562,6293.0900,6283.4782,6427.6750,6647.3800,6869.4790,6963.2497,6998.7200,7145.4272,7127.0302,6955.1200,6935.5131,6951.6964,6955.5500,7041.0716,7156.0414,7184.1600,7079.3480,7158.4090,7368.3300,7324.9504,7157.3005,7002.8400,6930.6156,7210.2224,7581.9800,7465.0105,7297.3833,7336.8800,7407.4016,7373.5821,7356.8800,7477.1503,6935.2747,5941.9800,5587.6139,5532.2017,5523.4800,5651.9155,5568.4728,5385.9300,5574.2055,5743.2461,5700.2000,5644.8329,5670.9239,5788.1600,5914.0333,5822.3336,5549.3900,5421.0898,5701.5668,5988.8800,5623.4022,5459.2069,5711.9900,5679.5829,5110.3993,4476.6800,4510.5923,4611.8500,4467.5000,4358.4033,4423.6005,4556.8500,4545.9083,4554.3976,4572.0400,4440.9760,4473.8008,4657.6000
2025/8/21,4642.2613,4510.5959,4398.2300,4377.8041,4500.6420,4571.1700,4329.3829,4203.0449,4261.5300,4182.9315,4196.3427,4313.6900,4276.4488,4185.3573,4188.7200,4318.0803,4336.0273,4239.5300,4240.3964,4214.1485,4149.1600,4176.5993,4201.8045,4160.6300,4091.7824,4080.4752,4035.9700,3842.6979,3996.6708,4341.4500,4193.7317,3970.8800,3886.1400,3818.1212,4220.1185,4798.0400,4751.3906,4798.8905,5119.2600,5129.1804,4916.2235,4755.6500,4843.5533,5018.1832,4978.7800,4715.6211,5490.5436,6828.2000,6897.9295,6626.9291,6668.0000,6735.7762,6741.8839,6745.8900,6812.3580,6693.6138,6499.4600,6580.1990,6531.7514,6430.6600,6742.6873,6831.2835,6615.6600,6660.9356,6769.2200,6732.5400,6594.4272,6629.7134,6823.7300,6856.7653,6584.1755,6233.8900,6215.5420,6368.7961,6461.4900,6412.9312,6441.3901,6612.3300,6793.1250,6962.0882,7045.1400,6949.4549,6837.3624,6928.2600,7257.5219,7195.4693,6868.2000,6987.3009,6956.1313,6697.1600,6808.8644,7163.2973,7321.5700,6983.0875,6849.3814,7174.2700,7513.3742,7451.8998,7138.9100,7096.1204,7147.6513,7093.9100,6933.6500,6834.8848,7068.5000,7582.1384,6889.8977,5616.1600,5862.4189,5869.0138,5336.8100,5715.3942,5720.2453,5240.2800,5530.4697,5815.6984,5733.8900,5734.5190,5752.9673,5694.0700,5608.9341,5686.6983,5836.4100,5785.7693,5773.7160,5783.6200,5564.9178,5461.9469,5592.9900,5662.6458,5267.9691,4690.0800,4618.4690,4575.9374,4399.5200,4407.8644,4404.5758,4357.9900,4435.9652,4420.8878,4390.7500,4585.1564,4347.6727,3671.7100
2025/8/22,3300.8077,3444.9118,3686.0600,3409.5152,3130.5274,3143.6800,3254.1288,3349.3363,3480.5600,3703.8368,3575.1850,3238.1700,3296.7321,3362.6700,3306.4300,3395.4846,3439.9059,3416.7600,3480.0195,3361.8405,3107.8600,3100.3423,3367.7790,3574.1700,3338.1559,3158.9579,3221.5900,3231.7260,3127.2932,2916.4900,2688.7493,2808.0799,3134.9500,3143.2974,3038.5097,2967.3600,2877.4740,2902.9764,3046.0800,3162.1034,3243.4083,3309.2000,3348.3257,3275.3485,3202.7700,3352.8979,3527.8753,3564.2100,3497.8570,3574.5631,3616.4500,3285.9191,3448.1795,3991.9300,3915.9140,3762.1418,3866.9500,3997.4960,4064.7267,3980.7300,3743.6108,3833.0677,4205.3900,4314.1415,4180.1626,3998.8400,3967.2266,4171.9123,4340.8300,4102.8446,3984.2457,4071.8000,3953.8460,3882.6146,4000.4000,4145.7268,4091.1451,3962.6200,4076.3069,4067.7747,3986.2700,4256.8549,4472.5696,4379.0600,4168.8356,4319.7915,4608.5600,4369.5779,4212.6834,4389.8300,4533.0550,4540.0771,4487.7100,4492.4780,4419.7050,4310.5100,4384.7486,4614.8479,4832.0900,4790.5721,4270.6798,3706.6200,3829.9390,4006.1208,3939.2600,3933.7688,3952.9455,4015.8800,4193.5347,4186.2665,3973.0700,3881.8816,4122.6640,4370.1000,4101.3618,3971.8856,4062.5300,3865.0912,3967.1522,4179.8800,3754.2191,3866.3463,4507.0400,4420.8052,4065.5750,4007.2700,4301.2873,4350.0497,4166.9100,4241.1226,3933.4282,3444.2600,3699.4992,4031.6423,3953.2200,3615.5640,3352.5051,3320.8800,3427.2339,3452.4563,3398.6700,3433.5695,3398.5758,3335.8900
2025/8/23,3471.1900,3628.8318,3647.1400,3512.2122,3332.0303,3255.6600,3341.1044,3257.1049,3089.0900,3242.4188,3362.5608,3284.2600,3215.4899,3304.9844,3396.4600,3200.8805,3034.5392,3195.9400,3600.8279,3382.6686,2839.3400,3108.8667,3304.6515,3091.6000,3049.4943,3128.3673,3133.3900,3007.6260,3121.2443,3336.3400,3136.7824,2934.1540,2975.6800,3076.7442,2955.1575,2710.0700,2717.9106,2860.6737,2930.1400,2879.6069,3127.0236,3519.1200,3479.2563,3456.8720,3521.3800,3314.8105,3314.5557,3497.5600,3345.2460,3203.9219,3223.2900,3246.3283,3547.0932,3947.4000,3940.8928,3944.3787,4095.4700,4115.0546,4114.1610,4131.3700,4066.9539,3971.0072,3942.9200,4046.4201,4162.9762,4129.0700,3900.1601,3881.1561,4049.9000,3994.8539,3902.1256,4055.6600,4475.2311,4401.4683,3962.2500,4012.7839,4022.2840,3790.9700,3767.9951,4211.1506,4650.6100,4338.7154,4068.0139,4175.4800,4241.7131,4217.0366,4225.8600,4389.5219,4530.9426,4470.6200,4190.5405,4016.4678,4125.7100,4417.8930,4622.8185,4578.5600,4357.2924,4354.2274,4572.2800,4595.1716,4233.3907,3764.8800,3708.9110,3925.1237,4044.2100,3826.7018,3764.2125,3926.3800,3919.3891,3907.0671,3968.3600,4003.4018,4108.1273,4140.3000,3874.2843,3876.3627,4160.4200,4155.8065,3967.4796,3866.3500,4012.4588,4174.7001,4192.9700,4095.4856,3988.1405,3972.8900,4075.9086,4119.6976,4181.6900,4420.4391,4140.0804,3418.6300,3131.6562,3367.3274,3682.2500,3578.1402,3597.8263,3760.3700,3540.7711,3366.3045,3412.9700,3486.9801,3881.1243,4417.6800
2025/8/24,4521.0545,4409.1841,4379.6300,4512.2280,4532.8274,4435.4900,4447.8656,4329.1904,4139.9400,4199.7079,4197.3292,4154.3700,4397.1683,4510.6878,4339.0600,4139.4040,4020.2956,4032.5500,4162.5719,4213.3444,4203.7200,4293.6551,4183.1306,3950.7000,3984.6134,3947.0790,3789.5700,3819.5080,3870.6414,3822.7500,3750.6840,3818.0841,3918.6800,3859.3140,4222.8435,4938.2200,5258.5001,5147.6518,4986.3500,5166.6889,5233.0192,5085.9000,5071.1228,5040.6692,4897.2200,4827.2886,5391.1961,6334.6100,6759.7160,6811.2217,6721.5000,6601.8196,6782.3162,7003.6100,6724.2294,6797.3882,7023.5600,6406.5531,6318.2188,6932.7000,6990.1514,6710.6307,6591.7900,6803.9715,6703.0421,6486.4400,6917.7589,6916.4514,6455.1500,6589.3829,6646.3749,6479.6500,6621.3673,6461.3444,6086.9000,6257.2773,6471.4628,6522.5200,6722.5233,6977.1891,7034.8900,6756.9765,6630.1884,6791.2500,6935.0691,7017.3147,7074.1300,7112.6606,6998.3381,6859.7300,6995.4968,7194.1585,7208.3900,6992.5544,6911.2547,7052.4400,7174.3041,7228.8440,7223.8700,7174.4663,7112.8063,7093.9000,7156.6824,7209.9251,7323.8800,7501.0286,6771.2125,5632.9900,5648.1875,5828.1037,5720.6300,5841.5639,5827.3750,5565.8500,5370.9282,5325.3071,5475.5400,5783.6048,5791.0247,5520.7800,5448.8647,5519.7629,5627.5100,5741.9003,5782.3117,5701.3700,5568.7195,5712.4656,6017.5200,5931.2024,5209.1551,4361.0700,4255.0914,4516.7500,4661.7800,4513.8715,4294.4426,4295.7700,4611.2947,4675.1065,4458.5700,4463.7586,4517.2750,4473.7000
2025/8/25,4382.9847,4260.6667,4164.5500,4184.4721,4322.1836,4471.5800,4471.7225,4292.6997,4151.3600,4287.7748,4213.6090,3960.5700,4042.3590,4104.8678,4073.4200,4224.9772,4246.2592,4119.2900,4145.6846,4121.6106,3935.0400,3749.8586,3917.5458,4295.1700,4361.6370,4231.3156,4016.8900,3763.3483,3878.7214,4134.2300,3910.2227,3895.7960,4083.2600,3850.6771,4182.1164,4996.8000,5153.5297,5152.3536,5286.7000,5273.9547,5067.2432,4850.0400,4876.0373,5017.7600,4954.7600,4641.7094,5418.8666,6735.5500,6650.7338,6539.0643,6888.0600,6777.3680,6599.3016,6674.3800,6867.3002,6908.1795,6779.1500,6687.8367,6622.7260,6585.1400,6643.1345,6840.4852,7023.4800,6939.9285,6706.7435,6545.5500,6597.6572,6653.1139,6672.6200,6763.3858,6608.4196,6329.5200,6388.2090,6431.0854,6279.7400,6171.0349,6436.3736,6799.1900,6671.6955,6692.2294,6936.9300,6839.6418,6748.9863,6829.7600,6882.7428,6934.8536,6929.4600,6777.5099,6821.3852,7108.3000,7315.9082,7271.2530,7051.7000,6917.9245,7016.1664,7153.2900,7012.7444,6996.4105,7193.0600,7277.6713,7256.0668,7258.4000,7331.2868,7082.2165,6911.5600,7474.1660,6947.2437,5533.4700,5348.3589,5578.4576,5533.7100,5401.9185,5339.2379,5396.9700,5538.9660,5723.7570,5809.6600,5668.6475,5609.3314,5655.7800,5570.5485,5629.7450,5796.2900,5733.1927,5674.3331,5702.3100,5651.7349,5562.1343,5556.3100,5651.0470,5353.7028,4719.4500,4333.2153,4202.2037,4300.3300,4603.9951,4653.8744,4530.6600,4707.7686,4660.5037,4335.3800,4258.4923,4363.9176,4457.0300
2025/8/26,4423.7554,4358.6770,4309.2900,4242.6084,4200.7539,4273.5800,4473.1312,4412.4574,4144.0600,4089.2002,4002.5645,3839.6300,3862.4358,4062.8648,4293.9000,4387.9874,4361.7024,4215.7300,3973.4119,3980.4049,4232.3300,4353.2487,4216.8747,4006.9300,4039.0610,4185.7749,4219.4800,4022.3211,3850.8901,3803.2100,3788.3718,3946.4134,3989.6300,3551.9510,3834.7369,4796.2200,5124.1656,4983.0393,4859.9300,4994.1085,4921.7574,4683.6500,4790.5666,4926.0412,4817.2500,4673.0294,5519.0041,6803.9700,6866.1956,6666.6056,6749.2900,6691.5849,6569.7058,6545.1400,6665.6130,6737.8814,6697.5600,6647.5307,6606.3400,6586.1300,6598.8902,6595.5555,6660.8000,6875.2683,6742.6243,6437.0900,6655.8847,6942.5856,7001.6200,6951.8819,6744.9169,6460.9400,6329.1644,6459.1073,6620.9100,6496.8211,6615.6356,6993.7200,7080.7356,6965.6031,6820.9300,6738.2723,6815.1651,7008.0900,7148.9700,7150.3885,7060.5900,7022.5463,7097.5730,7214.0300,7227.2683,7148.3516,7087.3800,7119.1593,6968.6244,6883.3400,7334.6024,7308.6263,6846.2400,7021.1073,7332.2753,7425.0200,7425.3790,7185.0484,7052.4800,7435.3109,6794.2427,5419.9500,5258.4218,5611.3461,5694.1800,5451.0308,5320.9359,5446.3200,5577.6808,5564.0261,5539.0300,5745.1338,5855.0897,5788.0100,5741.0506,5483.0996,5261.2900,5586.0637,5705.2778,5514.6300,5638.7730,5759.4116,5791.8400,5892.1636,5320.1114,4478.2800,4551.0794,4430.8355,4005.2700,4290.7888,4521.7978,4317.1900,4129.3829,4327.2969,4611.6200,4357.8790,4164.4835,4290.5700
2025/8/27,4399.3820,4384.3895,4335.1600,4361.8295,4159.3212,3954.7200,4285.6241,4422.8438,4241.5100,4287.5649,4115.2517,3865.6900,4184.6720,4389.3563,4198.7200,4018.9673,4021.9675,4080.9100,3967.2679,3958.1479,4113.5200,4183.1664,4069.7829,3929.4400,3997.4569,3997.1264,3893.4500,3913.5555,3859.0548,3742.5200,3834.6859,4138.7081,4256.9900,3859.0606,4132.1522,5006.3100,5167.5640,4878.4633,4622.8200,4628.4285,4854.6939,5016.6100,4840.0221,4779.7667,4745.5100,4412.7712,5323.2587,6882.0000,6817.4938,6524.4736,6690.6500,6625.0791,6700.6903,6878.0400,6662.6847,6502.6950,6555.2700,6568.6591,6765.7386,6898.0900,6477.4860,6388.6527,6703.6800,6639.6137,6618.3426,6814.5400,6894.0653,6746.8059,6654.3300,6942.0006,6835.7111,6269.7300,6025.6305,6304.7342,6651.5600,6462.7272,6499.7733,6800.3100,6654.9598,6617.7585,6859.0000,6966.8054,7034.4815,7026.2800,6812.0792,6902.0669,7176.0500,7007.2748,6887.0844,6933.9200,6799.3334,6885.2069,7181.1200,7220.2185,7131.1676,7030.9900,6939.5036,7132.5240,7406.6400,7242.1396,7018.9624,6997.5900,7071.2979,7079.3674,7156.0700,7416.8085,6757.5521,5463.0300,5084.7220,5449.8084,5857.5700,5775.6091,5635.4594,5608.7000,5494.4432,5585.6523,5770.3900,5624.5996,5585.8361,5734.5800,5691.9578,5552.6184,5480.4800,5530.1560,5550.0951,5546.8500,5638.1438,5573.0951,5526.3500,5822.7721,5383.4323,4484.4500,4530.2860,4639.3977,4419.9200,4385.3185,4363.7478,4303.2000,4380.4096,4478.2841,4478.9000,4394.7247,4439.0801,4490.5300
2025/8/28,4217.8767,3973.7206,3974.0000,4113.6938,4257.3310,4403.0400,4568.9497,4338.2093,4006.3600,4276.7179,4253.5716,4008.3000,4465.8323,4529.1347,4113.5800,4249.8378,4334.7121,4181.8500,4262.2341,4320.7731,4212.0600,4087.8736,4075.7031,4038.8000,3787.4441,3899.0337,4225.3600,4013.6351,3753.8175,3808.8000,4031.6463,4042.9737,3760.8500,3563.0726,4203.6613,5158.7600,5100.5445,4911.5256,4992.9300,4894.1876,4927.8854,5034.1900,4820.8698,4828.9172,5017.0100,4915.5395,5556.3035,6690.3400,6887.7059,6635.7195,6478.1800,6458.4121,6399.3461,6459.8000,6911.2496,6978.9083,6706.5200,6882.5396,6965.6609,6724.3800,6549.1734,6684.9337,6949.1200,6918.8485,6746.0323,6748.0600,7042.1357,6919.9630,6501.1600,6571.1816,6484.9069,6229.3600,6462.0291,6551.3411,6299.3300,6225.2845,6621.3091,7061.2300,6846.6377,6759.9009,6993.9500,6988.1319,7013.0767,7066.0200,6871.4787,6988.9835,7248.8700,6952.5140,7000.9996,7389.2100,7156.2831,6768.1638,6693.5900,6932.0389,7097.7822,7129.9100,7254.9892,7204.7049,7117.0300,7373.3016,7243.1091,6921.6500,7328.4017,7499.0963,7277.7900,7335.7287,6567.8547,5347.8400,5346.7959,5713.4387,5761.0700,5652.9083,5668.6804,5715.1500,5499.8911,5476.9756,5626.7900,5516.4180,5679.3440,6012.8200,5814.8194,5511.2227,5466.4600,5609.9573,5566.0125,5393.1800,5492.0093,5620.5204,5737.2800,5943.3613,5496.9691,4672.1300,4560.1323,4619.6693,4357.1400,3944.2364,4271.2010,4921.4700,4586.2262,4264.6106,4453.1500,4543.4622,3940.1805,3180.9000
2025/8/29,3367.9563,3449.8707,3141.3100,3218.9558,3446.8345,3476.2500,3245.3833,3196.1128,3344.8800,3284.4555,3111.8173,3061.8800,3238.1574,3219.4192,3004.5700,3007.1068,3096.6247,3075.0600,2906.4087,2887.8876,3000.7400,2974.7978,3106.6278,3350.4800,3308.8157,3129.3940,3077.4400,3243.3250,3143.1262,2791.6300,2717.2007,2925.7711,3088.2100,2891.3015,2845.9616,3008.4900,2956.8093,2984.4428,3066.8700,2895.6521,3010.9419,3427.9000,3596.1069,3658.4996,3597.1800,3240.8055,3141.1812,3297.2700,3198.3749,3220.3868,3415.2800,3430.3874,3498.1006,3751.9600,4048.4363,4153.5686,4110.3800,4142.7901,4026.7392,3781.5100,3704.1013,3770.4456,3928.3200,4111.7120,4000.5632,3786.7100,3977.1944,4067.0390,4002.7800,4219.0006,4283.3081,4089.9500,3982.3828,3903.3806,3854.7800,3951.4958,4101.5695,4204.4300,4226.8122,4223.2013,4228.9400,4233.6023,4205.2045,4087.9600,3886.1606,3902.8667,4129.6600,4232.0610,4129.2020,4088.7300,4423.3852,4535.7820,4347.8400,4359.5075,4392.8234,4311.9900,4239.8274,4431.1564,4649.3400,4384.7247,4101.0688,3995.0200,3824.6600,3659.4307,3671.0100,3915.0643,3935.1348,3756.5900,3831.7936,3898.4467,3909.5300,4075.5618,4053.9396,3799.0700,3669.0192,3857.4511,4050.9000,3783.5924,3785.7625,4191.9600,4374.9194,4266.4144,4113.4800,4184.4791,4185.5736,4020.6000,3900.0689,3897.5072,3968.7900,3985.3741,3813.0609,3620.6300,3700.8131,3653.3770,3476.8700,3566.2246,3617.2856,3527.1900,3504.3037,3479.0768,3461.1400,3525.3348,3418.5113,3318.2000
2025/8/30,3629.6725,3653.8806,3368.9600,3457.9500,3601.9860,3543.0100,3374.0081,3296.4480,3343.9600,3388.8838,3422.9044,3442.8600,3434.0759,3438.3733,3407.3500,3250.5863,3121.1586,3074.9000,3027.9460,2972.0526,2859.1700,2680.3127,2800.1263,3120.6600,3166.6310,3166.7795,3228.8200,3194.0980,3053.9879,2906.8500,2897.0316,3077.5605,3235.0400,3053.6421,2775.1630,2689.6600,2848.1192,2750.2859,2436.8400,2474.2555,2820.8177,3263.7300,3573.5575,3518.5047,3272.2500,3259.4956,3294.4217,3241.8300,3157.4427,3035.2439,2975.1100,3128.0168,3362.2066,3640.0800,3995.8749,4106.6514,4019.6100,4069.8327,3928.1559,3760.2200,4082.8862,4193.6373,3975.8100,4006.2502,4059.9049,4068.2900,4187.4838,4034.5670,3779.4800,3972.9704,3963.5225,3725.8900,3889.6037,3992.2122,3894.4100,3959.0216,4132.7047,4273.0400,4295.7966,4261.6619,4237.2900,4234.8559,4175.5932,4114.7600,4170.5596,4106.0772,4022.0400,4266.0535,4473.2662,4382.5600,4132.0486,4272.6774,4593.5500,4384.1593,4341.8977,4586.8600,4540.5396,4563.5693,4774.1000,4791.9135,4229.7258,3524.6100,3571.0766,3833.8463,3946.2700,4020.1606,3953.1904,3865.7800,4023.4334,4150.9757,4008.8200,3663.6701,3679.7560,4011.1600,4081.2935,4106.7943,4179.2900,4109.3990,3917.1730,3860.6400,4152.5809,4139.8410,3928.1000,4221.3068,4253.5361,3934.4900,3965.7769,4024.6094,4051.1300,4285.0506,4082.4523,3494.7400,3291.9480,3430.3125,3650.9400,3739.1886,3665.0382,3477.1100,3321.1928,3568.2210,3879.4900,3602.3944,3819.6059,4431.8400
2025/8/31,4238.8191,4086.9599,4303.7400,4331.8449,4262.5311,4221.8500,4196.7023,4174.4711,4180.8000,4244.4363,4266.0654,4249.9800,4282.4459,4238.9512,4064.3600,3861.9191,3861.4236,4033.5500,4096.0348,3926.5379,3766.4100,3962.0240,4025.1071,3878.2500,3942.1342,4134.9683,4182.2300,3907.4233,3747.0965,3833.8800,3869.6701,3679.9174,3470.1400,3699.8678,4445.7610,5177.0000,5181.2150,5024.3365,4973.6300,4797.2717,4750.0141,4934.0300,5154.9935,5168.9777,4997.5000,4986.2621,5636.7174,6531.5900,6684.5167,6627.8543,6748.9500,6888.7895,6852.0472,6631.6800,6427.7689,6486.1634,6679.5600,6643.0930,6582.0839,6631.8700,6714.8956,6768.5318,6726.2700,6570.5645,6508.7904,6556.6700,6552.2240,6604.5832,6664.7000,6548.1457,6435.5360,6415.6900,6397.3788,6318.0164,6273.3100,6460.1478,6870.1273,7131.5300,6853.9674,6771.6983,6945.9800,6745.7859,6584.0995,6755.1800,7066.6635,6978.2858,6722.4400,7019.3873,7158.2710,6943.4200,6904.1621,6948.9806,7017.5000,7181.0802,7263.3928,7241.6900,7254.7417,7222.8953,7149.0800,7150.9721,7240.3879,7252.5500,7018.0211,6926.5462,7132.5400,7264.4649,6429.1446,5316.4600,5555.0543,5764.7645,5465.5200,5528.9593,5575.2232,5484.1800,5585.0904,5654.2883,5627.4500,5658.5560,5575.3902,5504.4800,5738.1599,5734.6997,5586.8900,5885.1573,5864.7531,5397.7300,5178.8900,5257.4175,5578.7000,5928.1014,5256.7191,4116.1400,4189.9420,4494.3047,4356.6500,4145.5154,4365.7071,4719.9100,4472.5326,4390.5890,4598.0500,4408.4557,4001.1814,3703.8900
2025/9/1,3677.7838,3739.9661,3710.6600,3555.6899,3464.3863,3548.7900,3734.9542,3747.9063,3585.5500,3496.1169,3447.5570,3450.7900,3566.7016,3600.2758,3530.9400,3524.6790,3538.0712,3544.6600,3588.2495,3700.1701,3777.9200,3666.4086,3514.9955,3439.3500,3452.0206,3590.2391,3722.1700,3642.2466,3547.9505,3560.4300,3618.5174,3648.5390,3589.7200,3519.4376,3971.2456,4678.0000,4789.2108,4757.4119,4871.7900,4943.7518,4876.6708,4749.6100,4752.1443,4914.8743,4950.2000,4673.8826,5335.4022,6564.6500,6669.8226,6549.8982,6711.1900,6699.1639,6470.8581,6244.3000,6288.3153,6488.1024,6605.8400,6499.7397,6497.4787,6664.7900,6734.6809,6632.7400,6453.3800,6360.8670,6335.0509,6358.4200,6439.4266,6493.2985,6479.8900,6421.2860,6314.9906,6161.3300,5979.7125,5827.5998,5785.5600,5892.2408,5975.3264,6071.5700,6344.1498,6434.4432,6313.3000,6294.1310,6224.3181,6169.3800,6362.0504,6370.7592,6180.0700,6212.3825,6306.0566,6337.8100,6357.9908,6352.1923,6377.5500,6500.8585,6482.9432,6341.6200,6336.7094,6364.9297,6382.3100,6445.9337,6412.1217,6314.4100,6319.8318,6234.0839,6249.0500,6581.7858,5745.1719,4352.6300,4587.3149,4868.4727,4570.1400,4654.1077,4765.5405,4807.1200,5071.2755,5013.4857,4676.5000,4693.8203,4855.6838,4879.9700,4721.4759,4679.3170,4813.7600,4893.2715,4822.3998,4771.7000,4962.6061,4934.9956,4707.9300,4696.7170,4337.7374,3826.0800,3973.8409,4055.4712,3785.8800,3598.2814,3465.9623,3482.6500,3794.4742,3813.9392,3568.3300,3631.1483,3590.2774,3529.5100
2025/9/2,3932.3259,3930.2997,3532.8900,3623.1887,3707.4367,3504.5800,3310.0400,3424.9428,3719.7500,3766.3104,3642.9886,3506.6000,3446.5076,3489.1526,3542.5400,3495.5324,3556.5886,3628.9200,3423.0071,3395.8109,3564.5000,3503.7636,3519.7008,3623.5300,3513.2352,3550.3999,3764.7100,3793.0265,3711.3634,3664.6300,3702.9161,3688.9195,3580.0500,3565.9474,4157.3358,4950.8900,4949.0920,4726.1185,4745.5200,4898.1749,4861.3324,4701.8500,4782.5730,4904.8054,4814.5900,4596.8273,5262.4174,6466.8800,6755.7683,6565.1578,6521.3300,6764.4673,6726.2767,6495.3500,6669.0056,6601.2218,6340.4400,6581.8137,6595.6628,6332.0100,6468.4377,6439.7913,6160.8900,6173.0957,6322.4979,6436.6400,6499.8031,6472.4883,6435.3000,6481.0320,6265.8176,5926.4600,5958.0940,5949.6122,5834.4900,5988.9044,6252.3109,6392.6600,6320.0607,6229.6615,6216.4500,6216.7175,6215.8192,6240.5000,6318.2729,6371.7190,6319.4000,6167.0903,6167.0538,6352.8800,6498.9097,6471.6014,6366.4000,6417.1107,6589.7988,6561.5300,6098.5263,6141.9998,6542.1000,6251.4223,6133.6797,6463.4200,6591.3537,6505.3283,6449.1900,6503.0264,5817.8914,4797.0600,4761.9789,4815.5169,4635.7300,4808.6057,4986.3570,5010.1200,5058.0728,4936.0526,4791.9800,4994.2728,5060.3343,4899.5100,4866.9182,4689.1572,4532.1400,4857.0991,4936.8505,4715.8500,4816.1349,4709.2771,4494.3400,4755.0793,4386.4018,3572.7500,3667.7119,3857.9391,3774.2700,3858.4177,3798.8392,3599.2500,3620.4077,3611.7099,3594.6800,3804.7175,3655.3392,3375.8200
2025/9/3,3797.7990,4096.9429,3897.6600,3649.3886,3595.1666,3678.2600,3667.1776,3584.4655,3491.4400,3422.2008,3411.0777,3484.8500,3622.3228,3651.4943,3577.8700,3568.5122,3581.0133,3627.1700,3750.5334,3700.1763,3474.4200,3361.5931,3500.5492,3687.9000,3584.5314,3497.0719,3519.2600,3475.8865,3606.9220,3814.9300,3727.7944,3638.7859,3618.7100,3550.4264,4086.8274,4871.7200,4816.4521,4686.4695,4819.8400,4787.9979,4707.7252,4734.3700,4869.7904,4937.4626,4825.5800,4705.4073,5386.6180,6441.4000,6555.1641,6415.8948,6455.9300,6421.7948,6399.6760,6487.1200,6645.6849,6634.5639,6469.1100,6419.0513,6539.8345,6639.2000,6476.8538,6366.9066,6387.5100,6324.0053,6290.7889,6344.6800,6390.0141,6308.7996,6244.9500,6411.0257,6265.6651,5874.8100,5882.2992,6055.4030,6085.1900,5928.3277,5974.2077,6200.0000,6193.4921,6060.2570,6049.4800,6273.7776,6292.8145,6146.3600,6267.6355,6219.3045,6007.9400,6103.8026,6180.6255,6208.4000,6439.9173,6293.8268,6012.0200,6423.6696,6608.0562,6337.4200,6311.5826,6383.2623,6406.0100,6441.2056,6480.1331,6476.2600,6412.0146,6451.3341,6676.0900,6824.5643,5859.8307,4568.0800,4841.3051,5024.0130,4630.3800,4826.0441,5093.8098,5066.1300,4955.4271,4910.7738,4821.6700,4519.9735,4525.8580,4852.1200,4934.3903,4648.4007,4454.0700,4912.8843,5170.1410,5017.7300,5030.6769,4919.9487,4771.6500,4936.1025,4479.0272,3670.5300,3768.0423,3896.0582,3683.9000,3683.3315,3909.4664,4076.5700,3903.3243,3730.3296,3688.6200,3589.4145,3434.0861,3330.5100
2025/9/4,3370.3237,3372.1401,3351.0100,3478.4422,3505.2359,3407.4200,3423.6589,3510.0569,3552.6600,3500.8214,3526.2114,3538.9800,3326.8196,3420.9822,3749.8300,3696.6949,3613.9989,3653.7400,3597.7685,3546.6991,3543.4100,3516.7355,3506.8887,3538.0700,3590.9850,3651.9997,3662.8300,3573.3352,3545.4003,3639.6400,3758.4983,3793.8649,3704.4000,3620.2314,4050.0059,4765.3800,4965.0850,4873.1831,4832.0300,4936.1531,4895.8668,4746.1300,4810.5039,4894.7501,4764.1700,4548.7770,5378.5048,6708.8200,6764.8611,6498.8643,6536.1100,6537.6509,6432.8623,6360.7100,6500.1801,6671.7422,6745.2000,6704.7148,6447.7489,6246.3900,6521.3151,6720.3973,6594.7500,6431.9668,6446.5736,6470.8000,6208.9648,6250.2076,6602.5700,6620.8175,6282.0721,5967.0500,6069.1123,6101.1378,5933.8600,5922.8030,6042.5791,6219.3900,6390.9730,6343.0565,6155.8100,6145.8223,6243.9292,6296.4100,6210.5770,6077.4579,6073.6200,6286.1397,6308.8633,6154.8000,6231.2973,6357.7136,6343.4300,6205.5828,6208.7705,6413.6200,6576.8571,6328.6152,5997.0700,6270.4612,6413.5504,6314.7900,6535.9457,6432.5157,6200.2300,6583.5935,6019.2211,4802.3400,4862.2495,4943.6201,4608.1000,4719.9195,4821.1494,4734.7400,4775.5538,4728.4990,4697.8000,5023.8880,5185.7298,5092.4600,5115.1028,4901.8970,4640.1900,4909.9146,4993.4019,4747.6500,4705.8864,4512.8127,4372.3000,4790.4466,4410.8709,3534.2000,3825.0791,3951.0821,3448.5300,3278.8507,3529.8530,3864.1000,3896.3074,3800.3707,3786.4400,3848.7621,3566.4241,3007.2500
2025/9/5,2690.1853,2577.8801,2593.9600,2713.7037,2703.7534,2526.3400,2390.2139,2478.8545,2610.1000,2446.1363,2428.7541,2649.4500,2734.4450,2648.6786,2524.3300,2519.8939,2594.1091,2679.6600,2737.6268,2742.5653,2644.6400,2446.3231,2453.0172,2676.3300,2809.1401,2754.9501,2615.4600,2581.8579,2636.5635,2689.8700,2657.7959,2555.6006,2487.6500,2558.3883,2624.9764,2681.7800,2853.1139,2984.7288,2863.3000,2500.2233,2701.8949,3271.1800,3181.9727,2884.1690,2830.4500,3019.2870,3161.3727,3157.9800,3154.2236,3229.2823,3263.7000,3126.7275,3324.4626,3722.7400,3662.7950,3573.9790,3728.0800,3929.8918,3886.5538,3666.0900,3616.2412,3682.6692,3728.6000,3676.5229,3597.1514,3603.2700,3728.7339,3690.5451,3579.1700,3759.7430,3896.6794,3737.0500,3392.8426,3357.4840,3602.9400,3632.2133,3525.0367,3440.4100,3434.6861,3445.2619,3493.9000,3620.8301,3511.6997,3326.8600,3523.1940,3520.8226,3281.8700,3369.7204,3534.3931,3568.2000,3534.6211,3558.6393,3660.8000,3746.7811,3735.4739,3655.4200,3618.8986,3650.8351,3706.3300,3687.1870,3477.3359,3138.4800,2886.5322,2821.9695,2892.2900,2963.8373,3062.9760,3169.7300,3195.4179,3128.6442,3009.1900,2943.2419,3159.1454,3462.7900,3387.5574,3183.3480,3191.4100,3493.0934,3532.5500,3309.3300,3329.0803,3291.1141,3231.2300,3488.9477,3471.1039,3166.2300,3174.2777,3269.5213,3286.1200,3279.4942,3101.8069,2847.0300,2815.1845,2943.6866,2980.4400,2722.6714,2534.3638,2626.8100,2857.2419,2868.3124,2706.0400,2746.0474,2866.9018,2808.4500
2025/9/6,2474.0124,2426.1705,2652.7900,2626.5635,2690.9835,2800.0300,2542.7673,2476.6081,2649.0400,2553.3349,2481.8679,2499.9400,2395.3361,2556.5499,2845.0100,2698.5927,2566.2044,2636.8700,2644.0567,2582.1818,2576.8700,2728.7945,2806.5811,2694.8500,2518.6258,2548.1863,2685.4700,2597.5621,2603.3651,2765.9400,2805.5071,2763.0946,2748.5500,2809.1297,2811.8750,2715.8500,2623.9601,2658.2264,2747.2100,2732.8599,2880.7165,3179.8700,3300.6765,3186.1891,3070.1600,3219.6043,3189.8614,3003.6700,3127.4801,3228.0290,3136.0200,3099.8270,3518.4536,4005.4000,3778.7174,3700.5488,3905.3800,3721.1599,3794.2988,4064.3200,3768.7271,3506.1042,3605.7700,3789.2885,3839.8777,3754.4400,3689.0788,3670.2475,3674.6200,3664.3445,3608.1628,3559.5500,3601.8558,3612.3412,3554.1000,3507.1955,3467.3882,3427.9100,3432.0432,3626.8461,3817.4300,3638.0580,3490.1343,3512.5000,3459.8459,3384.2865,3428.0700,3643.9267,3701.7025,3588.3900,3603.1239,3647.0971,3641.0500,3655.8463,3850.0371,3981.4700,3669.5047,3621.1260,3830.3100,3584.0158,3278.5286,3125.5700,2976.6327,3107.8612,3326.4500,3114.7021,2957.3088,3157.3800,3501.4037,3490.9037,3182.1000,3104.1592,3191.8575,3185.7600,2924.4860,2781.7774,2986.9700,3398.5473,3530.5056,3370.5300,3329.5426,3291.5879,3165.9600,3042.6263,3073.8889,3243.6300,3380.4719,3424.1150,3418.4600,3397.5724,3083.3575,2685.2000,2727.3247,2752.1977,2601.7900,2582.1806,2654.4170,2760.2100,2872.1448,2806.8261,2623.9600,2647.1760,3100.4761,3640.0800
2025/9/7,3652.0537,3575.4973,3540.4100,3306.4500,3427.7814,3815.0600,3774.0923,3574.2545,3485.1400,3523.2836,3684.3055,3763.9100,3529.7895,3406.5610,3512.8200,3548.6489,3437.8042,3348.0400,3499.1643,3602.6357,3581.7500,3624.8471,3624.3750,3569.5300,3589.0522,3669.5582,3704.9800,3603.5013,3543.8821,3605.3900,3709.8661,3815.1251,3769.2800,3530.9430,3927.3457,4740.9200,4871.5277,4725.1059,4716.7000,4838.1832,4920.2562,4901.8600,4869.8698,4911.8730,4803.3900,4425.6868,5225.0514,6753.9000,6989.0914,6721.9600,6620.4400,6545.8104,6536.3014,6567.7500,6517.6150,6343.1656,6235.4400,6437.9154,6571.6196,6508.1900,6475.2862,6490.8886,6526.5800,6544.9577,6441.9964,6355.4700,6492.0440,6338.2009,6074.1900,6368.3848,6383.2113,5990.8100,5931.1816,6040.5779,6102.6900,6101.9207,6084.1674,6115.9400,6230.2507,6303.9741,6333.1800,6404.3242,6344.1539,6185.4300,6158.6673,6197.2998,6217.1700,6221.5907,6314.7939,6392.1700,6225.6944,6020.2257,5929.4400,5970.2563,6244.2756,6508.3000,6372.0469,6302.5038,6407.4000,6338.8234,6231.2175,6219.7400,6275.0257,6233.3132,6326.4300,6761.8884,6043.6087,4630.7000,4539.6214,4549.0955,4331.5700,4820.3577,5121.1260,4919.2100,4806.4176,4782.9687,4799.9400,4877.1208,4876.1810,4810.2400,4826.9998,4847.1223,4809.7100,4740.8656,4705.7188,4784.6400,4975.6520,4944.7472,4791.1100,4835.0564,4278.7202,3457.9600,3569.2198,3631.7128,3383.3600,3534.5218,3599.6349,3434.2800,3444.5774,3618.9743,3763.1100,3710.8037,3680.8563,3703.7100
2025/9/8,3604.1048,3516.9220,3462.1900,3348.4377,3407.0929,3652.1000,3808.8787,3665.9054,3388.5700,3371.8685,3499.1347,3551.5700,3442.2938,3473.8330,3604.3000,3495.2867,3379.7400,3449.0300,3645.6616,3689.4838,3604.8100,3656.5791,3652.2943,3559.9400,3562.0279,3591.6813,3689.5600,3930.5940,3866.7072,3638.3700,3818.3162,3854.8030,3618.2800,3631.2310,4155.9051,4848.8400,5034.9334,4845.7904,4664.2600,4759.8955,4794.8190,4747.4000,4912.3197,4987.3176,4792.3300,4591.2886,5256.0391,6402.7700,6688.0978,6533.8762,6480.6300,6638.3544,6755.7035,6687.7300,6513.6229,6427.1385,6423.3000,6346.1585,6328.8901,6397.3800,6426.1708,6413.7928,6418.4000,6468.7718,6384.3902,6266.7000,6408.0208,6538.2683,6525.5700,6458.1317,6191.3590,5902.5700,5977.7576,6115.6349,6086.5900,5959.8506,5995.9936,6200.7800,6331.2390,6349.3628,6275.4900,6167.3585,6204.2511,6304.2200,6213.4168,6146.4441,6205.2000,6283.1825,6368.8324,6396.2700,6294.2665,6278.7051,6320.6000,6204.4684,6219.1632,6332.5800,6227.3086,6230.2507,6456.9100,6666.3226,6708.0804,6611.4200,6511.7631,6372.2737,6439.8300,6862.3167,6176.6864,4762.9200,4566.9185,4834.5117,4879.2500,4795.9259,4731.0540,4757.8800,4836.8937,4798.3631,4662.4000,4614.2269,4615.8581,4628.6100,4675.8993,4791.7939,4839.5700,4664.4575,4705.2148,4969.0500,5005.2522,4863.4628,4831.8000,5030.6073,4547.5177,3720.6200,3820.6604,3863.4603,3505.7800,3443.3803,3641.1894,3827.3000,3778.5828,3625.8177,3497.1100,3467.9199,3745.1038,4013.8400
2025/9/9,3714.8929,3499.9465,3566.0500,3500.6008,3491.0769,3537.7700,3422.2241,3416.3419,3530.8000,3507.0941,3546.5091,3652.3400,3613.1065,3614.5370,3661.3400,3578.3116,3591.1018,3693.6600,3648.0399,3615.8873,3567.6700,3331.3274,3321.2017,3589.2700,3755.5990,3764.0519,3704.6400,3695.1859,3723.7687,3683.7600,3527.8247,3659.6232,3853.6300,3560.6497,3841.2476,4664.8800,4857.1534,4670.0697,4613.9600,4879.8683,4876.3775,4627.6000,4747.6878,4974.3223,4883.2800,4468.0294,5043.1831,6315.2800,6616.5370,6507.3563,6556.3400,6703.2311,6669.3597,6502.3500,6501.9565,6490.5477,6454.2000,6552.8502,6511.8203,6368.4500,6440.3626,6483.9009,6403.7900,6367.6601,6419.3747,6524.2400,6580.2830,6410.1227,6185.2600,6247.8611,6178.4332,5924.1500,5869.8465,5912.2368,5949.5400,6010.1651,6120.6844,6219.5700,6214.4007,6226.3742,6256.5300,6182.0584,6082.2917,6077.5500,6207.0346,6246.4217,6248.9600,6456.7331,6511.4114,6300.1900,6102.0416,6152.7973,6385.3900,6488.3825,6337.6926,6176.3400,6377.0795,6579.0892,6596.1300,6571.3111,6519.5339,6425.2300,6296.6421,6219.0067,6387.0800,6764.9558,6119.7192,4896.7600,4848.3974,5082.0038,4966.8300,4792.6352,4744.0055,4791.8600,4786.0717,4797.6286,4894.1100,5014.1311,4849.5410,4635.4800,4912.4132,5054.5977,4815.1400,4589.4719,4620.8135,4803.3200,4835.1878,4836.7172,4847.1900,4707.7014,4245.6727,3731.9600,3656.6143,3630.1241,3555.1100,3707.7476,3806.0941,3771.2300,3764.6563,3539.7323,3269.6100,3442.3909,3713.0753,3743.7600
2025/9/10,3524.9649,3457.3768,3611.1300,3717.4516,3862.3122,3945.6000,3742.6717,3631.5782,3753.1700,3855.7816,3699.3497,3457.9400,3538.8189,3664.9928,3626.6300,3488.2736,3434.1428,3515.7800,3615.8813,3592.4503,3548.7500,3690.3296,3657.0898,3488.7100,3579.6571,3589.6644,3486.0400,3581.3230,3597.6788,3505.5800,3565.4833,3599.3242,3474.2500,3376.7815,4071.4976,5045.5700,4962.7072,4820.0419,4998.5900,4886.6260,4748.1509,4769.4400,4834.4214,4856.8648,4743.0600,4593.4803,5294.5996,6470.8400,6754.0714,6621.3412,6580.5100,6642.4475,6626.0666,6533.8300,6530.5845,6529.5381,6500.2200,6513.1317,6552.7480,6511.7200,6334.2690,6418.0580,6620.6000,6414.3328,6318.3885,6436.4900,6356.0741,6321.4045,6404.5200,6375.6486,6180.5359,5970.8000,5945.2135,5874.9054,5799.7400,5988.0372,6130.8177,6189.6300,6396.9672,6414.5444,6244.5200,6249.5225,6289.5777,6241.2200,6168.2576,6277.3052,6440.2100,6317.4535,6188.1823,6233.9800,6355.6409,6363.7053,6225.8400,6104.5121,6215.7962,6375.4700,6225.1980,6320.4124,6612.2700,6478.9208,6333.9622,6370.0600,6382.6596,6520.6569,6716.2500,6581.8646,5733.6857,4727.6000,4584.1010,4491.3092,4320.1600,4742.4351,5059.3936,4918.6000,4675.0974,4689.0522,4894.5700,4895.7956,4666.0881,4515.3000,4787.4972,5021.8487,4930.4400,4682.6328,4741.7224,5001.6700,4921.4645,4769.0389,4887.8600,5210.2528,4637.3968,3600.9700,3656.6434,3763.9016,3467.1800,3421.8767,3701.5961,3967.8200,3813.4329,3556.6771,3430.4400,3408.4258,3502.1439,3659.1300
2025/9/11,3740.1711,3579.6284,3347.9200,3401.0642,3483.3108,3480.9000,3533.9078,3601.5037,3560.3200,3380.2182,3506.8223,3748.2100,3490.6061,3421.7864,3687.7700,3721.3056,3600.5604,3498.5600,3494.1862,3589.3191,3656.1300,3543.3222,3444.4624,3493.8800,3651.2115,3766.8461,3729.6800,3557.6767,3516.0252,3653.1400,3763.9835,3746.4206,3645.6900,3654.3062,4056.7736,4642.1100,4859.1327,4858.6088,4836.6800,4839.9037,4858.4463,4841.7100,4768.5980,4830.3657,4855.6400,4628.5375,5336.3181,6635.2200,6881.9950,6748.7437,6774.0300,6772.2097,6606.6238,6465.8900,6633.8257,6587.8151,6343.3900,6434.0401,6510.7187,6406.4200,6339.3490,6416.4212,6512.6700,6423.7664,6409.8611,6479.6700,6388.8585,6349.5784,6457.7500,6520.9609,6162.2584,5669.2700,5757.0728,6029.8858,6077.1600,5898.0100,6014.9859,6343.6300,6309.8012,6295.5661,6369.9300,6207.5314,6128.8714,6225.6100,6244.0315,6138.4013,6002.0400,5982.9725,6112.2873,6278.5100,6306.0066,6216.7487,6187.1000,6382.4107,6521.1168,6485.5300,6407.8185,6314.8348,6254.8700,6295.4422,6376.2773,6371.3100,6230.1005,6315.7161,6591.4600,6514.5252,5586.3191,4567.5300,4812.5553,5134.3647,4937.1700,4741.6014,4580.5701,4524.9300,4701.0114,4778.3165,4657.7000,4588.7354,4804.3350,5036.4300,4808.2475,4745.7545,4972.6900,4980.6482,4863.7828,4825.7500,4936.5327,4945.8451,4875.2800,4881.8341,4312.9823,3548.8500,3691.6984,3825.9939,3638.1100,3688.6410,3585.6908,3380.9400,3573.3870,3700.0847,3614.4200,3581.4644,3278.1644,2749.7400
2025/9/12,2479.1911,2600.7798,2841.2100,2778.2848,2642.5828,2599.4500,2581.6767,2523.9630,2468.6000,2503.6578,2493.0486,2493.4200,2684.3446,2755.2398,2676.2000,2719.7277,2751.3145,2694.1400,2628.7419,2606.3857,2598.6700,2571.1734,2730.0962,2944.6000,2850.5707,2729.5845,2731.4100,2731.5583,2701.7213,2704.5100,2790.8400,2725.4433,2542.3600,2528.7810,2618.6098,2660.9700,2591.7805,2648.4010,2766.7900,2691.2174,2873.5275,3209.5800,3115.0685,3013.0590,3130.8300,3245.2560,3167.5949,3020.2300,3087.8560,3127.0828,3049.4200,3058.1567,3346.6250,3731.2800,3809.0358,3775.2421,3792.5500,3836.1817,3876.5736,3871.0000,3795.6259,3753.9291,3783.4000,3833.0141,3887.0686,3882.9500,3759.3597,3678.6181,3656.8600,3574.6421,3570.0099,3596.0600,3481.9050,3544.3031,3710.1300,3594.4826,3598.8424,3764.3400,3724.1574,3713.1211,3736.6000,3542.0403,3377.7587,3356.6700,3365.1538,3436.9742,3510.9200,3476.0004,3548.8162,3751.3800,3863.0138,3810.7083,3710.7300,3727.1698,3634.3741,3475.6000,3545.3398,3678.4259,3757.9800,3763.4837,3417.4557,2981.2400,3035.8321,3050.2493,2869.3600,2906.3811,3193.9054,3388.0900,3134.4871,3093.3488,3295.0800,3144.0807,3061.9493,3167.5600,3136.1349,3124.6462,3173.1300,3127.8677,3034.1298,2980.5900,3032.3423,3193.8008,3398.7000,3499.3339,3272.2247,3102.4300,3582.6959,3687.8900,3320.0900,3349.6669,3206.1427,2859.8600,2919.7502,2914.7706,2745.4100,2792.4474,2771.7154,2686.2300,2841.0594,2921.3287,2774.4800,2562.3243,2415.3875,2468.6100
2025/9/13,2742.9800,2766.3937,2530.9300,2486.3607,2563.1536,2565.4800,2418.2851,2467.0876,2648.7900,2565.3582,2516.2057,2584.8200,2548.6615,2535.5923,2555.6400,2483.2298,2479.9936,2564.9000,2582.5420,2547.8062,2536.7200,2589.1319,2548.6238,2509.6800,2720.3720,2856.6420,2769.1100,2642.5301,2699.9911,2848.3200,2796.6504,2742.3323,2774.4500,2767.5496,2677.9302,2586.2900,2620.5996,2694.2814,2709.8400,2668.5524,2778.8581,3014.0400,3130.0082,3155.5888,3112.3800,2996.1364,3004.3995,3175.3900,3328.7667,3264.3611,3050.0500,3003.4061,3335.5946,3717.6100,3604.0326,3592.5594,3807.8800,3784.9966,3743.7334,3764.5900,3703.0877,3773.9975,3908.8100,3796.4402,3652.9631,3627.3000,3678.0604,3805.7170,3813.7400,3507.8283,3503.3296,3754.2400,3623.9227,3551.4511,3662.0800,3615.2752,3566.8024,3584.6500,3549.6391,3471.1066,3478.0900,3664.6744,3665.9523,3490.5200,3494.0615,3479.1233,3451.8800,3620.0222,3631.4912,3521.4600,3652.8702,3602.3153,3347.2600,3354.9149,3632.0039,3920.1500,3900.0014,3594.3778,3401.5700,3690.1983,3609.6847,3204.8600,3326.3999,3277.3942,2928.6400,2924.9526,3137.0291,3256.8500,3123.3447,3047.4917,3140.5300,3207.5700,3108.4882,2934.0100,2914.4248,2986.5560,3078.6800,3155.9290,3077.5841,3025.9900,3317.1931,3427.8410,3231.8000,3144.6118,3293.7865,3476.3400,3369.5742,3176.4302,3174.9900,3416.2355,3314.0623,2923.9100,2841.1068,2653.6607,2457.7700,2791.9512,2926.5938,2667.7900,2553.0169,2596.5142,2580.2000,2396.7918,2709.7538,3451.6000
2025/9/14,3800.2617,3630.4333,3376.5300,3550.9922,3517.4266,3270.4300,3426.9796,3440.6080,3290.3600,3515.0380,3615.2701,3479.0000,3509.5639,3555.0703,3476.1200,3341.3692,3402.1593,3601.0400,3627.5526,3568.7928,3585.5600,3714.1839,3636.8728,3528.1200,3839.9897,3858.1806,3601.2700,3786.4808,3835.0923,3580.8900,3510.8495,3717.8374,3833.3500,3509.6761,3831.0145,4656.3400,4739.1338,4721.2551,4868.6500,4762.8132,4690.4322,4696.3800,4545.2283,4566.2495,4675.2300,4587.9909,5378.4444,6657.8400,6808.1205,6502.3892,6439.0300,6624.0032,6592.3500,6433.0300,6611.9235,6485.6734,6143.9700,6372.5764,6688.8610,6691.2000,6453.4513,6300.9198,6314.1300,6336.8261,6464.1735,6538.2700,6295.6539,6294.3402,6543.6000,6468.2743,6185.8035,5991.2600,6052.0718,6055.3631,5907.2700,5848.9203,6087.5211,6415.3200,6388.5615,6225.6703,6205.2900,6405.9235,6552.8222,6473.0800,6246.6068,6190.1701,6254.2700,6140.3703,6219.5565,6401.3200,6233.3252,6307.7817,6512.3700,6180.4832,6258.1910,6724.7000,6571.7186,6337.2626,6356.4400,6400.5832,6407.5982,6433.0000,6530.3076,6486.3589,6443.3700,6618.3995,5915.6175,4703.2300,4579.0405,4897.5051,5021.3300,4926.7555,4696.7186,4613.9500,4907.4858,4910.9282,4589.7900,4585.7760,4814.0684,4991.5900,4920.6073,4768.6906,4683.6800,4721.3295,4993.0829,5158.9600,4736.2696,4503.1342,4770.5600,5004.4633,4492.9080,3687.5900,3756.6942,3966.9130,3786.1200,3445.3502,3442.2052,3715.9400,3778.0525,3876.6752,3951.0800,3654.2334,3471.9897,3623.6800
2025/9/15,3801.3020,3545.4581,3205.7000,3564.4090,3807.9888,3597.0100,3393.2439,3333.3273,3456.0900,3712.2435,3747.8471,3599.6200,3620.8245,3579.7923,3454.9900,3478.9804,3465.7822,3372.2900,3376.1026,3525.4321,3690.7600,3676.1916,3588.2343,3552.0800,3602.3292,3648.5887,3648.0300,3638.1485,3659.0959,3615.2900,3407.5566,3439.0194,3659.9000,3708.5740,4243.9031,5003.3900,4971.0232,4817.7013,4956.3100,5097.2546,4933.4832,4650.5700,4736.3136,4934.1572,4892.9700,4667.8779,5463.1244,6759.5200,6731.9232,6331.5198,6350.7500,6639.5866,6792.7953,6692.6000,6573.3078,6692.1820,6880.9500,6731.7768,6571.4838,6524.5300,6428.4138,6514.2335,6627.6100,6349.0892,6132.3395,6216.4100,6399.5169,6480.4645,6510.1700,6619.6189,6309.3215,5780.6000,5798.5025,5954.7741,5910.9800,5780.5929,5969.3608,6385.1100,6500.2048,6318.9788,6126.7300,6188.4613,6144.8095,6019.9000,6169.3979,6139.0930,5915.0400,5980.5484,6215.8049,6401.7700,6419.9399,6319.4394,6195.5800,6141.9868,6216.9061,6266.4700,6094.1773,6120.2534,6338.8800,6316.3562,6227.2116,6175.2900,6094.8352,6150.8310,6399.3100,6595.3299,6018.1590,5001.4500,4669.0544,4640.5593,4620.4900,4722.6138,4810.4251,4867.8600,4960.3605,4757.0526,4520.5000,4856.5751,5007.0306,4797.3500,4798.1216,4841.1276,4798.7000,4769.6550,4812.8173,4884.7900,4867.0296,4710.2345,4640.0600,4832.7233,4310.1007,3396.4700,3457.4807,3690.1865,3668.0200,3756.7214,3759.9998,3624.3700,3560.6210,3652.5210,3727.8300,3541.5236,3429.6760,3606.0400
2025/9/16,3937.1458,4000.4017,3751.3600,3531.7831,3436.6857,3454.5400,3517.2378,3497.5299,3422.7400,3457.0954,3628.0075,3727.7700,3520.7314,3436.0535,3624.5500,3799.6840,3729.9253,3599.4000,3766.8381,3732.5778,3487.1600,3542.3682,3671.4309,3753.8500,3887.5822,3864.8881,3746.5200,3799.8707,3743.4045,3548.1700,3510.4937,3645.7435,3724.0400,3582.2553,3957.9700,4700.4900,4861.7696,4752.5347,4711.7300,4749.8589,4762.9137,4720.0200,4702.5840,4833.7499,4939.5400,4828.7625,5406.1206,6462.5500,6779.0099,6649.2879,6494.4900,6432.8642,6438.1781,6502.1900,6620.0241,6603.7913,6407.3300,6200.5473,6249.5540,6480.8200,6557.0670,6530.2617,6502.1300,6501.3745,6474.7018,6439.6500,6473.1896,6527.3640,6531.1100,6437.2197,6258.0133,6034.1700,5857.0228,5948.5180,6160.5600,6118.0293,6129.9123,6271.5700,6267.4025,6084.3297,5983.2500,6249.9547,6377.6378,6187.6500,6004.6460,6039.8719,6212.3600,6261.2286,6234.7935,6185.3200,6148.1901,6373.9324,6665.7800,6522.3391,6227.3075,6173.3900,6477.1231,6552.0795,6332.9400,6320.4369,6492.3208,6599.8700,6444.2201,6365.2663,6543.0800,6702.6310,5992.5794,4835.0800,4585.0492,4700.0960,4806.5400,5029.1871,4889.8514,4602.8000,4878.9151,5049.4296,4902.1900,4891.8419,4903.2757,4818.6800,4696.7020,4700.0445,4852.2200,4995.9450,4921.7777,4789.9400,4921.2572,4795.1606,4582.3000,4908.0858,4661.9285,3835.6300,3598.3753,3658.3589,3679.4900,3675.7073,3704.1898,3714.1300,3626.4469,3690.0841,3800.2300,3632.9661,3700.6194,3923.3100
2025/9/17,3707.9525,3598.7506,3655.7100,3419.8330,3431.4069,3710.7300,3694.7894,3589.2708,3539.7700,3456.4648,3354.4113,3352.2900,3534.2712,3568.3628,3473.4000,3576.5869,3629.2082,3537.3800,3493.2604,3607.5405,3731.4800,3619.9138,3567.5712,3612.9500,3516.2158,3486.4493,3554.9700,3543.5150,3599.7331,3659.6000,3531.8577,3665.9539,3857.9500,3568.5138,4092.1151,5099.8500,4885.9360,4546.5196,4678.1900,4769.9948,4772.8863,4766.9600,4801.5362,4803.7495,4711.6900,4677.9476,5484.2011,6638.1500,6766.0622,6651.3226,6714.6300,6593.4441,6454.5023,6413.1700,6414.8993,6494.7785,6580.1300,6538.9676,6522.4301,6552.3400,6510.8891,6519.0048,6556.0200,6468.3377,6379.2566,6361.6600,6350.4002,6228.2538,6151.7100,6354.7241,6274.5848,5943.4000,5963.6230,6042.8846,5935.7600,5750.4527,5868.2940,6195.6400,6275.8973,6345.2941,6452.3400,6365.6605,6201.3831,6157.4900,6317.2519,6357.8866,6232.4100,6187.2164,6141.0948,6102.6700,6183.5470,6214.1402,6189.6200,6289.1065,6472.6772,6486.0900,6153.2053,6195.1640,6582.1100,6565.8744,6418.3484,6339.2300,6254.6752,6339.5328,6631.5800,6777.1090,5755.1812,4356.7600,4495.3883,4744.2220,4530.6500,4688.1595,4851.9973,4829.6500,4851.9628,4880.4700,4796.4100,4564.3728,4499.9014,4716.0100,4987.6742,4924.1540,4666.1000,4706.5218,4695.0434,4648.7100,4935.7345,5024.9232,4927.9900,5077.1866,4557.0719,3628.5000,3551.7447,3547.8594,3449.0000,3881.3607,4129.0683,3863.0800,3505.1893,3514.3004,3739.9900,3654.8531,3641.6933,3771.9200
2025/9/18,3671.7874,3377.6096,3217.5600,3485.2684,3630.1920,3512.0000,3496.4230,3488.6398,3460.1800,3508.0011,3488.2684,3441.6600,3545.4503,3552.6472,3482.1000,3598.9670,3665.6547,3553.5200,3408.1150,3498.4226,3704.6800,3656.5203,3632.3332,3696.2400,3629.6913,3596.0278,3594.7400,3478.7624,3547.3109,3724.0700,3658.7012,3823.9748,3975.9600,3484.6715,3797.2473,4840.2500,5018.7551,4828.9686,4786.2200,4847.9626,4850.9030,4744.0700,4642.9528,4760.0063,4830.6800,4535.4792,5239.3471,6578.0300,6724.2704,6574.6561,6653.5700,6565.6599,6529.6768,6602.5600,6590.4772,6596.0352,6591.2300,6451.5228,6478.3173,6599.8700,6456.6352,6442.4035,6618.1500,6624.1551,6520.9308,6416.7600,6349.8625,6330.9224,6374.1600,6438.9801,6248.0552,5952.4800,5983.5733,5964.0568,5795.0200,5794.5204,5998.9230,6230.9900,6265.6273,6233.5094,6260.9000,6350.8787,6396.8722,6348.1300,6240.2888,6125.2248,6045.7200,6027.1074,6070.7805,6100.7700,6045.9994,6124.1576,6242.4300,6109.9071,6153.7287,6450.3100,6601.0477,6456.8760,6205.6600,6214.0447,6477.5614,6633.4700,6326.3961,6246.1196,6562.3500,6621.5145,5680.8500,4507.2400,4695.3857,5104.3247,4947.4400,4561.9221,4531.7310,4843.5400,4955.3417,4810.6447,4724.7900,4999.0988,4949.0098,4631.7100,4788.8391,4961.3448,4949.4100,5014.7804,4996.1086,4889.4800,4869.9872,4773.0875,4852.0600,5363.9365,4675.2247,3341.3400,3620.3314,3987.7251,3657.6900,3409.5651,3423.6091,3587.9000,3684.8752,3584.7190,3544.6100,3845.5073,3473.5709,2563.1400
2025/9/19,2350.1762,2577.6705,2691.1500,2442.2488,2409.4416,2703.5100,2846.0803,2709.1899,2566.2300,2792.1055,2958.6876,2804.9300,2495.2397,2393.8144,2519.5000,2597.3523,2730.5358,2856.9100,2756.5963,2626.8287,2579.5500,2562.1251,2625.4468,2665.4100,2531.9366,2600.1625,2858.1300,2907.6690,2877.2953,2803.1800,2600.7477,2600.2023,2756.1600,2692.7604,2628.0011,2672.7800,2716.5072,2799.2303,2845.8400,2752.3363,2896.3835,3197.6000,3170.5997,3024.1341,2998.1000,3138.1754,3308.2292,3328.4500,3129.4136,3063.0838,3140.6600,3106.4004,3388.6111,3849.2000,3855.4135,3748.1267,3733.5700,3692.2667,3738.6039,3864.3600,3892.5704,3724.7123,3560.1400,3696.7247,3745.6922,3694.3600,3877.8371,3848.3828,3619.3900,3655.0822,3598.7667,3503.5500,3782.4360,3833.4284,3582.5200,3560.1606,3571.5540,3487.6100,3431.8655,3507.3936,3621.8800,3579.7743,3514.8145,3471.8300,3371.5156,3324.7740,3346.0400,3372.6063,3598.5009,3865.0600,3775.8467,3641.7957,3603.7300,3531.3492,3604.0941,3810.2600,3913.4669,3869.5045,3710.1200,3509.4050,3400.6178,3292.0200,2983.3430,2786.7948,2884.6200,3135.5500,3169.9699,3083.8700,3271.1290,3268.0591,3077.6500,3176.7003,3212.9275,3138.0700,3244.5259,3140.9290,2917.8900,3080.4106,3181.9748,3108.7000,3175.3218,3118.7920,2951.8000,2995.8086,3107.6534,3169.0800,3228.3312,3403.2864,3524.2000,3274.5349,2952.1756,2735.7300,2588.8043,2704.2247,2979.4600,3042.6883,2873.6111,2677.8000,2670.5431,2586.2318,2414.2700,2421.7741,2488.7618,2596.5300
2025/9/20,2811.8104,2757.6988,2476.4300,2430.4489,2626.9056,2792.7500,2650.8941,2535.0329,2588.0600,2643.4332,2676.3171,2664.8700,2587.4921,2563.2838,2629.2600,2682.3321,2547.3136,2434.5300,2726.0389,2906.1181,2782.2300,2664.5651,2661.9162,2733.1800,2760.3313,2692.8943,2528.3000,2363.9012,2548.8789,2860.5300,2709.4901,2554.1852,2584.9000,2547.3566,2549.3670,2615.3000,2632.0934,2651.2614,2649.8800,2596.8766,2869.9553,3293.6700,3274.9210,3161.3956,3198.6700,3277.7207,3257.5707,3183.0500,3211.7282,3199.3554,3089.3000,3041.7795,3394.9846,3875.1200,3853.8497,3867.9800,3948.5000,3626.0757,3603.9109,3900.7300,3825.4628,3770.4203,3880.7400,3853.7195,3714.0498,3649.4800,3778.3890,3670.4860,3449.2300,3659.5162,3794.1618,3738.7500,3850.8606,3750.0613,3490.8800,3547.6659,3587.2391,3527.1300,3613.4964,3587.4508,3476.6300,3579.3321,3620.4249,3524.1400,3518.7473,3650.9942,3726.7700,3527.2237,3474.9712,3558.7300,3379.1112,3347.4008,3574.9400,3739.3611,3816.7358,3786.0900,3622.9814,3588.0439,3785.2300,3996.0539,3667.5776,3078.1100,3076.3224,3166.4560,3041.3000,2933.3153,3078.8084,3342.5000,3335.2540,3120.6871,2913.6200,2908.9604,3082.9587,3287.2100,3321.9676,3077.5141,2852.4800,3097.8535,3351.0384,3310.0100,3135.3291,3236.5830,3432.5300,3219.1322,3339.0430,3552.7500,2898.1037,2653.0218,3003.2100,2873.5922,2778.2241,2876.8900,2747.2584,2698.3006,2781.9200,2700.4581,2549.5660,2485.9400,2548.1539,2486.5655,2331.0700,2434.2666,3007.2589,3589.4300
2025/9/21,3447.8751,3261.3448,3405.4700,3604.2079,3635.0625,3485.0800,3331.2098,3345.8758,3501.3300,3601.6224,3571.0288,3483.7000,3492.3886,3589.5574,3633.5300,3490.7410,3421.6297,3569.1500,3803.0909,3788.0115,3581.0600,3560.3734,3625.9957,3644.5300,3607.9089,3639.1569,3745.5100,3796.0297,3704.2665,3554.3800,3540.4909,3660.1622,3747.7000,3702.6319,4095.6561,4773.7100,4950.4892,4867.2860,4791.1200,4750.7465,4780.2959,4792.8400,4672.8974,4672.7990,4724.7000,4621.8132,5199.3823,6278.9000,6719.8988,6646.6966,6455.0400,6389.1032,6332.8129,6325.5400,6524.5995,6599.1746,6538.1000,6635.3656,6641.8643,6481.3400,6352.8111,6301.1271,6301.1500,6324.5993,6434.5935,6534.7200,6452.3196,6427.4752,6509.1400,6487.1777,6304.7490,6045.8600,5877.8004,5895.4648,5981.8700,5964.6635,6193.4492,6528.8900,6435.1657,6261.8263,6247.9000,6289.2146,6270.1090,6224.4400,6272.6067,6293.9132,6274.3600,6327.2210,6398.9096,6357.3300,6131.8348,6022.7640,6092.1100,6141.3549,6250.2363,6443.8800,6582.5572,6401.8522,6141.2400,6323.8299,6496.5683,6501.0000,6599.9802,6580.1450,6479.7100,6449.4140,5653.4545,4594.0700,4705.9104,4860.8163,4701.2800,4960.1513,5051.1564,4831.9900,4794.4255,4817.2116,4809.7900,4838.4816,4830.8832,4774.6300,4734.9637,4704.6429,4758.1500,4962.0716,4969.8311,4832.2100,4908.3748,4815.8814,4706.7200,5029.8917,4600.5429,3626.1100,3558.0335,3630.6197,3453.8300,3472.4008,3664.9061,3746.3000,3480.1598,3347.5238,3473.4700,3517.5170,3433.9696,3477.7200
2025/9/22,3850.0398,3713.2024,3319.8300,3725.8595,3851.8342,3467.6700,3442.9839,3476.8249,3482.7300,3722.5181,3784.5704,3615.6600,3566.3512,3486.7391,3422.2200,3606.3848,3733.8192,3663.2900,3557.9862,3580.9639,3715.5700,3779.6846,3648.2264,3519.4000,3702.7222,3748.0135,3544.3200,3439.4213,3482.9454,3576.1700,3614.3145,3726.7641,3796.3600,3635.7735,3955.5988,4676.7900,4942.0389,4849.0283,4702.4800,4705.5765,4823.6119,4888.0500,4782.6367,4869.8803,4957.4900,4658.8093,5408.2094,6764.9900,6763.8996,6623.8740,6824.7300,6600.3082,6417.1691,6457.6000,6421.5530,6499.9185,6600.2800,6417.2260,6415.5474,6602.4900,6512.9457,6396.9418,6372.5300,6315.1466,6386.4812,6479.7800,6312.8648,6257.1510,6425.6100,6508.7700,6231.4501,5822.9800,5819.6044,6023.4131,6121.0200,5979.2092,5883.6779,6043.7700,6392.1468,6495.9235,6289.7900,6120.8417,6147.9865,6253.1500,6194.6953,6129.7753,6167.2000,6244.1928,6223.7424,6180.8900,6316.1285,6424.2012,6384.1200,6271.1474,6189.3275,6171.9800,6219.9970,6488.7991,6737.2000,6521.8295,6315.1396,6374.4200,6500.6021,6480.5642,6460.6300,6620.8633,5918.4471,4690.3200,4455.5361,4718.8918,4802.5200,4551.6896,4516.9118,4751.5900,4768.0605,4598.3898,4531.3200,4812.2749,5051.8977,5065.4400,4994.0333,4831.2262,4697.0600,4755.5952,4702.8800,4696.1100,5136.8313,5141.2803,4800.4500,5006.3350,4708.6239,3802.1200,3350.9898,3317.9329,3399.4100,3431.5717,3683.8841,3955.6100,3760.6640,3743.5821,3904.8000,3608.4453,3378.8075,3425.1400
2025/9/23,3421.1060,3361.9091,3388.6000,3591.0535,3639.0639,3538.6200,3584.1201,3479.8300,3316.0800,3504.3201,3611.1697,3543.6400,3627.3783,3646.7973,3569.9200,3591.0744,3523.6786,3402.0300,3470.8796,3546.3118,3521.1000,3493.0415,3616.5200,3738.7700,3573.1380,3548.8256,3696.4300,3629.4046,3602.4949,3708.7400,3751.3647,3689.4488,3557.6800,3509.0644,4001.4806,4743.7400,4911.4158,4831.9735,4792.2000,4757.3085,4755.1526,4789.0500,4816.2820,4786.2179,4660.5100,4606.8822,5489.8417,6701.0600,6664.9869,6469.7028,6635.9700,6600.0815,6462.4233,6427.5700,6551.7343,6611.8297,6584.4200,6627.8893,6567.1756,6455.9600,6527.0912,6488.4499,6336.1100,6376.9432,6473.6947,6470.5600,6357.1346,6310.6975,6431.5200,6604.0357,6371.5522,5893.6900,5815.5593,5929.8452,5958.4300,5882.5546,6091.5912,6408.5300,6253.4833,6080.4251,6115.6300,6161.9414,6291.8498,6409.5300,6298.6605,6212.8259,6236.6000,6217.1274,6206.2876,6262.6800,6377.3851,6461.0017,6382.4500,6120.1976,6153.6297,6505.1700,6704.9712,6651.3841,6512.9500,6516.7553,6452.5286,6349.7100,6441.2731,6397.9351,6368.4900,6667.6340,5886.4358,4515.8700,4585.9791,4985.7870,5006.5000,5016.9579,4862.5058,4664.5600,4794.5933,4953.5980,4906.9000,4721.0181,4705.3150,4871.4700,4963.0687,5061.4062,5038.2500,4709.3717,4809.9708,5215.3000,5055.1463,4827.5711,4880.2900,4979.2148,4609.1190,3835.4600,3320.6494,3496.0714,3883.2400,3580.1991,3332.1137,3416.1000,3387.9352,3459.0094,3661.9500,3702.4038,3409.7885,3147.6100
2025/9/24,3465.0342,3687.7365,3534.3400,3383.0924,3422.7580,3542.3600,3504.6630,3532.7848,3668.8100,3688.6729,3511.4984,3381.1300,3626.5256,3793.9851,3673.0800,3500.9032,3523.4928,3692.2000,3740.5039,3700.5618,3725.8100,3881.9371,3740.7375,3448.3900,3585.8674,3704.3636,3644.6500,3701.2216,3769.1907,3740.2800,3663.2644,3781.9597,3865.3900,3536.4417,3855.9990,4722.4900,4914.5238,4823.8454,4844.2500,4935.8120,4997.9257,4967.5900,4866.5510,4849.4391,4799.0800,4605.7943,5328.2829,6510.1100,6549.4550,6449.3420,6611.6300,6434.9988,6369.7742,6580.6600,6713.8223,6603.3726,6410.4700,6433.6783,6441.7908,6435.0400,6630.9467,6667.5333,6464.2200,6330.8126,6406.3686,6530.6100,6449.9255,6521.1052,6711.6400,6581.1694,6239.4285,6004.0300,6091.9442,6085.3407,5981.3000,6162.6481,6277.6876,6234.5200,6282.7183,6250.0653,6110.7600,6046.6820,6044.8279,6077.5200,6134.0609,6129.4807,6079.9500,6081.8342,6078.3003,6120.2400,6317.9202,6437.9440,6346.1600,6170.2290,6308.0965,6544.3800,6306.7575,6268.9056,6476.3300,6313.0458,6276.2404,6483.2100,6504.7612,6403.0656,6437.6700,6618.7230,5777.8215,4448.4200,4461.5647,4887.5332,4944.4500,4751.6791,4588.9829,4661.8600,4916.4561,4726.2299,4348.0100,4659.1198,4950.7033,4865.8300,4755.0714,4754.2859,4806.0800,4765.4549,4664.8259,4649.2800,4833.1720,4952.8431,4931.8800,4844.4779,4275.8630,3562.5500,3531.3304,3505.1083,3366.3200,3646.7698,3731.9198,3546.0500,3615.6064,3560.3488,3396.8000,3572.6966,3742.8035,3644.4900
2025/9/25,3391.3943,3427.0710,3729.2800,3830.8903,3674.0004,3498.9100,3590.9665,3668.7453,3594.8600,3495.7573,3406.8750,3449.8800,3712.6529,3725.0552,3460.9200,3378.1491,3526.5338,3721.2300,3739.9872,3708.0836,3666.7500,3545.2741,3505.4543,3564.7700,3580.7088,3586.4863,3623.6100,3680.9708,3694.5448,3724.1600,3841.6891,3647.1046,3225.5300,3196.5335,3866.3002,4713.2200,4837.8041,4776.2034,4884.1400,4977.7923,4914.8956,4790.9600,4842.9403,4983.5963,4939.8200,4665.2752,5346.6012,6576.5700,6677.8075,6465.2702,6487.2300,6458.2121,6400.3893,6420.7900,6550.3850,6538.5993,6392.7400,6375.5865,6457.9497,6514.1400,6463.2219,6472.5578,6536.9000,6480.2965,6380.8386,6320.0900,6311.8141,6348.4888,6405.1100,6410.4738,6177.3666,5885.4200,5943.6995,6102.1531,6077.4900,5853.9726,5913.0202,6187.7300,6164.6502,6206.4176,6397.3200,6407.7842,6272.7190,6145.1000,6153.0699,6237.6465,6242.8100,6077.2079,6087.8755,6268.6900,6256.6369,6115.2444,6040.0500,6165.5966,6306.8780,6325.2400,6250.6727,6273.2282,6424.4700,6521.9697,6337.7453,6134.1000,6372.5360,6359.6850,6162.7900,6417.6312,5894.0728,4685.8900,4272.2052,4471.3943,4798.5600,4985.9902,5099.3287,5092.2300,4831.8916,4603.1091,4521.9500,4485.6664,4605.5672,4783.0700,4777.1384,4825.6925,4903.7100,4773.0960,4859.5963,5160.6900,5206.8709,5054.8911,4907.3300,4828.8399,4335.9664,3589.5100,3313.5119,3365.0197,3501.0800,3641.5192,3846.0797,3983.6000,3832.7673,3697.6033,3741.0400,3784.0837,3406.5664,2744.5000
2025/9/26,2417.3150,2512.0196,2696.3400,2548.2130,2387.4741,2342.8900,2258.3025,2338.8799,2487.8100,2403.5838,2522.4572,2801.0400,2726.4479,2569.8837,2539.3700,2587.6272,2705.3445,2736.1600,2525.5327,2533.7497,2686.2200,2474.1288,2388.8321,2626.7700,2843.1970,2758.7757,2570.9800,2725.0197,2856.9836,2793.4200,2726.8269,2720.1602,2744.8500,2725.5317,2625.1849,2563.6400,2701.5945,2786.6673,2691.4900,2579.1993,2827.0153,3217.9600,3165.1481,3154.6097,3305.5500,3244.9524,3188.0932,3245.1800,3271.5618,3151.0476,3029.9800,3207.4152,3580.2180,3879.0400,3874.4177,3744.0694,3679.0400,3733.1135,3771.8092,3708.7400,3592.5642,3622.3400,3736.4900,3688.6465,3669.2971,3690.5600,3591.8263,3664.3098,3845.2800,3757.0014,3630.5521,3591.5400,3534.6232,3483.3291,3526.0800,3709.8465,3804.8847,3699.6700,3500.8411,3425.9226,3470.8900,3449.9370,3434.8849,3471.9000,3509.7743,3483.1480,3420.4000,3433.9715,3580.8897,3752.3100,3737.2617,3527.3937,3332.3800,3392.7199,3427.2378,3429.0500,3649.4801,3763.6077,3685.9100,3625.9237,3431.5170,3078.7700,2775.9506,2753.2263,2896.0400,2846.6598,2670.6491,2656.8400,2994.4955,3057.2150,2857.5400,3003.9542,3132.4057,3084.2400,3098.6142,3172.6611,3191.5200,3094.9381,3202.4764,3373.0600,3139.7502,2936.7680,2979.6600,3058.3030,3067.4576,3098.2600,3270.0886,3185.9493,3034.3600,3371.1771,3398.2838,2934.8000,2636.9818,2646.3245,2762.7000,2703.9935,2657.6956,2661.8500,2565.4401,2529.9701,2626.8100,2739.3713,2694.3666,2539.4400
2025/9/27,2487.2597,2484.0145,2550.5700,2741.5818,2697.9922,2560.0800,2799.6823,2830.5300,2546.9600,2459.2323,2534.7786,2610.0700,2596.4898,2641.4615,2687.9300,2537.9475,2472.3532,2643.8000,2890.1686,2817.1010,2515.0500,2486.7261,2714.7341,2848.2700,2587.5855,2588.2165,2865.7100,2784.3078,2615.8543,2616.3400,2740.6821,2763.3693,2737.8600,2884.2018,2829.8365,2647.6800,2785.1291,2825.1273,2725.1200,2899.6484,3203.2112,3350.2600,3195.3362,3107.1313,3125.4300,2989.5054,3044.4924,3301.0600,3378.1027,3289.7142,3119.2600,2991.4462,3305.4257,3832.9600,3885.6311,3714.2442,3684.5400,3897.1946,3925.7079,3736.1800,3725.7274,3914.6125,4019.5900,3760.9842,3659.4090,3796.7700,3779.0282,3849.8543,3905.6800,3578.8289,3467.4009,3674.2300,3710.4604,3684.0781,3727.9600,3798.0521,3686.7549,3471.6900,3455.5173,3542.6060,3537.8000,3368.9762,3417.3713,3624.4600,3560.4247,3507.4671,3589.2100,3649.5051,3771.8771,3833.1000,3615.8862,3576.3012,3610.5900,3233.0188,3301.3047,3807.7200,3857.4246,3822.7761,3912.0700,3861.5742,3511.2839,3079.2000,2949.0934,2806.8323,2742.2600,3129.7153,3199.3880,2956.1200,3158.6756,3337.5862,3260.3600,3200.3026,3226.5920,3254.0600,3177.9288,3191.8012,3291.7800,3272.3215,3210.3062,3173.3000,3166.1317,3262.4974,3284.0000,2976.7687,2843.8724,3078.9600,3359.9311,3332.2462,3186.0500,3358.7179,3134.7924,2582.3600,2516.7951,2465.7334,2400.4800,2757.2389,2770.9892,2481.8600,2699.5390,2883.9030,2781.1000,2758.7408,3103.8499,3562.7900
2025/9/28,3592.9100,3531.0498,3517.3400,3384.9942,3409.5963,3552.8800,3473.2878,3329.9927,3356.6000,3607.5188,3667.7164,3585.0700,3772.5178,3808.9509,3612.4700,3534.3618,3453.0048,3366.1900,3445.9984,3588.9189,3669.1100,3650.1065,3649.1338,3665.9000,3611.2183,3649.1077,3717.1900,3598.8032,3605.6568,3727.0500,3644.6363,3620.8186,3624.8400,3458.7891,3966.4530,4819.2300,4784.8916,4719.4129,4923.9100,4835.0566,4783.2875,4895.3000,4921.7884,4861.9931,4686.9800,4496.6700,5217.5589,6405.0700,6584.5059,6444.2315,6514.0300,6608.1026,6556.3338,6455.8400,6533.9457,6534.9891,6487.5200,6665.8725,6714.1402,6516.5900,6353.1048,6459.6459,6658.0600,6563.3045,6536.1247,6638.7500,6552.9655,6391.2345,6267.1000,6178.6232,6109.5605,6035.7200,5936.7972,5832.1226,5789.1300,5881.3483,6053.2115,6195.0400,6208.8767,6131.8423,6092.0000,6192.1818,6218.4741,6148.5800,6170.3511,6229.2538,6269.4800,6302.6329,6356.2943,6360.1500,6231.5930,6224.9391,6253.7400,6020.9897,6058.9162,6361.8700,6371.3327,6305.3807,6325.0400,6345.6358,6338.7064,6321.3600,6331.5131,6381.6387,6613.7100,6954.9249,6030.6186,4458.3100,4344.4120,4533.4075,4372.8000,4401.0280,4547.3426,4642.7400,4655.9129,4814.5968,5035.2100,4986.6247,4842.3655,4759.5800,4723.9318,4632.4453,4603.6400,4827.2709,4839.7521,4691.5300,4845.9623,4741.4101,4541.3900,4901.1411,4568.7213,3657.3100,3611.0893,3812.1798,3676.9900,3305.2039,3224.4161,3504.7500,3721.5115,3712.9547,3604.9300,3652.3655,3764.3005,3776.8900
2025/9/29,3623.5154,3551.5328,3634.1500,3698.7693,3608.6926,3449.5000,3441.5221,3504.3942,3535.2600,3494.6412,3382.4957,3342.4100,3534.0176,3657.0042,3598.6000,3531.1549,3550.5271,3708.7800,3935.1308,3783.3961,3411.2500,3440.8877,3578.7542,3660.0100,3795.0875,3751.4302,3597.9700,3655.4025,3698.0870,3623.5700,3580.4403,3655.5986,3699.7900,3584.4395,4081.5741,4974.8500,5177.7635,4976.3714,4775.3500,4712.8914,4806.2791,4897.2900,4798.3000,4777.3602,4801.8900,4717.7760,5476.3310,6645.7200,6726.0286,6558.9896,6626.6300,6574.9147,6547.2566,6550.8100,6415.8481,6341.8494,6439.3400,6592.8027,6535.0692,6317.6200,6263.6059,6363.3021,6487.8900,6517.2665,6493.7022,6491.2900,6529.8984,6459.5276,6327.5400,6297.7399,6065.7116,5774.4900,5901.1725,6010.1231,5876.7100,5758.4920,6031.6516,6449.6400,6397.5604,6349.2686,6424.8400,6276.0276,6195.1171,6220.2900,6112.5495,6188.1707,6433.8500,6464.7049,6305.3596,6172.6800,6277.0941,6464.8971,6497.0300,6280.8625,6258.5148,6447.6700,6442.2433,6366.3656,6325.3600,6287.9372,6305.0220,6419.9800,6574.7543,6451.5547,6272.6800,6442.6315,5760.4343,4539.2700,4419.1176,4692.2413,4811.2100,4936.5507,4991.1484,4919.9200,4792.4339,4804.0977,4879.9800,4759.5917,4635.5756,4637.8600,4717.8761,4831.0705,4953.8500,5033.7223,4851.0866,4609.2500,4728.9807,4682.1264,4625.6200,5096.8166,4549.1738,3273.4300,3218.6404,3534.8556,3590.8600,3649.8030,3766.3689,3753.5300,3441.4731,3411.3490,3643.2300,3585.6630,3692.2356,3948.1600
2025/9/30,3819.9704,3601.7198,3550.5500,3629.3058,3641.8309,3605.4500,3680.1860,3611.3009,3408.5000,3361.5077,3399.0674,3412.0900,3396.6528,3528.0227,3672.5000,3531.1321,3531.2865,3711.6100,3681.0312,3617.4636,3645.5800,3687.3869,3667.2106,3644.0900,3728.2793,3722.1243,3688.2500,3880.4589,3977.0170,3840.2500,3665.2875,3637.8025,3618.7700,3415.1746,3836.1619,4656.4500,4755.7349,4571.7640,4587.9100,4830.2328,4945.9310,4905.5300,4958.0592,4830.8995,4588.8500,4732.6217,5581.6399,6599.2600,6802.8179,6632.2227,6537.3900,6559.5425,6535.9859,6550.3600,6803.5458,6818.2124,6547.0200,6422.3308,6390.7703,6419.4900,6547.8466,6525.0868,6376.7600,6375.5249,6388.7743,6364.1800,6390.3080,6386.2972,6426.7800,6608.9283,6362.3764,5899.8500,6015.3001,6055.0667,5816.1800,5813.5947,6128.2884,6417.6900,6258.4605,6108.6267,6204.0000,6339.9670,6342.0020,6232.4900,6193.6783,6299.9714,6384.3800,6212.3041,6112.9756,6209.7600,6294.3973,6237.3147,6127.0900,6163.5090,6219.6814,6245.4300,6301.6333,6261.7661,6188.6100,6283.1434,6357.1781,6344.0100,6342.8465,6247.0483,6261.6200,6579.1948,5964.0389,4713.7100,4487.5540,4825.8361,4976.9000,4684.0509,4601.0864,4817.4300,4803.7610,4705.0941,4677.4400,4690.4540,4646.9505,4743.0100,5188.4669,5077.6688,4635.3400,4962.2646,5072.8062,4806.4100,4977.0115,4893.8685,4526.1500,4545.7565,4275.2494,3687.7600,3499.4974,3420.7791,3345.7600,3484.7954,3545.6039,3508.8700,3633.6573,3693.3391,3674.6500,3771.7187,3671.9577,3400.5200
2025/10/1,3336.4792,3405.6429,3498.2200,3558.3168,3430.4624,3303.7600,3510.7796,3509.6941,3292.4400,3395.9557,3526.9529,3528.8900,3557.8463,3608.3399,3594.6200,3478.3672,3535.6135,3680.3200,3568.1615,3563.1017,3692.7300,3619.7375,3603.7592,3680.8900,3634.9528,3732.5367,3863.8800,3633.1520,3484.1323,3600.0700,3719.4785,3708.5376,3535.2400,3386.2268,4003.8527,4898.8300,4791.0765,4661.9537,4826.0800,4644.8701,4622.3088,4805.3800,4695.1537,4614.5168,4646.9100,4659.5650,5407.2628,6496.1500,6643.5256,6484.7447,6500.0100,6542.6482,6557.0743,6505.5300,6408.6164,6545.7545,6738.7900,6528.1924,6393.2803,6478.3200,6447.7410,6346.4528,6270.8800,6274.5455,6428.5835,6570.1900,6435.3004,6298.8990,6312.4600,6350.8744,6238.4464,6066.1800,6081.7442,6066.5096,5977.0300,6008.0329,6130.1718,6309.8700,6492.2844,6344.0461,6067.8700,6217.9666,6351.6598,6280.2700,6240.3194,6141.0341,6064.0800,6194.7078,6120.0353,5888.8800,5993.9048,6249.1837,6346.6200,6164.1811,6088.6151,6210.6300,6266.1354,6258.1328,6163.8300,5951.5829,5926.4134,6097.1400,6165.1912,6132.6469,6182.3900,6322.8443,5531.6649,4185.3000,3832.0735,4087.6820,4300.0300,4210.3011,4178.4111,4259.9900,4180.8110,4160.6828,4271.6600,4351.5456,4404.1435,4429.8400,4399.4447,4354.6296,4295.1500,4201.8582,4211.5382,4293.7100,4277.8945,4259.4021,4360.1900,4492.1270,3949.6189,3115.1500,3151.3128,3400.4948,3357.1700,3188.4058,3246.7430,3429.3300,3326.1593,3262.2131,3384.4100,3499.9812,3530.4894,3522.9800
2025/10/2,3548.8619,3421.5715,3253.6500,3366.1052,3469.1182,3429.6000,3415.4320,3535.6031,3676.2400,3615.6665,3515.1711,3529.3600,3669.0632,3790.6487,3757.4100,3566.7215,3554.3685,3677.3400,3586.7008,3545.4521,3610.3300,3575.8975,3629.1984,3691.4400,3501.6647,3514.5092,3740.0000,3713.2514,3575.0788,3514.0400,3566.4249,3604.7811,3530.5100,3470.9661,4123.5132,4973.4700,4756.1332,4565.1675,4808.2800,4832.3100,4882.5873,4994.1400,4897.5287,4877.7468,4814.6900,4476.2421,5274.4649,6710.3300,6759.4466,6547.1124,6612.1000,6361.5651,6249.9015,6453.1500,6650.8012,6756.7486,6713.9900,6479.1916,6208.7550,6169.7700,6502.1286,6624.5250,6435.5500,6380.4234,6447.8893,6515.4300,6509.2110,6505.8798,6533.7400,6505.1040,6228.8926,5879.5000,5860.9865,5943.5893,5940.1800,5904.7522,6022.0771,6229.9600,6285.5972,6322.5398,6325.2800,6160.4920,6185.1310,6352.9500,6254.9994,6133.5196,6128.3000,6146.7831,6242.0800,6298.1200,6118.3939,6003.7117,6034.9600,6015.7464,6020.0527,6041.0000,5993.5249,6074.7607,6232.9200,6179.6843,5971.6407,5902.0400,6198.0523,6271.0965,6150.7300,6275.2909,5507.9840,4231.7000,4106.6445,4257.4717,4183.7700,4272.5891,4348.5250,4254.8200,4073.8557,4141.4394,4381.1600,4390.0075,4342.1793,4306.6800,4191.7360,4260.8138,4403.8300,4242.8586,4168.6336,4300.3400,4361.7090,4368.9623,4393.9200,4381.8747,3900.5735,3285.0000,3355.7268,3462.9187,3324.2300,3295.7182,3314.7428,3340.4500,3406.7664,3325.2254,3238.3900,3409.1561,3079.6586,2377.6700
2025/10/3,2249.1115,2350.6615,2425.6900,2566.0402,2581.7738,2450.6100,2380.7447,2518.0142,2686.8400,2569.7829,2478.8450,2528.5200,2521.4930,2450.6327,2465.2800,2684.4952,2709.2548,2533.1100,2549.4723,2659.8126,2673.5900,2542.1987,2614.7108,2812.0900,2727.0627,2723.7886,2816.4600,2649.4654,2562.9301,2632.8500,2590.2526,2556.4658,2614.3800,2705.8050,2772.5950,2776.2500,2715.4282,2662.1368,2639.6300,2665.6161,2978.0446,3298.6800,3086.4821,3000.1438,3163.4300,3070.1692,3040.0564,3176.7900,3215.9846,3151.2338,3124.7100,3276.5532,3431.1624,3554.9800,3759.3816,3859.2356,3846.7300,3886.8450,3830.7431,3688.3000,3646.4985,3646.6528,3696.4800,3851.6556,3852.6645,3696.5600,3657.6604,3766.0582,3848.6700,3711.8716,3620.3484,3654.6100,3652.0036,3673.8492,3738.9600,3749.3079,3562.4927,3385.4700,3568.1156,3622.4237,3478.4800,3528.7673,3508.6204,3421.3500,3551.4227,3571.2581,3453.6000,3519.3207,3653.9845,3739.1300,3745.5186,3572.4896,3351.2100,3350.2455,3390.9412,3333.4900,3238.3839,3337.5311,3536.8300,3464.2003,3111.5731,2729.9700,2625.0508,2667.7279,2684.5900,2615.1900,2579.7702,2595.0900,2570.6876,2575.0052,2628.5100,2678.8815,2737.0540,2764.8200,2714.2940,2750.1311,2806.5400,2665.7958,2620.9532,2670.1700,2546.0330,2600.8316,2871.5000,2992.0539,2890.6800,2711.0100,2654.8186,2619.2169,2639.6600,2795.5079,2519.9541,2043.7200,2190.5304,2343.2901,2263.4500,2328.0166,2388.1960,2365.8300,2378.3850,2479.7019,2595.1900,2586.9700,2504.6642,2441.4600
2025/10/4,2458.7692,2509.6248,2534.5300,2516.2741,2541.8529,2567.7200,2469.6202,2418.6879,2490.6800,2578.9478,2539.3561,2410.4100,2385.2548,2509.5183,2663.6500,2665.0861,2584.2466,2560.7800,2659.5697,2642.4271,2522.2100,2553.8066,2654.4489,2691.7100,2643.4719,2756.2106,2905.1000,2739.3944,2728.3357,2903.7000,2831.3829,2783.5400,2776.3400,2575.8941,2674.2621,3010.9200,2990.5816,2825.9442,2744.7500,2777.1905,2940.2936,3176.1200,3367.0997,3454.1552,3433.1600,3339.4732,3211.1327,3150.2100,3237.2092,3222.2414,3023.8900,2873.3535,3212.5641,3790.8000,3879.3053,3791.2378,3739.1000,3648.5845,3756.6737,3958.0400,3883.7571,3793.7165,3801.3600,3758.1113,3699.9641,3698.2500,3756.3888,3679.2147,3592.7300,3789.2238,3774.1199,3548.7800,3592.7548,3538.5512,3415.9300,3649.3091,3796.5822,3682.1800,3574.2027,3552.3955,3569.9500,3558.4604,3648.2575,3765.4700,3664.2175,3432.4565,3314.3000,3484.0848,3574.3194,3465.0700,3384.4267,3413.6421,3506.5800,3533.5196,3388.6529,3255.2600,3395.5817,3297.3714,3123.2400,3471.3601,3265.4679,2585.3700,2630.7434,2776.0329,2657.1100,2573.1210,2538.5807,2553.5100,2649.1482,2728.2393,2788.1200,2877.1696,2757.7922,2564.7200,2679.7475,2716.5258,2649.0900,2818.8381,2832.1217,2668.5600,2724.5627,2819.1951,2805.4000,2729.4869,2673.3988,2720.8400,2880.1373,2895.5447,2831.1200,2927.8270,2633.7897,2163.8200,2320.2178,2417.6981,2275.9800,2390.3009,2430.4812,2366.8500,2512.5734,2509.1420,2357.7000,2493.9923,2949.1975,3420.6400
2025/10/5,3534.5280,3528.4091,3531.1400,3471.2591,3521.5634,3678.9900,3734.0039,3616.7840,3438.3200,3399.3458,3484.0869,3564.3000,3517.8575,3469.8557,3509.8200,3617.4245,3722.9827,3701.0000,3499.8590,3517.2915,3710.0900,3650.3329,3574.9882,3635.7900,3722.0667,3711.1112,3648.8800,3697.5495,3806.9548,3829.7900,3676.4247,3636.1501,3625.2900,3394.2777,3840.4827,4739.3000,4888.6104,4805.6041,4860.2600,4875.2843,4853.1043,4813.7200,4775.2168,4867.1428,4875.2000,4607.7248,5360.1150,6714.9100,6835.9028,6530.7811,6472.7600,6521.3222,6557.7926,6550.1900,6537.9746,6552.5575,6512.0800,6327.9962,6310.9334,6510.0600,6644.8882,6575.0835,6402.1800,6356.5775,6377.4181,6435.0300,6540.7481,6460.9424,6261.9000,6216.6908,6002.8030,5749.7400,5933.7175,6024.9816,5844.2500,5764.3459,5923.0296,6186.8600,6297.3211,6313.0436,6248.0300,6061.2200,5987.5334,6139.5400,6389.1613,6433.1836,6302.7800,6268.7731,6080.1057,5891.0400,6149.1814,6339.9157,6250.3100,6156.1723,6098.1646,6110.4900,6220.9516,6211.4584,6100.0700,6098.4656,6015.2943,5909.0100,6041.1887,6094.2432,6141.2500,6400.1905,5603.3954,4201.1900,4050.3634,4291.4063,4254.0700,4153.8251,4173.9144,4259.8800,4221.2883,4196.1505,4246.7700,4279.3783,4224.7473,4200.9400,4382.5181,4467.7985,4383.1400,4344.3588,4333.5578,4378.6900,4540.5620,4591.5436,4517.4700,4447.9125,3972.4902,3274.2800,3065.9531,3249.9373,3467.2600,3433.1968,3352.4023,3306.3400,3206.4411,3253.5362,3385.6900,3326.3951,3283.0062,3379.9100
2025/10/6,3517.5086,3539.1983,3466.2900,3458.2286,3470.0210,3461.7100,3431.2548,3305.9985,3237.2400,3458.9546,3587.1055,3541.8600,3608.5673,3691.5061,3678.2600,3581.1459,3567.7121,3635.6600,3632.1971,3627.7146,3619.1800,3539.2659,3576.0889,3678.5600,3607.9374,3579.8883,3630.6700,3581.9369,3574.7396,3659.7800,3732.8551,3762.5531,3705.6100,3610.2909,3982.8599,4626.7500,4800.1211,4833.4493,4940.3300,4962.9388,4841.8698,4735.8200,4861.5199,4922.3622,4746.2800,4580.3458,5268.1370,6429.1400,6745.9787,6616.2308,6443.1000,6253.4532,6303.5752,6504.2200,6501.6866,6504.3081,6616.3800,6696.9410,6629.7906,6527.9200,6597.1117,6549.9253,6352.4200,6290.4006,6405.4735,6531.2000,6477.2506,6511.9712,6631.4700,6530.6337,6256.3425,6015.4300,5969.4578,5847.5107,5710.2300,5892.1100,6076.9424,6135.0300,6229.7781,6287.3530,6317.6100,6399.0435,6315.4592,6191.9500,6358.2984,6325.9574,6061.6700,6060.9549,6272.4673,6406.0400,6227.9304,6092.6174,6122.8400,6108.6441,6032.8685,6026.7500,6210.4659,6288.6260,6151.4400,5991.7291,6035.8547,6180.5100,6119.8524,6067.4678,6146.0100,6137.3570,5407.3989,4340.7400,4069.3363,4245.2895,4405.0300,4392.6632,4224.1558,4127.7000,4346.6981,4512.5581,4464.1100,4386.1266,4391.4762,4424.9200,4367.6902,4416.7871,4514.9600,4395.4429,4283.1794,4315.3500,4390.5490,4327.2763,4307.9600,4563.6053,4067.7691,3173.2100,3298.0097,3389.8039,3108.8300,3199.1915,3360.8159,3378.0900,3384.8995,3466.0800,3559.5900,3517.1630,3372.3391,3298.5700
2025/10/7,3446.8842,3521.9592,3467.0200,3494.8026,3499.2303,3467.5500,3520.8402,3607.5570,3621.9000,3516.6280,3502.3061,3556.9900,3469.2613,3447.1227,3558.0700,3658.1776,3747.6705,3759.3100,3600.7346,3491.9166,3456.5500,3353.9190,3465.4739,3673.7000,3560.1693,3511.5177,3633.9400,3641.1352,3620.7791,3641.6300,3674.7113,3762.1848,3760.8000,3568.4159,4007.5062,4819.3000,4861.4808,4690.0873,4707.7300,4741.8307,4694.9507,4632.2900,4698.8607,4807.7069,4770.4500,4621.6546,5380.9735,6622.8200,6789.0587,6532.3389,6464.5000,6549.7695,6617.8675,6643.1700,6706.6770,6643.6063,6543.1700,6650.1560,6588.6812,6423.0700,6589.1995,6637.9128,6442.8500,6343.3813,6340.5786,6375.0700,6422.6044,6477.4495,6510.0300,6445.2460,6154.7001,5866.4600,5961.0831,5978.7428,5872.8600,6053.7234,6260.0684,6296.7500,6229.3290,6197.5896,6243.6800,6281.8485,6178.9270,6018.7300,6031.5396,6124.4028,6149.4800,6061.9226,6097.6721,6164.8200,5978.0974,6036.4480,6281.9700,6156.8041,6104.0196,6180.9800,6004.9835,5984.9940,6163.7100,6151.6048,6106.1325,6119.3100,6087.9614,5972.8648,6000.6400,6273.3533,5497.0768,4129.8300,4030.3054,4289.4080,4288.2500,4321.2951,4321.7138,4266.5400,4243.5008,4207.8914,4210.6100,4346.1777,4374.8712,4256.1600,4195.9332,4245.8318,4343.3600,4378.9094,4346.2362,4311.4100,4348.1000,4383.5817,4442.5900,4522.0299,4016.2692,3237.2400,3176.2843,3289.7349,3231.3300,3212.0345,3297.0460,3439.7800,3513.0064,3356.6527,3131.7500,3195.0494,3376.1939,3466.0000
2025/10/8,3417.7315,3433.4414,3440.6600,3227.1563,3327.6382,3633.3600,3477.9665,3282.7104,3352.6800,3540.8746,3503.4175,3364.8700,3548.6553,3643.7665,3554.7500,3608.8203,3707.9492,3716.8800,3630.5830,3652.6539,3749.8400,3700.7825,3673.3993,3685.2300,3585.5091,3544.4241,3603.9000,3638.8072,3695.1510,3734.9300,3658.9773,3627.8998,3595.3700,3463.9218,3970.4101,4827.7000,4930.0063,4813.6077,4855.8500,4889.3583,4899.3954,4902.4900,4901.5247,4894.0274,4786.0300,4638.9173,5425.4075,6725.1800,6988.0408,6619.4909,6252.5900,6160.0980,6287.9609,6449.7100,6466.6529,6407.4254,6428.3200,6604.3037,6603.8178,6441.7800,6455.2693,6484.9506,6435.4800,6401.9466,6460.6994,6490.5300,6325.2226,6356.6147,6551.1400,6446.9846,6139.8483,5926.7700,6009.4068,6003.7249,5805.3000,5728.6844,6035.5342,6463.9900,6444.1231,6192.3348,6040.6000,6136.8730,6247.7786,6238.7900,6168.2691,6093.1007,6065.1000,6113.1718,6184.6087,6199.9900,6128.5211,6148.2076,6237.8000,6198.4185,6124.8898,6145.6200,6266.9084,6193.6889,5934.0700,5810.7090,5889.5791,6107.1900,6298.8632,6166.8762,5998.7000,6244.0660,5617.3116,4364.4500,4135.4549,4331.3468,4325.6300,4136.2261,4114.6814,4269.8100,4292.1515,4274.9605,4319.3300,4400.5624,4388.8646,4316.7600,4345.1590,4401.0881,4411.3000,4368.1726,4287.6117,4237.5600,4292.0760,4366.6906,4434.0700,4447.4509,3933.0303,3214.7900,3183.8187,3394.0281,3438.3700,3328.6955,3214.3424,3161.7900,3154.7555,3286.2446,3410.8800,3281.7655,3289.6390,3439.7600
2025/10/9,3356.4957,3316.9430,3426.5200,3488.8525,3466.9879,3437.2600,3499.3237,3569.1640,3556.7300,3453.4469,3410.0794,3526.2900,3742.3184,3740.5029,3545.2800,3495.3633,3564.7633,3643.3600,3649.2558,3572.2645,3529.9700,3645.3553,3639.2729,3498.1400,3503.5398,3644.1857,3733.5100,3620.5355,3663.3583,3770.5900,3521.2247,3455.9062,3652.1800,3692.9341,3994.7891,4574.5300,4920.9912,4888.3387,4721.3700,4788.1560,4798.4068,4718.5100,4819.6683,4901.6551,4806.4700,4724.1914,5509.6834,6622.9700,6601.5338,6477.7686,6745.8600,6843.4350,6704.3327,6539.6700,6589.0301,6652.4038,6591.5900,6464.0853,6410.7427,6444.7500,6470.2998,6536.0475,6592.7400,6516.8743,6425.8872,6394.2100,6386.7498,6352.7672,6319.0400,6319.1551,6111.6615,5814.0400,5820.8172,5928.8816,5973.7600,5991.7221,6046.0158,6091.5100,6054.1183,6175.2982,6306.7100,6080.1377,6090.2017,6327.5000,6193.5222,6110.8386,6264.6800,6370.7987,6284.5765,6123.4700,6118.6338,6081.6393,5995.0000,6035.4850,6053.3141,6030.5900,6102.0470,6153.3232,6157.6100,6180.4814,6063.4493,5937.0400,6103.4628,6188.0656,6171.2800,6270.9608,5606.1567,4469.9100,4170.7130,4278.3132,4308.8200,4242.4414,4310.5587,4414.0700,4257.8488,4288.3885,4460.8200,4292.7536,4246.9448,4371.5900,4253.5575,4247.5539,4448.7100,4556.7963,4526.8759,4420.5400,4323.4810,4270.4587,4358.5300,4548.1501,4013.4333,3138.0400,3195.7845,3427.2667,3323.0100,3159.6947,3244.1539,3433.6300,3327.1623,3268.4862,3405.6700,3460.9900,3035.1656,2488.2200
2025/10/10,2591.2176,2654.4988,2453.6900,2461.7903,2587.7929,2656.4200,2602.1303,2531.6209,2527.9100,2582.8691,2594.4556,2588.3500,2663.8720,2627.1314,2530.9400,2616.6370,2611.2769,2524.7500,2640.1707,2690.2592,2640.4100,2715.1059,2691.5354,2587.7500,2646.1022,2599.9085,2528.7200,2772.4202,2832.9353,2688.4000,2790.8759,2750.0729,2542.5000,2586.5392,2732.0682,2769.6700,2664.0212,2699.8812,2803.1100,2666.8268,2777.5445,3201.6100,3461.1713,3403.7908,3167.8000,3028.4216,2998.6346,3033.9500,3106.1947,3206.6750,3228.8800,3106.7655,3317.6914,3821.7400,4054.5203,3977.1615,3834.7400,3882.0912,3847.1250,3678.1900,3626.7306,3734.7228,3833.6800,3729.6349,3727.7521,3900.7000,3978.6475,3775.0860,3524.7500,3641.1584,3690.6963,3560.4800,3571.9587,3641.0526,3681.6800,3686.6023,3555.4993,3451.8100,3646.2099,3709.1785,3569.9100,3587.2643,3691.0503,3698.1400,3528.1111,3491.2371,3558.1400,3410.7802,3312.7200,3380.9400,3467.6526,3548.7894,3535.2600,3366.2472,3461.2655,3687.3700,3491.0728,3311.7621,3401.2100,3510.8369,3195.5871,2693.6300,2695.1146,2807.8741,2808.4100,2847.7991,2796.2411,2671.5600,2656.1900,2700.9137,2717.5200,2669.5286,2637.2352,2623.4700,2582.2042,2683.4017,2827.6100,2716.1362,2546.2145,2518.6700,2652.1708,2742.4054,2754.0400,2828.1091,2916.1252,2884.4300,2684.5035,2724.6179,2956.4900,2878.3959,2472.0071,2132.6100,2317.5996,2600.7355,2647.6600,2505.6444,2467.8092,2500.5600,2352.2580,2409.8882,2586.9200,2418.9908,2446.0876,2694.6900
2025/10/11,2607.4686,2374.0367,2283.2200,2425.1448,2493.7152,2416.2900,2405.9133,2490.6975,2606.7700,2646.8156,2510.6209,2383.1100,2561.4829,2679.2286,2628.0900,2641.9619,2623.0001,2586.3000,2659.2111,2631.4125,2560.7200,2706.1684,2733.5824,2633.1000,2724.6002,2756.2078,2676.8300,2685.6696,2602.5436,2495.8300,2645.1666,2795.0548,2752.4400,2589.2920,2618.4485,2777.3100,2718.1767,2673.1250,2713.5200,2710.8440,2955.2953,3312.2400,3300.2354,3172.1557,3139.6900,3154.2218,3059.8142,2936.0100,3019.4689,3142.8976,3187.1200,3233.9121,3539.8726,3922.5200,3897.8749,3694.7297,3595.6800,3689.9868,3815.7294,3828.1100,3731.3843,3791.5849,3873.8200,3616.3974,3580.2349,3829.1000,3848.4187,3737.5383,3657.5900,3642.8561,3622.9424,3586.9400,3590.5290,3619.1871,3678.0000,3752.6100,3615.7993,3379.4900,3415.1431,3565.2687,3626.6000,3528.5620,3369.1312,3307.8000,3438.7372,3521.2848,3412.2000,3221.2340,3319.5282,3568.1900,3470.3626,3370.8494,3375.3500,3259.8848,3288.4525,3474.7900,3523.5980,3417.2046,3318.6900,3359.8951,3144.5520,2726.6700,2604.0366,2713.8148,2805.3800,2707.8628,2715.1638,2802.7100,2679.0573,2700.8746,2825.7000,2660.2750,2645.3370,2831.6500,2821.6646,2827.9887,2873.0500,2747.6421,2700.1591,2794.1900,2854.7365,2953.6933,2979.2900,2729.5102,2614.1511,2696.4000,2675.9587,2786.7537,2923.5300,2683.5639,2373.2293,2161.5800,1995.7176,2187.4655,2532.0400,2457.8994,2351.4122,2384.1200,2337.2185,2273.8860,2316.3800,2558.3521,3030.9898,3432.2700
2025/10/12,3357.8854,3246.6655,3323.4000,3398.1125,3345.7477,3306.0400,3475.1379,3338.3560,3086.0200,3445.1917,3775.6375,3707.9700,3506.7783,3470.0304,3603.0700,3667.0162,3625.4682,3560.8800,3562.7456,3501.3584,3479.2400,3706.1741,3700.9651,3510.4800,3635.8552,3610.2811,3419.1800,3537.7763,3615.2249,3599.2200,3777.3711,3767.7192,3512.4000,3440.4272,3914.6832,4703.7100,5125.5796,5004.2671,4715.2900,4805.3931,4855.2947,4749.5100,4795.5194,4801.6234,4640.5500,4552.0074,5393.8804,6613.8800,6691.0430,6442.7852,6441.7300,6479.9017,6605.0892,6754.7100,6733.3547,6553.5622,6391.0100,6430.8481,6470.6328,6461.2500,6533.5167,6539.9262,6434.9100,6336.5885,6318.2667,6384.6500,6477.6688,6513.7557,6487.2600,6443.2985,6302.1880,6108.0400,6009.9184,5956.3668,5919.7700,5948.7281,6088.5863,6260.7000,6310.8353,6271.0331,6204.3300,6157.7134,6178.0025,6229.3600,6239.4020,6311.3339,6378.6700,6263.7992,6190.4892,6209.7000,6154.4281,6085.2685,6063.8600,6081.9422,6092.4145,6157.8800,6325.3121,6138.3140,5791.7900,5961.8199,6159.3126,6139.5700,6133.7423,6108.1095,6154.5700,6280.1802,5443.7755,4214.8900,4298.0865,4498.2323,4237.3300,4150.2873,4270.4999,4409.6100,4401.6620,4387.6463,4397.8500,4338.5153,4362.5025,4471.6200,4483.4311,4344.0082,4179.4300,4180.4124,4222.4146,4288.6600,4454.9189,4435.8860,4341.8000,4484.1678,4083.6368,3347.5000,3319.9277,3369.8066,3254.4300,3380.3572,3479.7752,3404.5200,3313.2044,3390.5402,3552.6700,3540.2096,3474.2889,3467.5500
2025/10/13,3500.7030,3460.9804,3391.7000,3448.4739,3524.4963,3480.4300,3304.0766,3330.1712,3490.9000,3414.6505,3449.8551,3667.2900,3727.3050,3515.1389,3305.7300,3487.9462,3615.8863,3556.1500,3591.6105,3581.3084,3506.4800,3516.6863,3506.3192,3467.6000,3517.8374,3618.9164,3714.6800,3781.8982,3835.4740,3829.0700,3696.0765,3565.8920,3503.8700,3558.6746,4129.4098,4837.5700,4821.4525,4720.9342,4843.8300,4863.8868,4788.3499,4757.9700,4873.3834,4913.9146,4763.6200,4654.7514,5406.2674,6526.2700,6629.8895,6539.1322,6660.5700,6582.4689,6539.4603,6642.6900,6724.6440,6693.2520,6627.8800,6662.4706,6568.2346,6393.8400,6442.4671,6559.9685,6559.0500,6412.8900,6380.3483,6444.6200,6363.0142,6360.8674,6488.0900,6505.9352,6226.8508,5954.2900,6170.3087,6206.9945,5909.6700,5820.6210,6035.0323,6273.3900,6190.2368,6170.1426,6271.8800,6185.2495,6153.8839,6231.9000,6203.9524,6111.9954,6083.8700,6204.9463,6321.3746,6270.4300,6038.0569,5979.1049,6056.2500,5935.3332,6002.9033,6209.8800,6082.3071,5920.6039,5984.1700,6209.6379,6229.3882,6081.5000,6123.3853,6094.2898,6049.9300,6201.9758,5550.7681,4380.3300,4093.0850,4218.6064,4268.0700,4241.1768,4219.0465,4219.4800,4227.7693,4399.1164,4608.8100,4552.2051,4483.4631,4470.7000,4357.9145,4391.4242,4502.9700,4364.6965,4271.3829,4357.7300,4432.0967,4299.5199,4238.5000,4602.6107,4237.0715,3298.5900,3163.3688,3333.0142,3331.9800,3225.5666,3194.2306,3264.3200,3317.1856,3360.6414,3374.2700,3313.2024,3276.7050,3281.5000
2025/10/14,3272.6499,3374.3280,3500.2000,3427.0970,3398.9669,3507.9800,3588.6064,3538.5956,3469.6200,3566.0189,3543.4080,3477.9100,3710.2563,3749.4091,3553.8000,3557.2429,3468.5000,3357.3200,3615.3672,3748.8489,3605.4400,3537.5464,3632.6358,3715.0200,3557.1925,3473.6307,3610.9600,3801.6185,3851.2593,3748.5300,3661.4396,3718.9805,3785.2100,3675.7493,3986.5359,4636.1800,4888.1545,4879.9519,4836.5200,4814.4078,4765.0839,4748.3100,4885.7936,5016.7770,4949.8100,4769.9498,5433.1664,6529.9400,6643.5183,6611.6349,6769.2800,6603.0995,6518.8760,6651.8700,6690.4028,6589.2249,6496.4800,6573.1657,6562.8423,6462.2700,6512.1554,6507.4560,6446.9400,6531.7715,6513.0967,6416.6000,6511.3010,6497.2656,6380.8700,6447.6009,6312.7251,5980.9100,5876.7732,5862.7733,5785.8600,5700.9084,5944.5582,6351.2100,6384.2148,6297.1635,6308.1600,6367.5988,6321.5694,6202.8700,6174.1101,6088.7340,5998.2900,6110.4985,6162.0835,6113.3300,6180.3614,6231.3324,6182.9600,6102.8109,6098.0251,6136.8700,6090.9997,6032.7573,6045.4100,6135.9511,6175.0327,6120.0500,6031.2250,5907.6389,5938.1000,6196.2562,5548.9759,4361.0800,4210.2334,4354.3458,4282.5900,4253.0679,4278.8700,4377.3700,4543.3175,4408.7303,4115.5700,4201.8809,4393.9693,4429.7000,4331.6646,4360.0204,4446.7100,4286.1955,4153.1714,4231.6200,4417.9341,4437.5001,4415.5400,4614.9905,4153.3067,3300.4600,3293.8133,3492.9478,3398.6700,3185.6267,3197.2613,3347.7100,3272.1308,3326.0331,3544.5700,3563.4202,3443.8661,3388.7500
2025/10/15,3501.7051,3399.4706,3221.8500,3475.9678,3590.2556,3455.2000,3521.4094,3540.1641,3431.3800,3418.4082,3526.9101,3613.6600,3526.9636,3528.4706,3638.8800,3632.9273,3672.5071,3764.9600,3722.7620,3600.6046,3541.8400,3632.9411,3646.8878,3624.6300,3792.3787,3758.0240,3587.9900,3742.8458,3813.2462,3647.8400,3533.9603,3576.0682,3631.8600,3563.2571,3987.9393,4710.7600,4848.0545,4762.6611,4796.7900,4909.1200,4907.5233,4797.4500,4757.5407,4734.0392,4632.3900,4586.6989,5492.7547,6762.4500,6788.1916,6533.0686,6534.4800,6409.1825,6418.3968,6541.4600,6465.1901,6503.5971,6620.6700,6440.4551,6263.6988,6320.1900,6522.5305,6517.2031,6332.8100,6322.6283,6363.3099,6400.1000,6490.3020,6386.6731,6169.0900,6166.8489,6104.2977,5979.3100,6076.2105,6123.2679,6046.4900,6052.5949,6108.9792,6204.0400,6367.4088,6458.3825,6362.3700,6109.6745,6018.2917,6172.9100,6332.0227,6190.7152,5966.4800,6167.0820,6340.2647,6209.7100,5964.5365,5950.1274,6132.3400,6159.5038,6064.5865,5956.7800,5922.9475,6047.8387,6171.6400,6030.9913,5914.3788,5996.5000,6147.6300,6065.3999,6028.2400,6420.5457,5674.7259,4203.7500,4096.1633,4295.5626,4167.0100,4184.5382,4317.5497,4375.3300,4252.7877,4252.0260,4393.7400,4401.2163,4339.1424,4300.6500,4305.5465,4324.4644,4308.3400,4239.1184,4249.4754,4382.3900,4529.8531,4504.4299,4433.6100,4525.5153,4033.0707,3235.9800,3239.6088,3403.4316,3283.2800,3092.6660,3076.6497,3206.5900,3264.2360,3359.1866,3421.4200,3262.8011,3258.8272,3421.2400
2025/10/16,3396.8534,3390.6475,3470.4600,3483.6041,3518.2584,3587.5200,3600.1347,3597.9112,3586.2200,3531.9961,3527.1348,3554.5700,3520.7797,3580.0660,3716.1500,3730.6109,3635.3911,3556.3700,3598.5679,3561.9357,3475.7100,3569.9935,3660.9586,3626.3700,3546.7873,3625.8265,3769.2700,3687.1314,3605.1581,3695.5700,3882.1753,3855.2313,3610.1500,3525.9305,4034.4979,4771.0100,4887.1178,4803.0261,4775.2100,4667.6572,4716.6483,4877.8800,4861.1664,4889.3017,4870.5500,4636.4399,5408.8162,6703.0200,6711.4436,6513.5956,6635.1700,6526.4330,6506.6743,6622.9000,6555.6423,6522.0241,6589.0200,6584.8850,6539.5500,6473.4500,6381.1519,6395.8468,6451.6900,6373.4517,6463.6871,6641.5200,6514.8012,6446.4927,6502.2800,6366.6263,6161.2788,6025.7600,5979.1998,5949.5532,5902.2900,5883.6121,6017.5424,6261.8100,6412.1343,6363.8963,6205.7100,6143.1989,6182.7051,6229.2200,6193.9361,6202.0043,6212.8300,6068.4681,6009.3727,6120.3600,6246.7835,6306.3703,6229.0200,6033.1506,6101.5885,6347.0000,6287.7941,6105.0178,6020.3200,6085.1040,6193.8000,6182.6300,5980.6187,5951.9570,6167.8200,6212.7131,5391.2219,4276.2600,4217.0078,4373.6594,4288.8000,4334.2091,4423.3220,4391.5900,4217.7258,4245.0484,4440.5700,4443.7835,4439.4569,4471.3500,4369.6577,4239.0165,4230.0100,4385.3085,4433.4697,4354.0700,4367.4226,4352.5235,4390.3500,4603.8229,4172.0019,3219.5500,2806.7408,2987.1750,3321.0500,3336.2793,3327.3820,3348.0600,3169.9603,3155.4010,3340.6000,3345.9322,3053.2685,2657.9100
2025/10/17,2486.4450,2426.5399,2415.4000,2496.6772,2503.1901,2466.4200,2566.7217,2582.6357,2537.4200,2660.9398,2638.1092,2478.5500,2531.9494,2654.1477,2685.3900,2610.7191,2538.6584,2520.6100,2549.5349,2717.5944,2823.3900,2563.5813,2475.1130,2644.2500,2636.9185,2587.9017,2626.1000,2711.0738,2750.6040,2732.0700,2713.9279,2678.7721,2661.4400,2713.7132,2677.3789,2592.3600,2654.5256,2689.3372,2688.9400,2832.7584,3004.8654,3097.3800,3104.1075,3084.6421,3070.7600,3071.5812,3170.2316,3270.8200,3177.9866,3082.5120,3092.7500,3173.1643,3425.5488,3722.7200,3795.0470,3850.6538,3909.3200,3798.7588,3803.0842,3911.5600,3839.4353,3838.2915,3910.0700,3794.7923,3725.1571,3773.2400,3782.4962,3826.0496,3853.6200,3717.2835,3607.2098,3634.5200,3706.1315,3593.2103,3459.8800,3687.1998,3842.8981,3724.1800,3559.2640,3538.4999,3565.0200,3431.3574,3548.6645,3786.0500,3575.1794,3374.2620,3394.5600,3397.2952,3386.0408,3371.9900,3331.2111,3328.8575,3344.7100,3298.9694,3302.4667,3419.3500,3549.8757,3352.2253,3138.7800,3495.2515,3315.0589,2631.7900,2597.9904,2598.0109,2474.0400,2711.1136,2734.4758,2545.7200,2708.0761,2665.9060,2486.5100,2794.1513,2839.5458,2581.1700,2743.0990,2888.3439,2760.7100,2599.4975,2676.4824,2842.7400,2705.9522,2582.0632,2690.6700,2916.6139,2934.6311,2748.8700,2675.2281,2759.0455,2927.7500,3025.4921,2768.5070,2313.8200,2149.4327,2201.7039,2330.9800,2468.5643,2517.2062,2507.4400,2555.2689,2581.1402,2586.1700,2638.7971,2563.4804,2370.9300
2025/10/18,2292.4324,2436.5062,2643.3300,2644.5597,2661.9366,2689.9500,2512.2422,2458.1857,2535.5800,2442.9047,2468.9504,2602.0500,2530.1681,2533.0230,2605.9700,2492.5354,2642.9578,2890.6000,2615.0606,2532.0698,2739.0600,2632.4493,2622.1295,2770.3400,2679.5239,2550.5383,2541.9700,2621.9869,2784.4381,2872.0000,2717.4012,2726.8138,2863.0400,2700.4500,2593.7573,2647.0900,2618.4071,2674.5704,2748.9700,2621.1027,2784.4900,3162.6700,3153.9819,3050.4231,3046.2700,3059.1548,3204.6955,3354.8500,3228.3856,3104.8833,3099.6200,3104.7744,3334.0312,3694.0000,3803.5947,3697.9101,3602.9600,3704.1919,3712.1916,3621.0500,3723.9914,3900.0081,3959.7700,3830.0539,3734.1700,3759.1500,3792.5073,3765.6608,3670.4900,3549.0751,3455.1837,3435.6600,3501.8030,3565.7714,3645.4500,3811.2698,3832.2645,3629.4000,3362.0666,3222.5266,3273.0700,3421.9917,3510.1819,3496.7100,3468.1642,3484.6196,3542.7300,3574.2278,3480.9634,3351.3500,3388.3191,3481.7357,3499.2700,3421.7861,3437.6750,3503.1800,3401.7382,3350.1931,3473.7200,3613.6263,3317.3806,2723.1200,2466.4871,2524.3409,2673.8000,2723.1670,2713.5117,2674.9900,2602.1322,2615.1069,2650.0900,2539.6445,2550.0842,2684.0600,2668.1089,2618.3994,2665.8900,2798.4002,2791.1005,2662.1000,2652.1362,2711.0369,2693.6900,2544.8308,2619.8655,2817.5700,2689.0978,2615.1133,2779.6500,2935.1395,2767.1599,2379.5700,2214.0928,2334.6482,2539.7000,2546.5460,2412.9995,2285.6500,2285.0607,2414.8044,2521.7400,2492.9969,2847.5127,3374.9800
2025/10/19,3327.9158,3328.7053,3537.0100,3477.9201,3389.1015,3491.4100,3711.4109,3640.2222,3380.6000,3429.3909,3501.1902,3436.6800,3388.3198,3439.4910,3572.8000,3678.9838,3613.7590,3517.5100,3653.6432,3633.3161,3489.3400,3649.8373,3786.1628,3685.9200,3503.4372,3588.4484,3792.6900,3659.6071,3645.5333,3812.3200,3745.3583,3627.5833,3540.7900,3479.2759,4065.2778,4902.1900,4895.5803,4831.5718,5006.5400,4921.1439,4774.6618,4727.1600,4733.8198,4819.1596,4814.8200,4637.4412,5322.3143,6547.2400,6835.4572,6631.7117,6464.8400,6437.6104,6593.0847,6676.3200,6385.7658,6347.4136,6590.8200,6528.7579,6419.4756,6438.8100,6470.8267,6447.8412,6400.9000,6404.8611,6381.7077,6333.5000,6339.9523,6322.5945,6345.0600,6509.3861,6367.4096,5968.8600,5848.9167,5936.2401,6034.8400,6058.6840,6210.8172,6429.0500,6400.8442,6165.4843,5960.7700,6038.9753,6281.1798,6436.4400,6333.6558,6257.8174,6256.1500,6156.1223,6287.0811,6472.4700,6189.7215,6042.4956,6224.5600,6310.9570,6203.6055,6077.1800,6154.6655,6138.0190,6033.2200,6130.4593,6131.6017,6041.7000,6157.0315,6144.5158,6100.2000,6296.0179,5441.0522,4110.1900,4279.6674,4551.6857,4312.6200,4334.8408,4347.1546,4314.7700,4517.0731,4459.2652,4150.7100,4144.9142,4357.9107,4525.9900,4461.2942,4325.8814,4276.9100,4339.1752,4383.7062,4371.8700,4383.2389,4456.8428,4567.5500,4560.9881,4011.5383,3227.7200,3049.8661,3243.9208,3385.8700,3271.1891,3208.5058,3292.0400,3345.2115,3463.1257,3538.3700,3353.6141,3325.8837,3516.2700
2025/10/20,3545.1427,3350.2953,3185.7400,3356.7206,3470.7735,3460.5900,3597.5787,3524.3548,3285.5600,3324.4221,3430.9072,3484.0100,3570.4369,3583.1328,3581.9500,3722.4236,3690.0158,3504.1800,3518.6128,3612.8396,3644.9500,3607.6824,3616.0680,3634.3800,3535.4807,3534.5425,3641.2400,3649.9057,3656.5277,3626.3900,3435.6466,3422.8618,3625.3400,3788.8101,4150.4706,4645.4400,4887.0414,4918.0654,4857.8100,4780.5335,4722.2380,4700.2700,4749.4333,4990.2634,5063.7000,4632.2863,5334.8408,6701.0600,6560.0603,6301.5685,6599.3300,6689.3128,6592.5277,6474.7800,6424.1343,6489.9803,6589.0900,6569.9318,6500.3236,6452.4000,6440.4970,6453.2702,6427.8300,6329.2360,6401.0446,6591.0100,6577.8513,6428.4673,6324.5900,6372.1768,6332.7078,6192.8000,6155.9214,6058.0653,5884.5100,5841.1082,6026.9580,6267.2500,6287.9409,6375.6638,6493.2400,6321.9234,6258.7496,6324.6000,6150.5903,6035.7093,6134.1700,6277.5553,6287.8422,6199.9300,6195.3825,6199.9260,6182.8100,6182.2312,6084.8390,6009.0500,6180.3067,6193.2882,6041.1200,6114.8952,6172.9574,6078.6500,5962.2099,5942.2088,6087.7400,6227.6479,5470.5923,4256.2500,4027.0340,4218.9284,4317.6500,4359.9255,4321.8098,4318.2000,4489.0799,4458.9030,4293.1800,4417.0544,4432.6111,4303.4800,4405.3004,4481.1572,4423.0400,4383.8609,4314.6524,4290.3500,4449.9034,4494.5273,4411.5600,4412.7794,4049.9662,3440.1300,3228.3640,3242.0250,3285.0900,3347.6600,3406.3060,3397.5900,3294.2921,3336.3978,3470.2600,3424.0860,3475.7000,3565.3400
2025/10/21,3352.4291,3266.4185,3421.8600,3497.3913,3478.4778,3428.5000,3390.3985,3347.4063,3366.8500,3530.5719,3594.9883,3516.0800,3488.9955,3535.9095,3596.1100,3605.4015,3627.2590,3653.4400,3597.3553,3479.7759,3454.0800,3646.2137,3675.4907,3524.6400,3540.1822,3571.3394,3620.4000,3832.3287,3815.1128,3573.4400,3549.8146,3790.3293,3975.1300,3833.3152,4268.2850,4991.8400,4801.5610,4729.6133,5002.1100,4809.6206,4692.6353,4813.8700,4778.0376,4853.0488,4877.4900,4532.4343,5187.8404,6511.7100,6699.6250,6542.5634,6635.8100,6711.2730,6538.5325,6346.3500,6553.0863,6606.0111,6419.4800,6456.8929,6529.2341,6508.4000,6487.1185,6511.4858,6556.9100,6565.7071,6569.9872,6539.3400,6427.5340,6452.3530,6555.9700,6439.8928,6210.3190,6013.0200,5916.3432,5935.1937,5953.5200,5849.4836,5933.7276,6225.2700,6394.2972,6329.9457,6210.1000,6303.1378,6335.0494,6213.4500,6147.4781,6260.5700,6359.6400,6152.9377,6095.0211,6253.1900,6244.2019,6183.9400,6163.2600,6144.7855,6195.7265,6250.0000,6157.3206,6067.6059,6034.5200,5990.9006,6065.2879,6134.5800,5934.0736,5829.8034,6059.0500,6347.0259,5607.9529,4336.2100,4176.3281,4295.9186,4164.6700,4119.6140,4200.4732,4288.9800,4261.6282,4259.4804,4313.7700,4312.1128,4275.5747,4278.9700,4358.6907,4335.8311,4254.2300,4330.0405,4372.3541,4330.4200,4345.2740,4352.7657,4405.9400,4531.5134,4020.4405,3212.9200,3205.5941,3226.7368,3073.1400,3307.2645,3391.2034,3266.7600,3437.7849,3605.4721,3591.3600,3524.3553,3446.7160,3411.7400
2025/10/22,3452.2534,3387.0252,3279.2800,3377.0223,3483.6923,3511.1200,3548.8901,3517.3630,3542.2200,3791.9272,3650.0685,3308.5900,3572.3581,3707.0637,3457.6300,3353.3763,3544.5039,3705.5100,3417.8913,3342.1844,3634.9800,3781.1992,3696.9601,3567.8300,3627.8981,3698.9783,3635.7100,3493.2749,3559.2555,3735.0900,3651.9458,3611.3442,3643.8500,3570.0871,4091.2725,4921.4400,4962.1251,4696.1738,4616.6400,4735.4865,4750.4163,4656.7000,4748.4540,5014.1339,5042.6000,4587.2986,5231.5514,6634.2800,6786.4352,6510.7790,6504.0900,6601.8700,6640.6901,6593.8100,6544.0485,6505.8310,6503.5200,6554.0649,6539.0757,6488.8300,6548.7103,6597.1950,6533.5400,6389.8714,6360.1367,6413.6500,6343.5599,6288.8581,6343.2800,6426.8178,6316.4576,6061.8500,5946.2373,5958.3313,5983.7300,5940.5068,5973.5611,6113.9700,6234.0874,6257.8563,6197.2200,6145.0237,6216.7498,6349.2300,6330.8157,6101.1097,5893.1700,6021.8474,6133.0371,6120.7400,6199.3125,6203.2136,6122.2400,6137.0793,6175.0595,6158.8700,6093.2125,6061.6712,6095.0700,6146.9949,6152.6629,6119.9400,6099.9500,6022.9508,6059.1500,6306.6332,5578.5319,4355.6800,4386.1106,4575.5170,4383.4300,4369.2408,4358.5390,4252.4200,4213.4421,4347.5051,4512.5000,4446.0947,4321.0971,4254.7200,4207.1185,4179.4223,4219.8400,4362.4475,4449.8490,4391.5000,4257.5784,4289.4175,4512.3400,4627.8691,4112.3241,3295.3200,3101.1772,3216.6440,3251.8400,3143.3890,3150.3164,3320.7200,3451.9094,3493.6387,3440.5200,3333.0955,3368.2941,3485.3700
2025/10/23,3433.9039,3383.3375,3420.8300,3444.7381,3366.3660,3241.6200,3231.8299,3359.5594,3534.3900,3617.8200,3591.4514,3590.4500,3750.2986,3738.2986,3588.6600,3658.5139,3671.0351,3539.7300,3483.1035,3523.4469,3639.2900,3769.0647,3671.8398,3465.9200,3534.5891,3708.7123,3776.1500,3685.5037,3621.4344,3627.7100,3598.7688,3618.8226,3635.9800,3579.4512,4005.9120,4723.9300,4914.8679,4866.6031,4864.0400,4891.8671,4892.9710,4820.8500,4696.1999,4717.2118,4676.4300,4342.4602,5090.7190,6502.5700,6657.7375,6394.1983,6399.5400,6497.5484,6520.1537,6465.6200,6463.7712,6547.1976,6625.4400,6579.4372,6554.3898,6546.7800,6412.9241,6305.1453,6298.9900,6335.0921,6421.9183,6470.1300,6364.9106,6341.8515,6419.0100,6352.5871,6087.9961,5870.9400,5996.0235,5984.3232,5828.3900,5994.6524,6190.3457,6282.5900,6406.9354,6360.7355,6220.5900,6313.4062,6496.7458,6513.6200,6246.5678,6091.0376,6163.5200,6216.2055,6177.3389,6133.2700,6194.3554,6145.1835,6067.0400,6251.7986,6334.4020,6192.9700,6076.4001,6065.9656,6095.9800,6048.6427,5998.8937,6049.9100,6197.4243,6118.4171,6020.4500,6285.6360,5641.1940,4374.3800,4145.4744,4223.4864,4133.4700,4171.7847,4226.0781,4267.1200,4371.8943,4283.7034,4141.5900,4354.8177,4508.9315,4447.1200,4421.6545,4442.2641,4375.0000,4133.1524,4109.1506,4329.7500,4407.0751,4254.3709,4192.7100,4500.0385,4050.8037,3135.4000,3218.0322,3421.3227,3283.3500,3244.9468,3280.9965,3335.7000,3407.4625,3336.4086,3217.0300,3276.6066,3116.0962,2689.4000
2025/10/24,2390.2326,2316.8217,2404.1700,2509.4957,2520.1551,2477.6000,2507.0815,2493.1859,2411.2000,2381.7940,2489.5614,2632.3300,2617.2101,2587.0037,2640.2100,2723.8345,2708.5323,2651.6700,2713.6354,2665.8970,2555.1500,2653.6267,2656.9486,2568.6200,2678.5599,2623.6752,2462.7100,2644.0197,2828.8112,2812.1400,2718.1977,2640.9493,2702.0100,2956.6916,3054.1988,2877.3400,2652.2293,2620.3788,2668.8000,2529.1749,2697.3060,3108.3600,3170.3330,3186.9555,3288.4400,3278.7181,3273.0046,3318.3600,3341.1668,3378.0514,3295.1800,2993.8551,3260.2800,3867.8100,3775.3142,3598.5038,3691.9000,3787.6019,3877.7895,3886.7500,3707.5772,3651.9352,3714.6100,3610.0739,3608.0684,3763.8800,3835.6248,3823.9182,3782.4100,3754.8938,3786.0432,3789.1900,3635.5749,3544.7724,3596.1800,3650.1225,3611.8033,3544.3900,3583.7518,3585.9773,3479.8200,3359.7722,3394.1914,3488.3000,3391.8383,3341.1059,3433.6900,3503.5988,3397.9974,3283.0900,3447.4687,3447.2568,3320.9100,3532.6991,3602.4199,3439.1900,3431.9633,3377.1686,3355.0900,3618.0958,3399.6425,2777.3200,2635.5504,2686.3112,2676.8400,2673.3043,2657.5531,2631.1700,2646.4629,2772.0627,2890.1900,2789.3487,2640.4713,2650.5200,2850.5179,2839.8556,2689.9700,2828.5933,2820.2799,2661.4000,2797.4021,2872.7490,2747.7100,2672.5866,2758.0996,2921.7900,2974.5458,2917.2664,2847.5400,2827.2852,2604.6533,2278.9000,2254.4810,2432.5179,2495.6300,2259.7862,2382.3611,2736.4500,2542.7551,2365.2496,2442.4500,2449.3282,2483.5347,2482.6800
2025/10/25,2275.2439,2317.3214,2582.2400,2580.9331,2531.6865,2523.6900,2442.5659,2589.2280,2861.6900,2815.3965,2665.5662,2556.8000,2453.7697,2549.9872,2732.2700,2651.6454,2477.9255,2417.4300,2503.1882,2482.3129,2449.6000,2706.5974,2741.0948,2551.9500,2642.7955,2680.1362,2572.4200,2604.9908,2732.7322,2787.9000,2655.1748,2562.5512,2681.8800,2943.9931,2909.5247,2604.3600,2478.8930,2463.2414,2502.2500,2672.5357,2967.8618,3216.0700,3202.1614,3107.5720,3068.7600,3082.2478,3164.4714,3270.1800,3296.7836,3192.6198,3083.8000,3199.1423,3516.5142,3844.3900,3941.0120,3791.7325,3636.3800,3763.4927,3882.1918,3826.0300,3716.5348,3731.1349,3825.8000,3801.5253,3763.1990,3757.4600,3709.5386,3611.6839,3600.5600,3792.6526,3747.3144,3524.9900,3633.8764,3813.5703,3773.6500,3509.6092,3459.8210,3624.4800,3601.0028,3553.5449,3559.5200,3486.1472,3307.1764,3242.9400,3524.4794,3586.1904,3343.7500,3272.5577,3357.7262,3503.1100,3630.6601,3553.8556,3386.3600,3428.1103,3428.4249,3351.1800,3409.4276,3404.7197,3374.3800,3485.9618,3107.3623,2532.4300,2718.5802,2808.1185,2595.1100,2728.5585,2826.5948,2718.9900,2672.1525,2762.9627,2799.4300,2559.8767,2540.4886,2778.2900,2824.4756,2837.7004,2834.3900,2648.6480,2574.4374,2673.5200,2731.8558,2825.5783,2913.3900,2827.7974,2675.2276,2710.1000,3046.3342,2974.0155,2661.4600,2917.1956,2826.3233,2302.5100,2241.1111,2389.2999,2430.9600,2346.5654,2342.5263,2462.5500,2554.7540,2552.3920,2439.6900,2326.7721,2685.4074,3333.2400
2025/10/26,3550.0563,3440.7952,3316.6300,3383.2763,3465.6660,3478.2400,3494.4605,3489.8782,3515.0300,3646.6495,3671.0802,3546.4800,3463.3171,3549.8038,3702.2700,3686.8352,3599.4729,3534.8300,3510.5506,3575.6858,3671.2800,3673.3603,3660.2620,3651.9300,3600.1121,3617.1381,3683.0600,3661.1451,3634.3250,3566.3700,3388.3780,3566.4191,3831.3400,3529.0765,3871.7622,4778.6000,4908.1556,4910.0112,4980.9700,4637.9800,4521.1548,4713.2900,4684.5503,4815.4602,4945.5700,4635.3984,5338.4051,6658.0700,6640.3228,6375.8714,6557.5000,6736.0178,6650.9387,6503.2200,6679.3688,6727.2022,6528.8700,6428.1640,6421.3782,6402.6300,6318.6388,6351.3916,6463.2800,6440.4561,6466.2038,6553.8600,6507.3497,6381.6153,6286.0400,6256.8813,6099.2560,5927.7600,6044.9444,6056.5784,5844.1700,5738.5486,6027.2523,6420.0600,6333.2025,6231.9459,6291.1800,6239.3629,6239.6854,6233.8100,5997.3015,5963.1007,6194.3400,6306.5143,6277.0219,6203.7800,6177.7845,6166.4314,6119.9900,6029.9859,5993.1961,6050.2300,6144.8499,6167.3660,6101.0100,6029.7412,6017.0741,6078.4600,6169.8572,6187.0438,6252.7800,6437.0594,5706.4867,4431.4700,4145.6863,4326.3663,4366.3500,4202.1253,4136.6726,4212.3400,4209.2613,4238.2694,4274.5900,4163.7041,4112.9185,4249.7100,4466.2830,4425.5294,4209.6900,4227.6713,4305.4494,4334.6600,4379.1965,4337.3490,4332.1400,4503.9670,4045.0244,3189.5400,3051.9178,3163.6267,3203.6500,3324.2371,3352.7370,3288.0100,3317.2493,3351.8913,3376.1700,3463.4046,3473.6554,3410.6100
2025/10/27,3430.3327,3502.6395,3511.5200,3384.7255,3359.1389,3425.2100,3357.4483,3351.2781,3442.0000,3470.0442,3561.0943,3666.5500,3592.4226,3546.8424,3601.5100,3596.4228,3419.4112,3334.3000,3681.0392,3704.5748,3420.9100,3581.9522,3714.5871,3630.3600,3644.5422,3681.6528,3655.2600,3601.0461,3656.6582,3687.0200,3449.0979,3428.0518,3640.7400,3696.7966,4151.3513,4891.4700,5123.2645,4973.0315,4750.7200,4653.9501,4657.4710,4699.0200,4748.6508,4826.1899,4801.0500,4657.8996,5414.7673,6568.6200,6542.3478,6519.3526,6847.2000,6680.8700,6555.7492,6654.8300,6587.4308,6515.5454,6507.1800,6462.2997,6556.0392,6746.1900,6759.9788,6564.8881,6360.4900,6382.7096,6354.0463,6243.8400,6306.1009,6430.0789,6518.1600,6537.6955,6299.3926,5968.7700,5942.3916,5972.7153,5928.2700,5951.6733,6145.1602,6348.0300,6293.2062,6269.9019,6317.9200,6207.1733,6179.1919,6285.3300,6307.0855,6199.7617,6049.9800,6011.8982,6163.6471,6371.5800,6385.2135,6252.9506,6074.1300,5942.5563,6019.3385,6161.1600,6058.3103,6005.8553,6094.2900,6118.8774,6128.2132,6171.4600,6203.5804,6086.2110,6036.3400,6255.5489,5464.6067,4116.9800,4049.4906,4257.0364,4203.6300,4354.4890,4391.2691,4301.0700,4406.2154,4339.6459,4191.6700,4437.7763,4577.8959,4434.1600,4334.2079,4332.7014,4347.8000,4282.0182,4222.1097,4278.3000,4454.7685,4445.8857,4353.3400,4466.6721,3951.8840,3124.5400,3214.7801,3410.3532,3336.9800,3413.9782,3397.7474,3325.2300,3500.9033,3497.7595,3289.0300,3292.4958,3360.4632,3398.7300
2025/10/28,3482.3471,3558.0578,3537.7300,3397.1153,3358.9722,3460.4900,3536.2789,3596.7553,3626.4600,3581.3943,3582.5567,3542.1500,3291.7475,3314.8518,3602.7200,3664.2523,3696.2506,3742.3500,3615.3751,3525.0102,3570.1500,3649.9607,3716.1709,3664.3300,3444.6056,3485.3160,3721.0000,3666.9217,3601.3686,3629.4300,3588.1252,3701.5440,3760.9500,3430.3510,3916.1412,4921.9600,4883.0015,4690.1590,4791.1400,4729.3093,4726.5700,4827.0400,4821.2397,4900.9220,4874.3300,4514.4813,5300.7462,6782.8200,6900.4850,6559.9578,6515.7700,6589.5358,6558.9732,6446.3600,6442.9353,6438.5626,6347.6400,6231.1903,6310.8732,6493.4900,6470.0207,6469.1562,6526.4600,6440.8825,6380.7735,6384.6500,6319.7061,6271.0597,6378.9300,6614.3651,6325.6342,5762.3300,5825.9728,5842.2597,5742.6900,6127.7681,6272.8375,6118.9400,6324.6016,6414.6315,6273.5100,6302.2294,6355.7812,6251.5900,6034.7327,6198.8847,6495.1300,6216.5368,6185.9963,6425.8100,6144.2448,6024.4823,6252.1800,6286.8911,6198.7316,6164.4800,6234.5416,6190.5494,6069.5200,6127.1507,6211.3557,6186.3700,6055.8023,5899.1779,5941.9700,6203.1629,5452.0185,4179.2200,4169.6181,4304.6986,4105.7800,4229.8329,4343.2340,4280.7200,4261.4519,4313.6041,4330.1000,4211.6097,4206.8560,4334.1100,4361.1199,4326.8635,4337.5800,4427.5626,4375.8414,4269.4400,4399.0144,4407.7108,4341.9600,4496.2394,3949.5120,3046.9000,3144.8922,3383.8916,3325.3200,3381.9478,3411.7756,3334.4400,3266.7252,3264.9179,3273.2600,3219.4621,3325.8058,3486.6300
2025/10/29,3363.3565,3279.4520,3346.3500,3360.5363,3380.2043,3388.0700,3299.6466,3329.2858,3477.3900,3521.3824,3505.0196,3478.9800,3437.5839,3403.7484,3467.9100,3678.3574,3694.9697,3509.8000,3454.7737,3504.1618,3596.9200,3702.0365,3682.4494,3581.2000,3608.3308,3804.0870,3964.8100,3806.4947,3519.4248,3391.1800,3571.1509,3759.0898,3753.2800,3672.8876,4042.9542,4693.1100,4900.6542,4897.3827,4833.9600,4634.4568,4611.4354,4744.0700,4716.0917,4747.1908,4769.2400,4616.4867,5361.3444,6624.0200,6805.1934,6475.4307,6363.4100,6608.3045,6639.0157,6454.4400,6562.0462,6557.7171,6407.0300,6509.5125,6590.8822,6507.0000,6425.2327,6524.6996,6682.4000,6603.1022,6497.9865,6447.0600,6346.1351,6384.6593,6510.9700,6434.8256,6185.9942,5986.3300,6033.7747,6014.1316,5891.1300,5950.2759,6136.0729,6314.7400,6395.4685,6410.3750,6349.3300,6199.6181,6212.3032,6311.9200,6170.7499,6017.3540,6046.1400,6213.4092,6248.6493,6177.7200,6257.1040,6272.0015,6129.8900,5994.1617,6061.2799,6197.4100,6085.8842,6009.7584,6121.7100,6259.2256,6154.8971,5970.2500,6108.2094,6157.6766,6147.9800,6368.5058,5639.4796,4368.0100,4254.3248,4374.8914,4242.9600,4325.1594,4451.1558,4429.8400,4279.1402,4238.2517,4326.1500,4344.5372,4320.2976,4311.1800,4331.6542,4339.9511,4351.4100,4420.1052,4473.5085,4449.4400,4370.5081,4415.6724,4536.5700,4430.8963,3871.2641,3264.4900,3310.1984,3452.7045,3354.2500,3205.6959,3153.1453,3205.1200,3265.3777,3301.2056,3312.7700,3326.0901,3402.7012,3494.3800
2025/10/30,3472.5305,3363.8053,3300.4500,3407.7083,3525.7625,3533.4300,3462.1227,3498.0501,3566.9000,3433.1737,3391.0173,3469.0800,3419.0530,3470.8478,3553.4500,3372.5777,3411.0056,3680.8600,3702.8001,3693.9885,3690.0600,3509.1381,3527.8649,3732.3100,3702.1069,3528.8703,3459.9400,3636.8805,3707.7788,3585.2600,3519.4151,3553.2081,3573.5200,3528.3824,3972.3507,4743.1700,5024.3530,4867.7937,4714.6600,4921.6299,4893.7068,4632.9200,4737.8808,4861.2505,4743.2300,4605.5164,5210.1028,6249.1400,6594.8366,6621.7587,6572.5300,6325.8705,6356.8842,6591.8700,6486.5357,6407.6652,6478.5700,6438.2796,6398.2144,6423.1300,6438.7112,6399.7919,6391.3100,6509.8183,6434.2506,6211.3200,6233.5442,6383.7878,6439.3600,6280.1638,6080.6051,5914.9500,5755.2519,5838.2676,6006.6000,5875.6134,5968.6057,6311.5700,6392.8559,6450.5640,6528.2000,6377.4204,6141.0098,6025.9400,6130.5732,6272.4013,6245.6500,6013.5237,6005.1417,6222.7900,6235.6812,6058.4702,5971.7800,6226.3808,6379.2472,6271.4900,6159.8116,6123.5512,6127.6900,6098.9069,6068.7597,6054.9800,6038.8547,6023.7845,6129.6200,6333.6031,5665.7803,4399.8800,3924.8808,4158.0987,4498.7600,4424.7309,4250.4813,4193.4600,4184.5041,4235.0259,4299.2500,4293.7079,4303.5022,4377.0500,4454.4638,4371.9534,4178.5500,4130.4643,4344.4468,4524.4700,4275.5256,4269.9800,4589.0300,4561.9451,3981.5134,3281.8900,3140.2362,3162.3684,3151.0900,3282.1730,3353.7054,3346.7200,3438.0917,3468.2388,3425.1100,3414.6896,3100.9655,2600.2900
2025/10/31,2433.8663,2483.6733,2537.2100,2511.1108,2542.1014,2587.0100,2477.4250,2466.2804,2590.6500,2619.5110,2545.8686,2452.7200,2430.7813,2478.9461,2550.2500,2586.8306,2580.2510,2597.1600,2700.9632,2702.9168,2595.0400,2571.9759,2657.0784,2740.9100,2682.5138,2566.1278,2581.9900,2819.5988,2799.6363,2562.3400,2629.6322,2808.8040,2898.8800,2887.6862,2807.6710,2702.6400,2635.5078,2725.6095,2847.0300,2774.5821,2897.4921,3173.8600,3164.1042,3169.5417,3257.9700,3167.2248,3015.0054,2993.8000,3187.5805,3351.6526,3295.9700,3093.2092,3287.2128,3774.6400,3883.2572,3720.6025,3630.4500,3827.9341,3904.8716,3816.8000,3893.5352,3896.9729,3773.7900,3734.1441,3715.3368,3653.7600,3576.3491,3583.8914,3692.6800,3803.8120,3774.8079,3646.7300,3579.6995,3449.6508,3351.2900,3517.6128,3587.0996,3503.5400,3554.1365,3581.9999,3560.8200,3633.5158,3641.4641,3530.9700,3421.2435,3388.9577,3451.3000,3563.0641,3618.2727,3529.1300,3314.4993,3272.3045,3402.7600,3415.1508,3324.9213,3260.4600,3333.3000,3459.6556,3542.5000,3499.9357,3179.3066,2694.2200,2407.7440,2523.7857,2757.2000,2614.9389,2536.0108,2722.2600,2905.3626,2852.1382,2695.8900,2763.5527,2762.9852,2614.4300,2571.2045,2725.9687,2925.7300,2901.1973,2725.9961,2617.8100,2727.5085,2732.4756,2605.9700,2642.7916,2765.9679,2835.5100,2804.5296,2849.8896,2960.3800,2907.9764,2587.9297,2293.1200,2439.4875,2506.8757,2378.5400,2417.1137,2356.3863,2207.0600,2269.6479,2259.3897,2199.3800,2406.4855,2551.2558,2471.5100
2025/11/1,2342.2452,2342.6598,2445.9800,2476.3526,2471.7809,2452.2800,2398.3414,2420.6550,2516.4100,2572.5638,2619.5890,2657.2200,2633.6120,2566.6865,2564.3500,2719.5847,2790.5983,2726.3200,2722.3613,2852.2463,2973.9300,2852.3624,2608.0728,2441.2800,2477.7095,2593.7409,2690.1000,2735.3377,2634.5290,2536.7200,2704.1008,2823.6107,2784.4400,2775.9517,2791.7735,2756.6800,2630.8091,2570.0915,2552.0000,2467.7801,2741.7626,3198.3600,3192.0475,3121.9059,3237.5000,3357.9654,3269.6531,3072.1300,3087.3713,3254.6259,3297.6200,3073.3267,3381.8137,4001.3500,3919.5035,3943.5410,4146.0000,3798.0283,3728.4090,4013.8000,3894.7191,3854.5420,3980.7700,3815.8732,3592.0120,3555.5900,3706.0291,3735.9935,3646.3000,3703.4667,3715.4717,3615.4100,3562.1836,3635.1529,3733.5700,3678.9009,3604.2433,3554.1000,3456.6299,3439.2289,3491.6600,3476.6367,3498.1359,3547.2500,3497.3679,3446.8345,3430.3700,3397.9613,3440.8204,3527.5100,3517.6804,3469.4520,3422.8100,3346.4016,3212.1415,3234.8800,3621.1910,3623.9722,3275.3000,3306.2739,3195.2314,2827.4600,2693.7454,2776.5884,2812.6600,2586.5113,2496.0867,2615.8400,2646.0402,2692.1912,2733.2200,2615.7768,2574.7965,2599.8700,2466.7082,2460.1807,2649.7300,2769.3428,2616.8529,2456.6600,2724.4087,2791.1702,2613.0700,2761.3124,2863.0427,2756.2400,2689.1220,2723.9524,2828.6600,2896.0715,2707.4719,2415.6900,2397.2928,2347.2230,2223.7700,2304.3941,2400.2364,2418.2000,2455.3243,2498.4950,2457.4500,2345.8903,2740.4002,3406.4700
2025/11/2,3476.6680,3344.5516,3350.4300,3440.3935,3504.1368,3526.9900,3557.2106,3483.6278,3407.4300,3553.3023,3640.8554,3589.3100,3593.4110,3636.6549,3675.8500,3703.2003,3732.0751,3747.1900,3702.0738,3566.4871,3462.7100,3555.5683,3600.0991,3529.2300,3517.1359,3573.7157,3632.7700,3643.2503,3733.3324,3869.2800,3861.3321,3724.1997,3532.6900,3457.4491,3985.5318,4769.9400,4899.8946,4838.2169,4864.2700,4792.2668,4718.9298,4716.1200,4780.4424,4994.5325,5042.7800,4661.8146,5374.1147,6728.5200,6675.6900,6411.1934,6574.5400,6590.9787,6593.5291,6659.1800,6641.1902,6499.5303,6416.1500,6593.8968,6575.9148,6352.5500,6352.8097,6323.3091,6286.9900,6528.2298,6589.3423,6433.9400,6467.2731,6432.0460,6310.3500,6357.1429,6285.2515,5972.0300,5660.2962,5802.9947,6142.7100,5991.0991,5942.8097,6205.4900,6361.0433,6355.6624,6300.2900,6304.1289,6217.6438,6086.5000,6124.9200,6186.4829,6203.7000,6223.0576,6076.1129,5925.5700,6132.3101,6317.8421,6255.6800,6099.9030,6142.8205,6260.7900,6095.7481,6108.2538,6269.1500,6091.4629,6027.7513,6174.2500,6149.2894,6054.5565,6105.7700,6238.1524,5399.0746,4122.2200,4102.4282,4391.2326,4373.4700,4362.6768,4335.9061,4307.2900,4367.7014,4394.6988,4418.2200,4560.4839,4505.5914,4312.7400,4370.8987,4451.3428,4412.0400,4356.3107,4376.4338,4409.4100,4307.6982,4185.5388,4240.4500,4478.5114,4126.4590,3379.8000,3236.7702,3272.9434,3185.9900,3148.2650,3259.6969,3392.8300,3318.5893,3212.5035,3251.9200,3425.9767,3399.2615,3256.7600
2025/11/3,3402.7052,3530.9279,3477.1700,3403.8763,3468.8517,3565.6400,3452.5340,3374.2238,3456.0200,3574.6607,3594.0913,3518.2100,3486.1320,3605.4979,3736.6100,3632.9061,3559.8363,3635.1200,3714.0980,3716.9383,3604.5900,3432.2182,3523.2854,3756.0500,3678.1490,3552.2318,3582.6400,3696.9522,3699.4100,3660.9900,3807.8329,3822.5664,3599.9800,3467.2117,4027.3068,4848.0900,4831.8372,4595.5372,4640.8500,4852.9617,4893.0561,4770.5400,4797.7405,4903.0680,4842.9200,4596.5693,5246.4843,6446.8700,6696.8048,6659.2577,6760.6400,6711.7249,6548.1102,6448.0600,6542.5571,6575.5542,6487.9100,6469.5178,6527.9631,6588.4800,6564.8578,6462.9654,6396.1100,6475.6255,6482.0794,6415.5500,6469.3661,6412.5255,6249.7500,6228.8003,6196.1133,6054.8800,5907.1284,5986.4457,6096.1500,5860.6010,5986.7925,6386.0600,6262.2155,6236.1691,6422.2500,6309.6875,6347.3114,6539.2500,6383.0261,6118.8220,6005.3400,6065.7873,6091.3920,6065.4300,6159.3221,6301.8674,6296.7600,6036.1756,5986.5432,6154.1800,6111.2616,6095.8029,6177.5300,6160.1612,6143.4227,6179.1700,6187.4549,6075.7624,6026.3100,6197.3758,5611.6824,4510.5900,4203.4620,4269.4265,4293.7900,4291.9814,4189.9335,4139.6700,4362.5112,4373.4781,4199.4600,4337.0774,4416.4764,4287.5500,4194.6264,4183.7463,4242.4000,4331.5864,4331.7637,4308.5300,4419.4598,4388.2541,4263.3700,4306.7271,3934.8002,3317.5900,3273.5640,3358.3394,3301.0700,3294.5148,3379.3799,3396.9100,3176.1591,3104.3618,3326.1200,3588.1519,3599.3968,3477.4300
2025/11/4,3563.3362,3467.7649,3318.9800,3621.2357,3609.7516,3243.2600,3262.8641,3362.8451,3368.2300,3432.1033,3414.6452,3343.0900,3418.8960,3562.4202,3641.0800,3601.2505,3613.1163,3631.4500,3474.0671,3476.4749,3673.0600,3759.9862,3805.6487,3772.1800,3547.8632,3518.3357,3659.1700,3574.9005,3518.4297,3590.6800,3643.9963,3798.9776,3852.9300,3567.6753,4062.5127,5069.7300,5131.9597,4923.2092,4922.2000,4901.9735,4804.2605,4685.2200,4654.1227,4765.1602,4799.9700,4630.7013,5436.4273,6736.4300,6737.2865,6319.0168,6297.2200,6594.0807,6609.7981,6375.4700,6443.7563,6463.3406,6353.2800,6414.9321,6469.6120,6425.2400,6377.2951,6324.8334,6285.7000,6300.3766,6323.3148,6385.4400,6516.0045,6369.9821,6106.6900,6204.5859,6064.8951,5772.7900,6018.8318,6113.3994,5866.9300,5836.8551,6133.0148,6449.0600,6348.1281,6050.2538,5929.1500,6164.2665,6242.4743,6144.8500,6291.0293,6220.1622,6019.1100,6265.3862,6424.3807,6264.7000,6092.4359,6002.9229,5995.1800,6042.6223,6158.3576,6218.5700,6066.1460,5985.9268,6059.2600,6086.8273,6014.9441,5963.9100,6085.6676,6140.1451,6193.8000,6388.6776,5626.8981,4356.0000,4236.5029,4386.2481,4287.0800,4318.7484,4379.5457,4403.7100,4455.4169,4453.2404,4385.0500,4337.1548,4357.1823,4429.7800,4486.4317,4458.3440,4365.2300,4291.9306,4237.8412,4317.8100,4609.2829,4528.1518,4214.7100,4294.1915,3836.0959,3097.2900,3332.0549,3496.0844,3230.1000,3223.5934,3267.4414,3248.8100,3317.7140,3344.8124,3335.5100,3432.0903,3497.2590,3457.4400
2025/11/5,3388.5113,3414.2355,3524.9200,3577.8630,3482.4095,3352.5200,3415.0213,3587.0812,3682.7900,3570.1060,3423.5216,3420.8400,3582.3569,3610.3785,3531.4900,3634.2565,3659.8301,3584.3800,3641.0206,3601.0518,3471.0200,3519.1632,3642.9442,3684.2000,3590.3801,3556.9068,3599.3400,3576.3464,3670.3421,3822.0500,3770.0524,3730.7981,3709.2200,3580.0518,3990.0940,4750.8600,4939.9700,4820.6186,4809.6200,5032.0255,5083.2056,4903.5700,4818.3261,4789.2122,4691.0800,4635.2193,5564.1204,6859.9100,6838.7377,6572.7169,6650.7600,6609.1003,6533.2723,6512.1100,6502.0697,6517.2143,6556.5000,6571.3247,6460.8868,6419.5800,6695.8474,6570.0307,6153.4500,6278.7445,6391.2812,6328.5800,6462.6959,6337.6779,6125.1800,6442.2998,6371.5485,5855.2900,5805.7922,6009.5834,6087.4000,5936.9299,6017.3914,6275.4400,6210.5655,6124.7777,6188.6500,6268.1666,6362.1243,6375.7700,6191.0325,6105.1606,6217.3100,6335.5535,6323.0291,6195.8000,6080.8942,6008.1665,6033.3200,6188.5121,6218.4027,6096.1000,6033.0685,5997.5161,6050.0100,6278.6001,6279.8059,6081.9800,6111.4709,6172.5225,6172.8000,6117.2238,5392.8263,4442.7000,4400.8318,4364.7551,4132.3400,4377.4515,4426.6976,4164.1700,4183.8475,4298.4776,4346.7200,4368.7132,4292.1131,4159.1400,4125.7766,4216.7307,4298.9700,4234.3764,4334.7636,4501.9400,4320.7790,4185.7895,4290.1000,4375.2818,4041.7361,3470.5400,3281.6241,3401.2141,3501.5100,3343.2107,3311.9445,3391.0800,3216.8527,3243.8664,3447.8200,3321.5795,3171.5571,3203.6200
2025/11/6,3315.0687,3417.6190,3490.1500,3543.1950,3482.4021,3392.3200,3461.2324,3483.4520,3476.0300,3648.5087,3701.5232,3548.4800,3424.2967,3467.5146,3602.0900,3641.2860,3694.3408,3761.9200,3694.6404,3489.9511,3378.7100,3609.0147,3740.2715,3636.1900,3575.7402,3583.0906,3582.0200,3513.6516,3506.6504,3565.0000,3585.9408,3714.3982,3863.6100,3836.7305,4145.3381,4725.2200,4931.0054,4821.6996,4741.5500,4946.5975,4962.6327,4721.7700,4642.9033,4726.6613,4739.6700,4629.4459,5476.2965,6766.3300,6805.1088,6636.5995,6772.3600,6676.3585,6558.8678,6512.7900,6390.7087,6346.7278,6445.6000,6578.1664,6616.3642,6517.0100,6363.9413,6382.4402,6476.9900,6334.1664,6183.3537,6249.2300,6494.8227,6443.8651,6195.7300,6292.7703,6336.1920,6195.0100,6149.9235,6091.1897,5925.6000,5758.5889,5981.6223,6384.7900,6347.1561,6269.6694,6354.5700,6388.3609,6340.8957,6234.2900,6114.2727,6108.4514,6201.9400,6240.0138,6166.8187,6099.3000,6186.2126,6138.1216,6003.4500,6110.9157,6134.6156,6040.7800,6122.5979,6151.9145,6077.1400,6095.9610,6155.8596,6150.7300,6023.1612,5867.2973,5959.3000,6351.2650,5711.1352,4387.8200,4147.5363,4341.9671,4392.8800,4400.6895,4393.7055,4314.1800,4130.8668,4140.8028,4285.6500,4216.5139,4162.6100,4227.2400,4284.1332,4381.7138,4432.1400,4303.2513,4390.5944,4612.2200,4490.2555,4393.6003,4562.2200,4734.5989,4094.5345,3098.1700,3093.3788,3393.2014,3401.7900,3218.1278,3239.3773,3475.2500,3567.8780,3513.1342,3471.2600,3506.4240,3057.3563,2374.2500
2025/11/7,2332.5113,2458.0797,2476.9200,2573.8486,2588.3422,2526.9000,2580.8837,2648.4209,2661.4500,2661.2713,2683.6971,2692.3500,2633.4682,2653.7708,2759.3700,2790.3941,2694.1077,2562.7700,2547.6378,2576.1994,2624.8600,2727.3729,2731.1819,2637.0800,2596.7433,2565.6181,2552.7200,2619.1211,2623.2766,2565.2500,2600.3313,2727.0687,2811.9400,2721.1285,2671.9766,2727.0800,2766.2670,2897.5301,2949.6500,2667.1999,2770.3329,3241.5500,3314.5677,3164.8309,3118.0300,3289.8342,3355.4641,3235.5600,3178.7623,3314.4453,3434.4100,3269.6730,3479.3888,3953.1600,3900.4690,3801.6685,3820.8500,3653.4946,3673.9153,3823.1300,3659.3858,3623.3855,3772.8800,3723.2554,3743.5839,3865.0400,3816.3143,3739.3181,3680.2000,3554.7760,3559.4376,3683.0900,3704.8321,3680.3826,3655.2700,3601.7610,3528.2248,3440.8900,3356.9516,3380.8876,3528.2700,3688.1021,3694.6611,3554.2400,3441.3322,3458.7542,3540.1400,3516.5929,3404.6906,3238.3300,3099.8817,3357.8332,3757.9000,3646.1163,3520.5103,3541.5600,3379.1363,3262.6672,3323.9900,3387.8217,3059.1081,2594.7800,2670.7687,2843.0201,2857.0400,2873.0367,2809.6454,2720.0400,2772.5866,2803.3970,2738.1000,2663.9999,2615.7655,2608.0200,2639.8842,2671.5708,2727.2600,2846.2920,2844.3263,2713.3100,2652.7096,2752.3475,2897.9700,2881.3606,2810.9036,2785.8200,2784.3063,2673.2959,2564.2800,2656.7611,2452.6987,2094.4100,2252.1161,2459.1004,2463.8400,2479.0932,2538.6381,2570.2700,2494.8389,2422.1715,2376.9600,2311.0870,2405.3407,2630.2800
2025/11/8,2716.9924,2529.5738,2314.7400,2454.9252,2515.6368,2442.3700,2598.0769,2681.6875,2635.0300,2683.3313,2547.1477,2344.0000,2518.0698,2723.3384,2727.6700,2630.8909,2587.7933,2673.4900,2805.0937,2651.6428,2371.3300,2457.7927,2563.1025,2518.6600,2517.8779,2615.0535,2732.0900,2735.4338,2644.3690,2553.8200,2556.6951,2595.5056,2649.5900,2741.1868,2770.9488,2747.5900,2771.5893,2757.8583,2675.5600,2630.7962,2850.5401,3177.0800,3202.1182,3159.6682,3210.7800,3289.8490,3372.8918,3355.3600,3146.5317,3067.4188,3135.3100,3126.4525,3451.8748,3962.4500,4020.4209,3912.3620,3834.7300,3718.6006,3736.6554,3819.1600,3729.5661,3768.7299,3895.6900,3762.3487,3691.6019,3756.0800,3712.5848,3735.6323,3833.4000,3788.2282,3588.8899,3463.2400,3658.8995,3781.3292,3650.2400,3493.7267,3641.3315,3879.1700,3677.5758,3483.5784,3567.7100,3745.3322,3734.6793,3599.5400,3629.3986,3572.5538,3415.9600,3403.2208,3309.7295,3177.6200,3310.7611,3512.7281,3561.3200,3409.8682,3290.3686,3293.5000,3334.8341,3460.3972,3557.8600,3395.2762,3039.2881,2723.3000,2671.2559,2715.2950,2725.0300,2699.8683,2616.5761,2531.9700,2547.2215,2593.7853,2598.4400,2575.0343,2714.8306,2888.4700,2769.9583,2689.2607,2787.2500,2851.3745,2698.5634,2494.3700,2578.4817,2655.2778,2664.2300,2817.8745,2845.7353,2698.8000,2635.2629,2748.5068,2920.9200,2903.6619,2601.1127,2280.9300,2345.9721,2461.5450,2428.9200,2366.7586,2362.1861,2366.2500,2291.3954,2373.3310,2455.3000,2233.7540,2647.5585,3381.1900
2025/11/9,3167.8570,3149.7413,3569.0700,3497.8716,3380.2951,3453.7800,3479.0277,3564.2615,3654.3500,3539.3248,3410.4626,3442.8500,3616.1405,3624.5726,3525.4300,3642.0475,3649.9742,3521.2500,3573.1492,3659.1323,3694.3200,3738.5108,3706.1654,3627.2600,3633.7193,3653.6599,3649.7100,3641.0271,3536.9331,3506.4600,3791.0412,3800.8318,3454.3600,3366.9996,4019.9316,4848.7100,4780.7079,4680.4471,4842.5600,4733.1353,4739.2221,4904.9300,4860.6024,4895.9509,4900.7300,4595.9424,5227.1009,6484.5900,6705.5219,6552.7667,6580.2000,6631.7039,6566.9098,6452.7900,6489.0108,6623.4393,6733.1800,6708.1378,6523.0191,6422.8400,6681.9283,6725.2641,6436.0500,6274.0320,6305.2207,6336.8700,6175.7844,6213.7986,6425.0100,6369.7529,6209.8812,6124.4300,6126.5822,6128.0606,6114.2700,6134.8478,6112.9089,6089.2300,6190.5956,6288.4228,6235.4800,6026.3202,6016.5556,6226.1200,6317.7982,6234.6457,6157.1800,6286.1561,6273.3316,6107.6100,6141.3436,6278.8904,6374.4200,6359.7936,6215.2635,6064.3000,6089.2699,6182.3744,6199.9200,6104.7516,6120.1556,6230.9100,6204.2855,6148.6381,6222.5900,6318.1317,5488.7922,4278.6800,4256.9032,4353.6146,4188.7600,4419.4458,4419.6797,4162.7100,4283.2285,4348.2067,4255.0800,4359.3895,4432.1751,4404.5600,4439.6108,4387.1789,4255.4900,4247.0575,4378.0219,4545.8100,4584.2725,4369.3631,4208.7700,4460.8033,4073.9332,3219.6400,3175.5482,3352.4224,3334.9600,3324.6367,3353.9806,3314.7800,3112.8325,3058.8396,3196.6400,3285.0283,3408.6248,3501.7100
2025/11/10,3397.8294,3448.7678,3632.7100,3563.0563,3410.1940,3332.7400,3353.6463,3563.9386,3719.2600,3467.5091,3408.3187,3614.7400,3562.4764,3406.9533,3379.2700,3534.1876,3639.6652,3569.3200,3420.5620,3462.8453,3592.5400,3487.3949,3579.0960,3850.5400,3820.6216,3709.6005,3694.3000,3722.7834,3732.4522,3684.5500,3588.7126,3546.5396,3557.2700,3615.6717,4161.3546,4890.6000,4960.1120,4777.0153,4730.8700,4826.8803,4896.6931,4858.9000,4770.4647,4729.6122,4711.2100,4733.7771,5465.4245,6506.5000,6686.8006,6648.2681,6768.8500,6763.5201,6622.2736,6517.8500,6616.9087,6650.7486,6531.8700,6433.9608,6409.2858,6445.8800,6498.8595,6518.3070,6543.2100,6644.9350,6672.8143,6596.1700,6532.7095,6488.7754,6464.4200,6453.3750,6338.3216,6160.3700,6087.8110,6054.2498,5987.0100,5924.8537,6114.3017,6392.7200,6331.0544,6257.7921,6268.9900,6152.1457,6151.5090,6254.4000,6200.5986,6227.9968,6362.7800,6368.2327,6312.2625,6223.7200,6069.8203,6035.4972,6098.5600,6066.9581,6109.5929,6237.0800,6266.8618,6246.0561,6207.3400,6128.7247,6068.4921,6115.9600,6268.3634,6146.3777,6012.6800,6343.3089,5630.1324,4304.1200,4381.8244,4525.1538,4258.6300,4454.7922,4503.7932,4271.5600,4302.4256,4402.3125,4397.0800,4343.0334,4356.0936,4428.7600,4443.1594,4383.4483,4252.3800,4119.8632,4327.6346,4593.5900,4293.1780,4163.3239,4463.2300,4635.9352,4195.3193,3426.2100,3120.3338,3126.3415,3185.2000,3216.4984,3300.8608,3366.4800,3262.6254,3272.1856,3436.9300,3495.5375,3389.0295,3299.5500
2025/11/11,3457.6302,3554.3115,3454.3300,3332.7807,3354.7244,3474.6700,3496.8367,3444.8758,3446.6600,3595.9219,3670.2960,3570.8800,3424.1460,3434.7790,3568.5400,3608.3233,3623.2473,3590.8600,3421.2486,3404.0522,3598.5300,3756.1275,3713.7285,3522.6600,3395.0844,3423.4775,3553.0100,3632.8979,3596.2571,3546.6300,3662.0976,3824.4878,3801.9200,3567.7396,4006.6199,4829.0900,4846.0056,4832.5872,5012.3100,4826.9670,4791.9972,4960.9300,4873.6328,4948.1567,5034.6400,4676.2109,5274.8968,6533.3800,6666.9218,6579.9797,6681.6900,6464.7744,6484.1245,6705.0900,6522.0976,6484.2527,6657.5700,6528.9500,6381.8193,6429.3000,6559.9297,6495.0537,6350.8000,6484.5849,6507.8805,6364.3000,6400.0515,6483.5671,6481.1900,6384.2716,6195.3202,5999.0100,5934.3618,6026.4684,6080.0900,5893.3814,5970.3715,6275.7600,6266.0510,6222.1272,6310.6300,6378.9554,6318.5494,6220.5200,6260.8790,6229.0465,6133.4400,6193.8304,6214.1643,6106.5200,6010.4534,6099.8012,6251.7600,6188.1136,6201.0026,6288.0500,6158.0073,6110.0397,6235.4800,6288.5291,6129.3857,5954.1100,6088.2455,6173.8218,6137.3800,6133.7471,5452.3771,4446.0600,4292.3668,4361.7449,4301.1200,4358.3913,4241.4094,4096.4500,4372.8743,4442.7298,4237.8300,4320.7675,4447.5538,4441.9700,4394.0372,4342.4699,4267.2700,4153.0829,4164.7848,4293.4200,4357.5675,4366.5985,4453.1800,4608.6220,4030.1025,3172.4100,3351.3531,3550.7415,3331.8000,3256.3457,3197.5715,3178.2200,3418.6390,3601.5549,3510.2900,3264.4705,3342.2002,3580.0400
2025/11/12,3381.7557,3301.3094,3442.4400,3347.3428,3281.1430,3379.2900,3476.6586,3484.9209,3444.9500,3460.0697,3462.7220,3462.5200,3534.6513,3541.7806,3506.5600,3580.8224,3587.7027,3547.2400,3637.0281,3561.3758,3409.0300,3582.3310,3730.4890,3670.7500,3580.4636,3620.6528,3734.1900,3729.0359,3706.1623,3666.6700,3544.6096,3677.4137,3819.4900,3465.0149,3741.3340,4619.6600,4905.9511,5003.8474,5070.6400,4824.3125,4838.6377,5017.8300,4729.5657,4710.4366,4954.8400,4806.4209,5313.9615,6401.5000,6793.4453,6664.8540,6501.3300,6584.3917,6666.5040,6599.0100,6464.7931,6350.1526,6311.8900,6364.6095,6465.3079,6554.5900,6575.4206,6496.6491,6458.8400,6640.3825,6721.3487,6511.5800,6166.6397,6171.7978,6442.9700,6413.9947,6186.1754,6032.8400,6103.8289,6079.0842,5888.7500,5803.1275,5972.1964,6276.8900,6414.2418,6294.6104,6094.0100,6102.5710,6228.8085,6303.8200,6233.7006,6140.9853,6147.7700,6260.9745,6256.0086,6121.4900,6060.7793,6056.3209,6079.3600,6122.3531,6083.2938,6034.0300,6129.2050,6081.4455,5917.1800,5979.1297,6168.9517,6266.2700,6145.7413,6080.1391,6206.6300,6277.0834,5502.0315,4301.4000,3996.9382,4166.9000,4343.4700,4443.7719,4320.5026,4124.9500,4194.9390,4344.6041,4406.9500,4392.3846,4403.0320,4455.4500,4467.4078,4393.8163,4315.0000,4335.4049,4216.3701,4092.2700,4322.5506,4362.9764,4264.8900,4518.7818,4133.3386,3280.6900,3212.8722,3358.9317,3341.5900,3365.6764,3309.9532,3214.9900,3276.7382,3317.9855,3245.0300,3168.2575,3281.3076,3458.3100
2025/11/13,3397.4385,3424.8099,3535.0800,3400.5232,3354.7724,3497.8400,3578.4101,3557.0760,3446.1200,3310.2527,3426.9987,3676.1400,3651.3428,3592.4894,3602.0200,3559.8388,3655.3211,3790.0900,3656.6074,3566.4487,3578.6900,3472.9114,3536.5577,3745.8800,3744.3254,3614.4892,3545.5400,3641.4517,3708.0805,3712.3300,3769.0731,3657.3281,3393.1300,3344.1417,3952.5715,4818.1100,5012.0632,4905.5451,4816.2800,4742.6769,4931.2566,5110.3800,4762.0979,4673.0585,4871.3700,4751.3028,5451.8339,6640.2600,6683.8734,6394.4096,6421.1200,6606.4350,6747.6715,6716.9900,6518.4750,6366.5917,6351.0100,6392.9656,6446.0581,6472.6000,6450.8284,6426.4955,6429.0500,6451.0123,6471.7796,6508.8500,6579.1048,6542.5700,6439.8100,6421.6492,6217.9521,5878.9000,5788.0980,5943.6417,6076.5000,5945.9135,6054.7511,6328.2000,6202.3100,6185.3617,6314.2800,6117.6019,6055.0107,6221.9900,6230.4388,6174.6134,6182.2800,6257.3897,6290.7432,6309.4600,6409.0092,6323.1627,6130.5400,6180.4207,6174.4926,6058.1900,6085.0608,6109.1280,6103.2400,6193.9720,6238.1857,6210.4100,6224.9271,6214.3084,6279.1300,6435.9314,5584.8722,4204.1800,3998.2732,4177.0965,4191.2800,4297.2967,4436.4524,4470.9400,4345.4209,4286.4281,4354.2700,4404.8344,4422.5794,4424.3500,4427.3797,4455.8026,4442.7200,4299.2778,4213.0674,4285.5600,4421.0045,4379.3207,4331.0200,4559.5956,4090.2113,3211.2100,3239.6476,3325.5620,3168.6600,3324.2190,3364.8166,3293.9400,3531.0885,3447.2627,3111.3000,3196.1021,2968.7627,2427.5900
2025/11/14,2387.8250,2569.8571,2649.7400,2589.6885,2525.5410,2509.7300,2499.0750,2557.1657,2607.0000,2522.6240,2632.6567,2830.3900,2680.4791,2611.4168,2707.0400,2627.1849,2590.2833,2685.9700,2744.7880,2666.7308,2534.2800,2534.8879,2624.2891,2626.3100,2436.9167,2500.3027,2736.0000,2625.6196,2531.3118,2637.1700,2752.8931,2812.8106,2794.2300,2717.3133,2732.4439,2755.3500,2589.3671,2630.7757,2835.5600,2769.1372,2781.4779,2991.7700,3145.4294,3225.0155,3244.0800,3193.1864,3104.2381,3044.0900,3072.6252,3126.9673,3161.9400,3228.8257,3549.2122,3911.1900,3858.9372,3838.0272,3953.3300,3860.9284,3701.3218,3616.1900,3625.4008,3757.1829,3833.9500,3638.3240,3605.4534,3756.4300,3692.9376,3642.2529,3659.2800,3568.8135,3599.2520,3707.9500,3606.5684,3516.8765,3573.3000,3666.1493,3596.6015,3403.7300,3341.2614,3481.8946,3655.7600,3629.7586,3677.0672,3773.6100,3612.5537,3448.8286,3431.2500,3466.1973,3496.7527,3512.0600,3519.0102,3465.8585,3442.2100,3576.5916,3546.3482,3338.9300,3288.1328,3410.8097,3552.3600,3491.8623,3109.4234,2677.6800,2642.8186,2694.0164,2646.4500,2615.4223,2638.3095,2699.4100,2748.9919,2727.3954,2705.7000,2807.6635,2844.2463,2729.9900,2588.0291,2629.1089,2770.0000,2732.6713,2705.6097,2776.0500,2816.2669,2733.5491,2663.2500,2798.6024,2725.9480,2539.7200,2750.6256,2908.9295,2846.4900,2806.8467,2583.6246,2290.8500,2294.1840,2233.3534,2069.1100,2135.9938,2244.1377,2289.0200,2350.1195,2361.0581,2358.2500,2460.5890,2553.2869,2534.0700
2025/11/15,2422.0646,2420.5544,2517.1100,2516.8892,2531.2965,2570.8700,2532.3563,2568.7917,2677.9700,2680.6473,2578.0038,2495.8300,2552.6229,2542.4112,2472.9500,2559.7545,2672.0219,2712.1000,2711.6393,2725.1951,2757.4400,2762.2480,2712.6536,2708.1400,2850.4759,2790.3034,2609.7700,2725.9314,2737.8841,2600.2100,2683.6050,2770.8276,2752.8000,2748.7253,2744.9571,2680.3500,2549.5693,2599.1301,2750.6400,2706.4819,2824.1306,3174.3600,3412.4684,3363.2280,3181.4100,3189.9964,3260.3929,3287.1300,3293.5840,3260.7098,3127.5700,2945.5030,3293.4737,3961.0900,4103.9797,4013.5398,3941.4500,3856.2927,3917.5340,4065.9100,4048.2423,3914.9637,3768.0100,3667.9765,3617.8165,3566.4900,3480.9991,3546.0208,3681.9200,3618.7755,3588.3202,3635.5500,3581.2150,3599.8121,3687.0000,3667.4137,3747.9746,3856.6600,3699.2833,3587.0857,3625.5300,3622.0416,3630.8108,3630.1700,3528.8679,3511.3423,3558.2300,3486.2725,3536.4851,3666.3400,3570.6827,3453.0274,3390.7000,3295.6942,3425.4660,3583.1300,3297.5060,3146.5399,3342.9300,3460.0843,3080.4965,2529.2800,2565.6359,2768.0302,2786.1700,2670.4428,2572.7388,2591.5700,2710.1784,2756.3432,2680.5600,2602.1841,2662.2608,2761.9600,2680.8556,2671.5116,2771.8100,2763.0921,2738.3616,2767.6600,2818.9820,2869.6642,2883.8000,2821.6764,2699.8562,2653.5600,2790.8357,2722.2017,2587.5100,2859.4661,2769.5366,2296.4400,2219.3020,2274.5795,2261.4900,2297.1113,2424.3279,2547.2600,2525.0765,2492.2642,2402.9600,2172.6978,2516.5671,3263.2000
2025/11/16,3463.6701,3401.7030,3373.8700,3390.6381,3536.1139,3664.0100,3507.4879,3316.4462,3250.2100,3284.0152,3529.2143,3732.1900,3484.5085,3339.4118,3530.0100,3723.3071,3603.0912,3349.4900,3449.8354,3680.2481,3718.1700,3478.3602,3459.3775,3676.5500,3671.7398,3599.4378,3625.9700,3716.9580,3644.7356,3513.1600,3661.7374,3861.9183,3789.3600,3462.2446,3989.9695,4993.8800,4948.6765,4740.5859,4897.4700,5016.4444,4905.1286,4687.7300,4668.6348,4849.9201,4921.3900,4700.8876,5369.0329,6515.2600,6508.6585,6506.9086,6842.8700,6661.9289,6504.2221,6632.5800,6731.1444,6741.0182,6672.4700,6567.4992,6591.7050,6671.2800,6548.0295,6310.0252,6191.6600,6372.0233,6587.5463,6592.7600,6406.1521,6548.0790,6834.8300,6555.3286,6180.0346,5995.8800,5876.3074,5974.5320,6102.3900,5895.4338,5918.6071,6240.9800,6345.1349,6297.2573,6280.0500,6377.7896,6434.7104,6324.5400,6095.8560,6115.6044,6268.3000,6099.5773,6021.9359,6174.9600,6261.0002,6220.8401,6155.3600,6197.2312,6232.5044,6229.6000,6260.8849,6241.0298,6198.2200,6270.9552,6416.1974,6437.7300,6180.9881,6063.5289,6217.8600,6276.2524,5630.4357,4604.5600,4198.6113,4176.6883,4258.9100,4395.9658,4370.5476,4218.5800,4192.2452,4221.5534,4285.8100,4429.2388,4435.8311,4308.7100,4276.1654,4326.2893,4423.6300,4532.6735,4471.0406,4291.4200,4250.7838,4334.1408,4450.6500,4441.4332,3928.6456,3246.7600,3189.7425,3338.7470,3355.4100,3309.2679,3325.9519,3380.4600,3351.1730,3361.2592,3366.3000,3241.0203,3422.5977,3665.3900
2025/11/17,3292.4654,3157.2223,3404.1000,3360.8083,3460.9963,3753.1500,3756.2304,3564.0187,3374.6900,3337.7163,3577.8731,3833.3200,3658.0726,3382.2783,3281.4900,3358.5795,3535.4420,3682.2000,3682.8133,3612.8803,3575.0000,3613.6511,3630.4482,3593.3000,3553.8243,3497.5365,3532.5400,3762.3299,3741.1050,3568.2100,3767.5470,3848.9585,3601.7200,3411.5893,3847.6208,4591.2100,4731.4359,4680.0489,4774.7600,4907.2973,4858.1312,4681.9000,4653.1109,4734.2378,4765.1000,4751.1498,5467.4500,6552.6400,6765.9265,6640.6219,6592.8800,6519.7352,6531.9118,6549.6000,6392.8813,6455.2310,6655.4500,6529.2540,6532.9753,6674.3200,6485.9247,6325.8651,6386.3900,6476.6326,6404.4851,6262.4000,6314.0676,6394.8284,6445.8200,6525.9653,6326.0194,6001.1600,6038.4692,6039.2449,5876.5900,5872.3442,6131.6861,6380.6900,6244.4292,6195.7307,6330.3100,6268.0099,6095.7243,6030.5000,6190.9302,6285.8516,6184.7700,6030.8312,6001.8721,6119.2900,6247.7282,6276.3179,6161.8200,5970.6291,5953.6099,6062.0700,6017.7433,5996.4049,6115.1300,6292.2979,6362.1195,6290.1300,6173.0606,6038.3653,6068.9500,6295.1979,5524.1158,4175.3500,3974.3856,4219.4456,4285.7300,4256.6246,4227.7734,4269.6100,4388.0845,4422.0237,4366.5300,4361.1796,4335.4378,4239.5400,4130.1956,4177.9203,4348.7100,4422.8666,4368.7443,4255.6400,4190.1891,4222.0209,4366.7000,4506.3750,4106.2154,3430.3500,3326.2612,3382.5015,3309.4700,3239.0851,3205.2722,3256.5900,3412.6035,3416.4850,3299.8000,3314.9347,3191.1504,3102.9600
2025/11/18,3495.3361,3617.4711,3374.3200,3409.3186,3490.3170,3492.7600,3569.3486,3636.1701,3604.9500,3485.7401,3440.1826,3491.2100,3504.1997,3425.6439,3394.4400,3583.4616,3640.1067,3519.6500,3532.3971,3642.8798,3691.6900,3562.1212,3434.5696,3466.2700,3642.2099,3668.4555,3612.0400,3776.1269,3721.0108,3524.1000,3697.4229,3692.8876,3408.6800,3409.2859,4017.4445,4791.0600,4905.4054,4774.5234,4750.1700,4788.4003,4786.6592,4760.7200,4816.6368,4901.5859,4813.1500,4560.0136,5342.3413,6685.5400,6822.0939,6662.0439,6759.2900,6735.6315,6667.2697,6617.3200,6540.6298,6506.7163,6500.6800,6423.5430,6303.7742,6324.6700,6627.2135,6721.5936,6534.2300,6462.5753,6488.4230,6512.3800,6467.6632,6311.3914,6226.1400,6412.5443,6298.5384,5895.9000,5810.7038,5912.2224,5962.1800,5898.2727,6003.1706,6234.2900,6258.5194,6215.0762,6188.2700,6134.1694,6197.1445,6371.7500,6456.9315,6282.4256,6094.2500,6304.8697,6395.3882,6256.7000,6277.8287,6263.6121,6131.5300,6040.1490,6048.8276,6181.0500,6387.7306,6379.5503,6204.0600,6185.9714,6181.4615,6156.7500,6214.8151,6101.5454,5972.0000,6120.7232,5470.9101,4295.9800,4054.1629,4176.2606,4195.3500,4234.0365,4265.5706,4303.5900,4396.2603,4399.9195,4316.7100,4287.1888,4235.3880,4224.3500,4383.2042,4347.8764,4165.1200,4262.7305,4453.8265,4534.1600,4474.8942,4379.1104,4359.9200,4382.5023,3943.1135,3268.6000,3166.8804,3384.2307,3492.5800,3331.7532,3379.1072,3530.0400,3224.3118,3015.7436,3191.0100,3457.4811,3443.1781,3278.4500
2025/11/19,3398.5794,3419.2490,3313.9600,3461.0976,3596.6960,3555.4200,3451.1257,3445.4492,3546.8800,3622.6679,3626.5794,3598.9800,3612.7463,3620.0747,3588.4300,3535.2660,3494.6766,3532.0200,3690.4678,3816.6769,3768.8400,3572.0600,3645.1793,3821.5800,3556.9974,3492.1043,3720.9900,3692.7034,3662.1080,3746.2300,3749.6310,3625.1958,3449.5300,3462.2497,4173.2014,5008.3100,4814.1378,4665.7852,4927.5500,4923.4189,4919.0312,4987.4900,4891.6154,4898.2432,4883.2400,4594.9285,5270.4845,6516.3500,6600.2438,6424.9180,6554.7100,6616.9507,6568.5738,6474.7500,6431.0757,6578.9130,6675.1200,6360.0326,6349.5451,6688.9200,6700.6715,6580.5131,6495.8800,6402.9670,6431.2942,6540.1200,6538.7302,6498.5835,6477.0800,6429.2379,6237.2810,5966.6000,5844.2362,5932.3217,6029.9300,5887.5395,5919.7620,6254.6900,6567.3175,6555.9230,6289.3400,6121.1154,6103.7511,6188.7100,6299.7093,6339.7958,6275.6100,6165.0087,6149.0243,6215.7200,6206.1554,6073.7100,5990.4700,6164.7744,6214.7944,6057.7800,6007.5126,6158.2342,6296.7100,6122.1027,5960.1460,5985.1500,6058.4627,6044.7840,6087.2300,6290.1256,5583.4136,4361.9700,4192.2136,4319.0566,4263.3100,4304.5980,4270.0658,4200.8500,4326.2973,4305.1426,4183.9900,4348.7474,4426.6693,4327.6800,4344.9015,4395.8862,4400.4300,4404.9390,4543.7934,4678.7000,4512.7097,4284.4053,4277.2200,4455.6438,3940.1198,3067.3900,3110.8246,3412.9054,3449.8400,3357.9971,3373.5390,3469.3700,3421.5916,3338.8461,3295.7300,3283.0351,3424.1012,3573.7000
2025/11/20,3451.4104,3424.8246,3496.3200,3330.4051,3337.8605,3565.7400,3607.7195,3473.5808,3399.7200,3573.7832,3552.0117,3402.6100,3593.7103,3549.3204,3347.4200,3643.9747,3755.3874,3517.6500,3477.2986,3569.0324,3666.2400,3737.3691,3730.4124,3676.1100,3655.9062,3605.9849,3602.9900,3779.8398,3801.4385,3620.9400,3540.5839,3622.7293,3697.0300,3620.6943,3993.0919,4666.0000,4825.4000,4724.9403,4688.9500,4778.2669,4833.0878,4806.4500,4798.4437,4827.6488,4735.7300,4519.8885,5335.4870,6744.3800,7006.8880,6694.9893,6497.0200,6545.7425,6682.3445,6717.8900,6576.9159,6478.6250,6502.9300,6540.0117,6570.0812,6570.3800,6519.0139,6503.9940,6531.8100,6527.2033,6521.8070,6499.4300,6406.6409,6338.9379,6313.8600,6246.6025,6108.7510,5925.2800,5787.1845,5881.7610,6062.4100,5995.8234,6014.0603,6209.7200,6325.1908,6340.7142,6295.3600,6231.1533,6219.9551,6283.4500,6358.8823,6289.8743,6201.5200,6343.6045,6277.1018,6056.2300,6177.8819,6257.2265,6198.9800,6272.1426,6157.7061,5933.8200,6043.6614,6200.5673,6143.8700,5948.4990,6135.3278,6459.4800,6174.1680,5990.5202,6221.2900,6331.0174,5542.1147,4409.4300,4303.8665,4367.5477,4192.0200,4239.8175,4376.0419,4440.4000,4418.1634,4337.6079,4270.7000,4277.0811,4238.3076,4193.9300,4294.0274,4331.3230,4282.3300,4337.2082,4440.9642,4512.8500,4527.1329,4522.8415,4530.5800,4469.4412,3942.4569,3229.6600,3091.2338,3200.0412,3291.9500,3379.9637,3235.1250,3065.9300,3326.2724,3476.8699,3454.7300,3621.7541,3178.3345,2375.5800
2025/11/21,2367.6198,2552.6769,2523.0800,2492.6029,2560.7905,2600.8400,2427.9115,2372.4288,2548.2800,2731.2016,2744.9756,2676.4500,2739.5433,2686.4494,2582.0300,2758.1445,2903.3704,2813.5100,2624.0572,2714.1599,2975.0800,2939.0975,2868.7091,2826.7100,2607.2405,2472.9160,2582.0600,2804.1429,2777.8650,2585.6700,2643.6164,2720.5526,2740.1300,2855.0703,2859.2530,2754.2400,2752.9843,2719.7938,2645.0600,2695.0290,2871.4174,3092.8100,3257.3034,3340.3424,3355.8100,3316.2702,3164.4992,3056.5400,3219.4060,3258.9649,3047.5000,2928.9986,3396.6284,4050.8300,3973.1676,3836.9352,3945.3700,3929.9427,3844.0188,3771.5300,3718.3758,3709.6957,3720.2100,3682.3878,3588.4143,3540.0300,3646.3507,3682.5009,3624.5300,3648.4187,3599.7960,3505.8000,3572.4697,3658.6578,3673.2600,3658.5232,3632.4573,3638.8500,3693.0513,3578.9791,3382.0000,3426.2521,3557.6439,3620.8500,3577.9025,3383.2735,3263.7500,3511.5622,3604.0216,3391.8900,3259.3522,3387.3100,3532.2200,3328.2029,3351.9665,3576.7800,3389.8555,3189.9074,3256.6200,3402.5972,3131.3155,2658.2300,2682.9071,2728.0398,2626.9900,2706.9817,2821.7922,2817.5300,2694.6871,2596.3754,2582.2600,2599.5847,2618.7510,2653.6300,2711.2959,2638.9993,2537.2900,2661.1722,2725.1654,2676.6600,2731.9456,2709.4156,2582.9300,2543.6068,2615.1969,2769.5800,2935.4553,2913.2465,2828.8200,2948.5404,2709.9399,2224.5500,2212.3110,2307.0806,2335.1700,2481.7497,2489.4790,2368.6500,2393.7025,2377.2346,2363.2100,2557.5343,2447.9233,2207.7900
2025/11/22,2513.7416,2622.9260,2433.0200,2574.1083,2612.0499,2425.2800,2390.9115,2517.3199,2606.2900,2472.9128,2403.3937,2488.5500,2566.0192,2705.6520,2754.9100,2495.6255,2545.9329,2899.7000,2910.5734,2715.9468,2630.7500,2807.3877,2877.5209,2774.8400,2765.9359,2731.9626,2694.3500,2803.4731,2778.9022,2660.7800,2772.5615,2858.1525,2759.9800,2611.5277,2698.0060,2886.5200,2778.3064,2705.5468,2759.8600,2744.6202,2996.0763,3368.1000,3303.9034,3079.4793,3054.1800,3309.4645,3368.3025,3217.7900,3281.4846,3331.2960,3236.0500,3175.2769,3479.4038,3919.1000,3916.0597,3853.3295,3883.8700,3789.2923,3760.2906,3791.3500,3677.9809,3624.6368,3712.9100,3805.8404,3811.0619,3765.1200,3773.4208,3761.3704,3734.8000,3765.0470,3690.9928,3571.4600,3633.0073,3666.5053,3604.6800,3588.2516,3577.5429,3553.5900,3537.3442,3443.1639,3343.5400,3425.8358,3594.5497,3676.5600,3573.2940,3492.5890,3463.0300,3346.6284,3350.1915,3484.1400,3516.1851,3392.6044,3285.2000,3403.5432,3418.2499,3339.9600,3495.9418,3589.7252,3541.5400,3523.9807,3229.8546,2733.9600,2510.2155,2597.6493,2761.5000,2724.3572,2666.9712,2675.6000,2653.7241,2618.2983,2649.7200,2789.1977,2801.6114,2643.1500,2524.6728,2620.6557,2819.2400,2825.6949,2713.2872,2695.6100,2889.6810,2870.1483,2648.4100,2666.9289,2803.8428,2853.0500,2739.3845,2653.3958,2726.6700,2885.6503,2755.6017,2356.5300,2126.5420,2281.4671,2520.9200,2351.8951,2304.7755,2531.3000,2632.0661,2560.8866,2362.1600,2187.5196,2595.5343,3314.1700
2025/11/23,3454.4430,3375.4390,3447.1000,3654.0646,3697.9927,3499.9900,3288.5272,3353.1345,3510.3300,3337.9555,3366.2497,3609.0600,3535.6797,3458.8041,3508.4200,3502.0811,3599.8222,3700.9100,3541.2208,3577.8362,3804.6900,3729.3049,3501.0262,3396.9300,3555.7244,3729.5673,3746.6400,3661.0753,3724.1576,3830.5700,3663.3213,3646.9690,3764.7700,3660.8691,4091.8499,4833.9600,4832.9088,4738.2251,4830.3900,4746.8379,4767.7097,4870.9800,4755.8590,4858.6127,5012.9200,4734.3931,5344.9842,6589.9800,6778.5543,6587.8428,6503.9500,6340.6204,6418.5257,6619.4000,6471.2856,6366.5078,6486.8300,6610.7178,6639.0381,6594.6000,6556.6198,6487.7695,6415.4200,6425.2757,6457.8867,6431.4600,6333.2472,6355.0927,6475.1300,6456.9280,6270.0628,6063.3600,6016.9946,5947.4633,5812.8400,5797.3391,6036.7523,6253.8400,6053.2905,6118.2986,6436.2800,6310.0517,6159.0846,6144.7400,6014.9576,6037.7780,6209.3800,6224.9381,6200.3727,6205.0600,6174.7149,6132.9908,6075.5600,5995.4801,6069.6020,6237.4000,6234.3964,6116.8915,6047.5400,6138.7349,6218.1642,6235.5100,6270.2518,6164.7061,6094.3200,6278.3060,5611.0602,4433.0100,4293.7532,4483.9687,4408.0400,4215.9372,4229.5833,4388.8900,4345.8304,4263.0445,4278.5200,4338.9445,4267.0977,4167.6000,4294.0719,4278.2081,4194.5400,4466.5672,4542.1712,4425.4000,4634.2386,4557.7661,4251.2500,4338.1385,3945.9902,3194.3500,3174.5779,3381.2317,3391.6600,3291.6607,3209.6728,3218.2600,3298.3403,3316.0008,3279.0200,3322.0572,3410.0398,3501.2200
2025/11/24,3579.4616,3583.0196,3493.7800,3383.2064,3445.6610,3595.6700,3564.6516,3575.7449,3622.2500,3477.5761,3441.9891,3535.5300,3468.8870,3373.1685,3362.2000,3416.7042,3494.2692,3580.9800,3677.7316,3716.0082,3675.3800,3611.4563,3614.3171,3634.4400,3544.2488,3488.9171,3569.1800,3732.5125,3778.8459,3666.0000,3569.1845,3733.2631,3830.8200,3418.1678,3849.6951,4954.1700,5113.0380,4824.5673,4676.8300,4733.9521,4815.4282,4831.2700,4837.0968,4876.6671,4810.2400,4613.0767,5357.7994,6611.2100,6750.7663,6494.6496,6474.0500,6599.4231,6671.3085,6606.8000,6468.9341,6358.8921,6388.1100,6590.0022,6689.7521,6625.0200,6583.5378,6593.4392,6602.2100,6536.7774,6397.3558,6322.5100,6447.6967,6438.5477,6321.2800,6406.1166,6251.7535,5903.3300,5898.9531,6035.6590,6041.2700,5899.8458,6091.2443,6420.1100,6242.1048,6261.9949,6479.7700,6188.8772,6026.3966,6215.2900,6309.8844,6239.5000,6109.1200,6060.8498,6089.7405,6122.4300,6093.8373,6090.5382,6127.3400,6139.2462,6177.7469,6224.9200,6186.5969,6067.3966,6006.9800,6137.0216,6138.0894,5982.5600,5956.0310,5983.8859,6125.4400,6355.1972,5483.9611,4061.2000,3960.3801,4265.3678,4314.2500,4362.1028,4435.3049,4473.1100,4403.4089,4196.7501,4087.4600,4359.5413,4510.2772,4433.1800,4480.7917,4471.4065,4364.9900,4362.1577,4491.0917,4553.7100,4333.0658,4237.0334,4377.5900,4414.6126,4037.6218,3442.7200,3166.4965,3134.6763,3203.9100,3314.8398,3393.5344,3492.1800,3682.6396,3616.5182,3384.7300,3437.9160,3496.3276,3408.8800
2025/11/25,3335.9676,3403.6640,3471.1200,3297.9421,3245.3894,3382.1700,3423.5046,3448.3111,3508.1500,3543.2381,3540.7508,3492.1100,3429.8291,3568.6322,3769.7800,3670.4567,3590.9586,3639.2400,3613.3753,3615.7729,3688.9000,3748.1290,3763.4903,3763.5800,3780.7766,3699.8510,3611.6600,3731.6758,3811.2047,3738.3500,3646.6499,3622.6697,3586.9900,3474.0826,3842.3061,4556.5300,4850.0253,4831.0286,4764.4300,4784.2029,4791.6700,4750.1800,4724.9762,4710.9558,4677.0800,4736.7507,5551.1817,6596.7900,6592.5720,6466.8452,6615.8000,6535.1399,6497.2091,6586.0900,6550.9290,6385.8678,6304.1300,6505.9262,6550.1482,6396.0900,6423.1235,6451.2957,6383.0100,6331.0462,6335.3214,6394.6800,6477.8686,6516.6588,6479.9000,6385.7999,6264.3029,6118.1100,5951.7450,5889.9420,5956.6700,6068.1638,6227.9581,6318.6600,6226.5304,6395.0529,6631.3100,6322.5116,6238.4929,6432.9500,6203.4579,6073.4101,6178.0900,6095.6418,5994.1939,6043.1900,6202.7533,6225.5047,6132.5300,6151.3949,6076.8677,5953.2300,6049.0471,6102.4481,6108.3100,6293.5377,6263.2421,5995.0900,5896.3202,5966.0202,6160.6400,6304.5974,5503.0129,4269.1700,4125.8385,4313.3924,4268.4700,4200.7715,4265.9748,4393.2800,4393.5956,4410.2564,4402.9700,4194.7572,4119.8898,4235.7500,4277.6362,4317.2715,4381.3100,4387.0480,4348.0043,4281.2800,4217.6615,4320.9290,4571.8800,4670.6189,4103.2107,3279.3300,3198.8230,3345.9204,3330.7900,3279.5361,3311.9340,3361.6200,3283.6866,3320.5727,3493.9400,3560.3719,3495.4118,3354.5900
2025/11/26,3232.8252,3283.2146,3390.2300,3311.4291,3402.9606,3594.1400,3443.5058,3325.2414,3377.6900,3369.2815,3369.5034,3442.2000,3557.3506,3655.2460,3727.3200,3779.9277,3661.5781,3475.4600,3488.0865,3458.3285,3427.9900,3662.8252,3699.8567,3521.8000,3577.8607,3663.4284,3628.3700,3549.5481,3509.8676,3536.3800,3609.2530,3732.8352,3739.4300,3536.4132,3989.5947,4918.0100,5197.9590,5076.1733,4882.9100,4688.9011,4615.7054,4708.8100,4896.9524,5008.7882,4844.2400,4515.3724,5309.2400,6703.2300,6826.0801,6764.0254,6960.4100,6746.6493,6599.5769,6652.0200,6544.5466,6516.0514,6601.4300,6563.1032,6511.2219,6531.2300,6571.3888,6504.7653,6440.0600,6574.1019,6475.3973,6276.2000,6514.7770,6501.3232,6193.7400,6251.1541,6305.4110,6142.3800,5980.4229,6061.7711,6165.6700,5875.7697,5817.1036,6117.4600,6283.9477,6380.2905,6357.4700,6081.6470,6090.1048,6392.3100,6453.3910,6350.3304,6215.5400,6096.4343,6113.7301,6235.9400,6286.1869,6199.2408,6086.6100,6138.2179,6270.6946,6349.0800,6289.2983,6140.6444,6058.9800,6170.7257,6205.1412,6116.8500,6090.0235,5945.3053,5866.7000,6098.4174,5385.2573,4163.4700,4203.6574,4388.9086,4232.2100,4367.2605,4434.8528,4321.8600,4308.7902,4227.6078,4123.8700,4231.6418,4234.4788,4147.0400,4304.9759,4448.7671,4400.4400,4249.4398,4204.5892,4315.8200,4432.2086,4359.5910,4249.7400,4349.0745,3916.4592,3158.1600,3109.6765,3344.7241,3377.5800,3150.5172,3027.9471,3177.3000,3441.2637,3568.1168,3479.8100,3328.8441,3393.4143,3513.5000
2025/11/27,3300.0173,3285.9949,3519.8000,3499.6155,3395.5074,3355.7100,3345.3158,3386.5423,3491.2000,3614.1234,3599.2043,3479.4500,3453.6739,3517.0025,3595.6300,3607.3602,3506.1722,3419.3500,3535.5218,3640.5396,3604.3800,3511.6947,3549.0422,3691.9400,3720.8992,3582.8065,3462.8500,3614.5697,3795.8859,3809.2300,3682.3824,3647.7782,3656.2500,3560.9952,4090.8446,4891.4400,4820.3357,4754.4047,4923.3900,4702.6645,4678.0453,4901.9900,4811.6026,4754.6990,4792.2500,4739.5359,5460.2231,6624.0400,6877.6699,6609.7561,6364.2100,6327.8520,6445.3650,6628.8200,6781.7654,6691.0169,6478.5300,6507.3587,6646.5302,6636.5600,6369.9141,6323.6302,6501.5200,6460.5192,6432.1291,6471.8300,6383.9430,6362.3559,6436.7300,6398.5616,6159.7891,5919.8300,5974.4967,6003.2643,5890.1000,5863.6204,6072.4736,6343.8300,6324.1765,6126.9531,5977.2200,6023.6322,6146.6295,6247.4600,6292.1224,6166.7597,6014.6300,6116.3517,6203.0903,6167.6900,6165.4682,6193.1502,6202.3000,6157.2292,6082.9061,6039.7500,6089.3527,6212.1336,6258.5600,6100.0139,6104.8821,6211.9000,6003.8068,5848.0301,6047.0300,6380.2766,5683.5655,4364.3800,4082.5484,4308.7643,4405.3800,4284.9168,4213.4196,4266.0000,4279.0872,4233.4153,4193.0300,4233.9379,4303.7998,4333.5300,4321.8794,4458.3430,4586.3500,4357.5493,4208.9523,4281.7000,4302.6298,4325.8311,4454.4700,4586.8751,4011.7475,3161.5100,3222.1193,3265.8960,3075.2200,3330.3187,3338.9700,3121.0100,3399.6620,3479.9834,3302.3900,3437.6673,3033.7041,2286.9200
2025/11/28,2358.9521,2638.7734,2682.5800,2649.2092,2603.1026,2551.0300,2503.2936,2581.0151,2658.3500,2483.6935,2385.1405,2448.7900,2457.2641,2529.8608,2665.3300,2688.2909,2570.8405,2506.1000,2700.9469,2717.0906,2572.5500,2708.7833,2802.0227,2772.1600,2860.3938,2839.9626,2678.6900,2624.2711,2765.8367,2868.9300,2625.8303,2530.9816,2675.9400,2695.1089,2802.2597,2951.6700,2844.4274,2793.0382,2816.3100,2664.5631,2788.6228,3140.8500,3184.7572,3133.3215,3182.0500,3290.4961,3329.4835,3284.5700,3251.5128,3228.0552,3175.1500,3124.4762,3407.7898,3839.1400,3860.8713,3785.9826,3835.2300,3902.5273,3848.5039,3720.0700,3706.9575,3802.0022,3862.8600,3760.5231,3740.8381,3827.7200,3784.9162,3606.5449,3456.3900,3529.0563,3709.3779,3833.6500,3809.1955,3706.2749,3617.6900,3592.7180,3580.6057,3565.3400,3589.4845,3686.3820,3765.3500,3673.7952,3496.4003,3393.4000,3448.6715,3398.0069,3275.7200,3384.1432,3560.6834,3654.8600,3669.1863,3681.2110,3635.4500,3424.6008,3322.6301,3409.4400,3507.8668,3574.5522,3555.7700,3366.2767,2992.8657,2669.1000,2698.9684,2768.4570,2708.4000,2647.2643,2687.3491,2710.1000,2549.6830,2660.4146,2864.3300,2559.7495,2558.5406,2893.8100,2780.7270,2700.1157,2872.5700,2977.3991,2894.4567,2764.0700,2809.7214,2788.0443,2700.2500,2785.2606,2794.3179,2707.5900,2747.0617,2699.5316,2623.8300,2755.9999,2541.3463,2117.8600,2190.0140,2186.8926,2052.4100,2307.4432,2436.2556,2327.2800,2374.5109,2323.6378,2201.7400,2345.0777,2531.2069,2575.0900
2025/11/29,2495.8762,2400.2009,2389.2500,2474.1038,2423.2446,2321.1500,2468.4548,2541.7370,2439.2000,2410.6480,2572.9202,2726.3600,2585.1354,2605.7864,2770.0000,2611.9503,2508.3282,2565.0300,2510.1648,2507.7080,2657.4800,2855.7897,2904.9081,2722.9300,2464.3962,2643.2181,3021.5600,2839.3830,2586.6417,2585.5400,2671.8003,2699.6241,2680.6700,2716.5826,2689.2904,2655.6700,2798.4332,2889.1012,2854.6200,2855.1719,2938.5190,3069.0800,3186.2985,3330.8982,3380.3700,3182.1737,3192.1701,3383.6200,3271.3352,3076.4187,3043.6800,3227.5243,3554.7175,3797.2700,3756.0425,3820.4751,3954.4900,3779.6664,3810.7061,4026.7500,3881.9229,3770.4187,3864.2600,3919.0337,3886.4882,3761.5500,3572.8203,3516.3897,3577.2600,3569.3021,3623.2738,3703.5900,3624.0768,3578.5339,3607.0500,3558.9070,3522.5082,3571.8200,3662.9635,3600.4975,3422.6000,3376.4694,3460.4242,3555.1600,3545.2974,3534.8241,3545.5300,3517.0363,3597.7820,3694.8500,3564.2602,3520.1623,3611.9500,3562.0511,3413.5389,3257.3100,3156.6408,3204.3937,3337.4700,3324.0174,2935.9918,2488.8900,2563.0586,2661.6905,2618.0600,2720.1027,2673.5051,2494.7400,2538.8765,2666.9966,2694.1700,2595.0063,2635.0335,2765.8900,2691.2805,2651.9745,2707.6900,2675.3287,2673.6893,2785.4000,2931.5939,2864.3434,2665.4000,2674.0634,2778.3932,2778.8000,2617.7724,2665.8738,2870.3200,2788.3816,2536.2127,2341.0100,2314.0183,2254.0552,2186.4400,2344.0615,2574.5496,2657.2200,2503.5628,2414.6307,2475.4800,2565.4343,2966.2994,3455.2100
2025/11/30,3451.9161,3362.4307,3410.9900,3431.9008,3437.9387,3447.0600,3447.9943,3486.2097,3548.5200,3567.9727,3554.2017,3499.3200,3406.5734,3460.2134,3584.8100,3511.4687,3410.8728,3386.2400,3382.5847,3433.8669,3573.1500,3772.9897,3868.9820,3767.3400,3555.6793,3603.6722,3776.3300,3600.0278,3519.5679,3689.4200,3798.2635,3778.8992,3683.1600,3665.7798,4060.6037,4708.3500,5036.5038,4978.1570,4808.3400,4881.8573,5036.6896,5038.6700,4801.0237,4579.6317,4500.0600,4600.1400,5385.1489,6503.0600,6931.8970,6869.0028,6667.8700,6509.9437,6519.6911,6662.7000,6769.5521,6722.4546,6556.9800,6420.3258,6350.2887,6344.4900,6380.6295,6404.0362,6400.3000,6394.6547,6380.0902,6388.7000,6451.7636,6419.6087,6394.3700,6571.3464,6368.3566,5918.7300,5950.2506,5945.5736,5740.6400,5739.6361,5922.1032,6171.8500,6390.4699,6481.2150,6390.4600,6186.4460,6229.5404,6412.9300,6298.3745,6255.2661,6277.8600,6023.0369,6089.3742,6391.1900,6229.4596,6125.6572,6222.9600,6141.4610,6164.3539,6316.9100,6292.9812,6181.6376,6075.7100,6002.3831,6111.3618,6264.8900,6143.9297,5977.1567,6044.8100,6267.9442,5561.6344,4302.7700,4044.0415,4217.0404,4273.5500,4266.5477,4365.1280,4498.9500,4443.4022,4393.8310,4385.1200,4272.3287,4251.7213,4315.8400,4266.7880,4300.5650,4436.5100,4451.8116,4278.8187,4128.1100,4289.5411,4441.4640,4491.5400,4546.0069,4015.6169,3255.5400,3288.2803,3357.2785,3196.8800,3297.7863,3399.2050,3385.6900,3424.9550,3446.8959,3411.2400,3371.3360,3384.3263,3542.7300
2025/12/1,3853.1437,3862.6367,3593.6800,3530.1705,3636.3746,3680.1300,3521.5140,3602.0599,3880.9000,3873.0015,3817.0209,3835.6900,3807.5496,3841.2294,3920.6800,3911.6747,3941.5237,4025.0000,4046.4229,4081.3882,4101.7000,4001.9878,3972.7331,4057.0700,4108.2442,4115.0373,4172.9600,4335.4171,4235.0903,4064.7300,4367.4887,4457.8993,4106.4600,3908.3744,4615.0923,5625.0800,5554.4846,5372.8035,5477.1500,5333.4284,5357.6261,5561.3900,5501.5476,5507.9820,5501.3400,5207.8332,5921.8645,7224.2100,7303.4685,7174.0587,7329.5700,7223.5775,7134.2798,7165.9500,7111.7317,7087.5138,7111.5300,7088.4394,7184.9575,7309.4500,7184.7866,7081.9086,7106.8400,7097.2260,7040.8016,7001.1800,7021.3079,6934.2443,6810.8100,6866.4647,6753.9113,6463.4300,6369.9623,6455.7671,6474.7900,6250.0401,6344.6983,6700.9300,6678.3130,6526.2267,6507.7100,6605.3303,6565.9768,6433.8700,6480.4671,6483.4930,6383.5000,6365.6759,6430.4327,6466.9100,6386.1420,6419.1235,6532.2900,6435.0851,6191.7278,6000.4100,6024.6905,6128.0484,6198.4600,6230.0703,6239.8451,6204.8200,6085.0630,5955.2605,6017.9500,6276.7325,5620.9493,4396.4500,4154.8740,4348.1209,4378.4800,4239.6665,4290.3977,4449.9400,4308.3287,4220.9685,4313.1400,4347.6994,4345.8207,4376.6300,4462.3636,4522.1152,4429.5600,4155.9270,4119.5671,4337.4800,4415.0365,4367.7545,4393.6100,4552.1342,4106.0498,3348.6900,3338.6858,3319.0659,3105.5200,3298.9186,3500.6227,3508.1100,3510.1293,3439.6427,3361.4100,3468.9435,3666.7131,3762.7700
2025/12/2,3647.0472,3609.1773,3683.2500,3633.6535,3563.6625,3548.1800,3573.5104,3727.7156,3855.8000,3726.9346,3849.7441,4093.9600,3840.5132,3781.6957,4029.4200,4012.0519,4066.2320,4157.0300,3876.8778,3737.7155,3923.3700,4107.3384,4183.5315,4175.8000,4138.4168,3985.7651,3891.0300,4125.8549,4209.3959,4192.7400,4530.9293,4448.8485,3929.1500,3877.9506,4572.0735,5433.7700,5555.5653,5431.6907,5431.9300,5454.5527,5441.1542,5343.9500,5193.2290,5325.6496,5518.0700,5344.0039,6023.6008,7243.8000,7370.3157,7245.2069,7299.8500,7122.3341,7106.1124,7257.8800,7163.3363,7107.0305,7196.0200,7203.5779,7015.2746,6827.6100,6963.8166,7144.9968,7088.5400,6786.6117,6708.6211,6933.7400,7070.1800,6892.9339,6656.9200,6771.5306,6580.6599,6230.8800,6532.5810,6697.8611,6475.2500,6407.8494,6432.3991,6473.0300,6563.7520,6589.5349,6601.9400,6729.6387,6615.5612,6411.1300,6627.3141,6714.2942,6527.3300,6474.7978,6473.0479,6408.0800,6302.3677,6313.8965,6406.1600,6377.5256,6276.1428,6242.6500,6352.2190,6325.0089,6179.6800,6210.9798,6274.4607,6263.6700,6227.5055,6225.3596,6256.1700,6148.6242,5346.5210,4346.5600,4302.7025,4443.0019,4385.0000,4502.4715,4660.3180,4598.7400,4249.9293,4228.1492,4476.6300,4371.0847,4354.8918,4512.1500,4426.4793,4220.7368,4145.5100,4321.2722,4420.9140,4383.8600,4453.9986,4581.6550,4677.8100,4624.2480,4066.0232,3336.3400,3227.6939,3390.7097,3454.7800,3369.0489,3269.7239,3288.2700,3446.0826,3530.0824,3536.3100,3620.9380,3532.0325,3371.9500
2025/12/3,3520.0258,3644.2378,3633.2600,3683.0047,3621.2210,3570.7200,3835.8534,3910.7694,3760.3900,3840.8959,3879.4348,3787.4900,3798.0354,3928.1870,4008.2700,3865.1593,3809.9159,3892.0700,3863.3222,3815.8123,3835.2700,3910.7141,4026.4698,4148.3700,4226.5547,4225.0186,4182.9200,4186.0957,4217.5500,4153.0300,3927.9995,4006.7908,4234.9000,4094.5430,4553.3822,5384.5100,5329.6596,5253.6314,5471.0500,5405.5534,5295.6916,5274.8400,5250.8338,5483.2273,5640.4300,5245.9514,5868.4059,7190.4900,7240.7863,6999.3193,7052.7900,7004.5697,7131.7313,7359.8300,7247.8371,7012.4170,6889.6700,6937.8889,7103.5961,7218.2600,7122.2294,7034.7287,7004.0300,6880.9122,6787.9429,6808.8800,6893.3426,6900.4059,6832.9600,6802.9341,6706.0955,6579.4500,6577.0317,6542.3597,6460.9800,6486.0908,6555.0975,6569.2100,6501.2009,6520.2744,6638.5100,6678.2858,6537.8483,6378.5500,6461.9192,6500.3241,6467.4200,6603.5085,6627.3321,6504.9900,6489.6920,6459.4610,6307.8500,6098.1515,6100.7186,6231.6100,6170.4784,6248.0578,6449.4200,6379.2118,6168.4580,6007.0300,5958.5372,5907.5071,5977.3800,6251.1989,5598.5034,4388.1300,4223.4666,4448.1093,4392.4900,4080.0676,3996.9690,4217.1000,4365.5276,4360.6433,4251.1300,4138.1070,4123.1436,4207.5800,4313.7552,4440.7674,4463.5600,4269.3104,4340.7604,4602.8000,4490.2609,4302.7869,4375.7900,4632.7672,4165.3553,3290.8600,3258.1870,3355.4878,3254.7800,3345.9033,3351.3961,3284.8400,3462.7662,3561.5017,3514.9400,3579.0948,3617.1888,3611.5000
2025/12/4,3677.5108,3590.5657,3371.5600,3336.9951,3633.3878,3898.9500,3630.0097,3563.2613,3824.8600,3818.2121,3748.0279,3789.7700,3872.9680,3907.5585,3918.4300,3998.4426,4047.2590,4000.8300,3923.4724,4034.6715,4255.2700,4272.2121,4182.6019,4184.9700,4347.8273,4267.6303,4077.6600,4282.1707,4286.8474,4049.8900,4138.4106,4232.0782,4105.3000,3993.6516,4616.3521,5491.4200,5379.0349,5234.6815,5497.3600,5633.2300,5545.2990,5462.5900,5639.4377,5631.8880,5279.0400,5009.9883,5713.4337,7003.1600,7507.0588,7439.8292,7230.4900,7090.5617,7140.8502,7228.7800,7095.5837,7050.9587,7133.9800,7093.4624,7162.3470,7314.5400,7237.0591,7009.8495,6859.7700,6935.7463,6917.9142,6841.0200,7030.3385,7104.9968,6978.4800,6914.1233,6687.6303,6341.3400,6244.6717,6483.7923,6694.9400,6426.9791,6342.1546,6559.8900,6549.1429,6469.9819,6478.4500,6530.3750,6530.2692,6509.6500,6560.1414,6478.9188,6358.6400,6487.5103,6477.2852,6307.8600,6343.2837,6335.7167,6260.5300,6354.2329,6384.0811,6330.6900,6392.6674,6320.9718,6202.9700,6371.7006,6364.7269,6194.6400,6308.1519,6211.8997,6054.8600,6381.0623,5860.3709,4615.7600,4216.5742,4306.6837,4358.2000,4270.6692,4312.1719,4432.7700,4327.0910,4276.1815,4304.6800,4187.4333,4302.5140,4557.0400,4453.7271,4365.3243,4495.1400,4637.6041,4542.9358,4318.1000,4306.9516,4357.1375,4418.3600,4505.0286,4017.9953,3294.6800,3319.2439,3335.7254,3116.0600,3213.9695,3419.8340,3532.8700,3572.8512,3598.7093,3641.9900,3613.0176,3111.4660,2450.9200
2025/12/5,2446.3843,2758.4399,2856.3600,2532.9946,2421.4275,2678.7500,2849.1613,2775.6311,2628.9200,2719.0626,2929.0268,2989.6400,2758.7257,2745.5044,3001.7800,3100.1306,3166.7972,3191.7900,2995.2765,2835.2897,2885.8800,3073.8473,3136.4083,3067.0700,3101.9044,3235.0494,3258.2800,3020.8480,3116.0863,3412.8500,3208.1704,3123.2232,3286.5400,3189.6477,3096.9953,3160.0000,3233.4750,3248.5156,3181.5600,3126.8727,3520.5227,4012.9500,3787.7508,3606.8930,3781.7600,3875.5780,3874.3039,3796.4300,3646.8498,3689.5640,3875.3000,3918.4243,4085.2527,4364.7900,4455.0078,4550.3517,4581.6900,4281.8776,4136.8595,4277.3400,4368.0082,4397.3386,4362.2700,4229.9841,4154.3718,4148.6800,4081.0534,3992.7803,3989.0900,4120.8840,4159.7923,4089.3000,4106.2363,4136.3881,4104.9700,4031.3829,4023.0223,4035.3600,3933.7769,3903.4242,3927.7200,3805.0329,3717.9994,3724.3500,3710.2366,3765.3718,3885.4200,3915.9574,3707.1236,3460.1600,3543.3002,3617.8010,3583.3500,3661.2861,3692.0629,3610.2000,3516.2599,3403.5928,3331.7300,3340.8679,3045.5970,2685.4300,2899.3794,3028.4213,2841.7400,2767.5802,2825.1048,2871.4000,2782.6214,2711.0401,2743.2300,2810.5793,2773.1133,2661.3900,2637.4374,2647.8497,2725.1000,2943.1509,2990.6994,2821.1500,2693.9984,2642.2723,2626.9400,2619.9810,2676.2691,2712.6300,2587.2418,2549.9489,2737.9300,2994.1259,2859.6671,2390.1500,2142.6309,2311.2030,2572.7900,2430.1908,2343.5874,2425.5800,2370.8668,2539.6572,2804.1700,2645.5941,2594.6301,2772.6100
2025/12/6,2772.0127,2771.9533,2787.5300,2639.9980,2629.5503,2764.6200,2757.6156,2784.5666,2863.4700,2821.8369,2831.8194,2986.2300,3151.3283,2988.3190,2721.2800,2910.1415,3036.3327,2924.3900,2923.2546,3004.4664,3102.6400,3206.9553,3268.6679,3245.7200,3151.8278,3147.9262,3240.8400,3295.2669,3362.2183,3357.2100,3137.2842,3043.9084,3124.0500,3121.9716,3224.4310,3341.8800,3186.4469,3212.2581,3362.9400,3188.6183,3417.0710,3950.9300,3894.7283,3654.8803,3640.2500,3819.3622,3767.5708,3569.6900,3712.9350,3888.0406,3811.7300,3582.2074,3853.5412,4436.2400,4482.8311,4411.6638,4463.9900,4435.9846,4358.3565,4270.2900,4191.0438,4270.1545,4398.7300,4310.2085,4257.9299,4267.5800,4142.1477,4211.2485,4350.3700,4119.0226,4131.0028,4341.8600,4093.9753,3955.9444,4032.5300,3864.5916,3834.2502,3963.0200,3871.5058,3875.4528,4033.4200,4038.3051,3875.9034,3750.7400,3886.4744,4029.0087,3996.7000,3806.9083,3509.3541,3389.7100,3715.0793,3795.4192,3542.5100,3508.1663,3450.5634,3392.7300,3624.3426,3646.0058,3540.1000,3778.4473,3328.6182,2478.1100,2620.1939,2801.2751,2565.0400,2470.4343,2708.0678,2944.4600,2718.6518,2697.7073,2888.6300,2666.9868,2632.2432,2856.7100,2802.6610,2840.8864,2999.2500,2863.8951,2574.7175,2492.3100,2837.4580,2996.0421,2778.9300,2579.3403,2576.1744,2761.9200,2978.1941,2979.4571,2792.7700,2674.4664,2625.9010,2580.4700,2480.0752,2311.5026,2229.4800,2414.2433,2537.0562,2500.3800,2505.8016,2514.5729,2510.7200,2600.4516,3009.4064,3490.7400
2025/12/7,3534.9738,3565.3843,3737.6800,3793.4526,3832.5182,3813.8100,3617.5356,3719.8675,3994.5800,3827.4532,3648.5812,3710.6000,3833.2466,3897.8485,3940.2200,4035.8073,3907.0758,3760.3400,4068.9297,4120.8553,3831.7600,3848.8010,4027.6331,4095.5800,3966.0745,3961.5405,4133.2600,4211.1113,4137.8164,4104.6300,4325.7013,4361.5252,4054.8300,3828.8244,4564.7344,5594.6300,5330.7995,5074.8705,5356.3600,5415.0211,5372.2511,5359.1200,5318.7610,5342.5379,5346.0300,5289.4706,6100.5856,7302.3000,7380.5350,7221.6393,7244.5100,6998.0755,6872.7871,6996.3600,7076.5920,7082.1473,7060.1700,7046.7306,7006.1493,6981.9800,7043.1765,6985.9848,6872.4100,6972.6862,7059.9385,7006.7300,6906.3326,6826.7134,6859.9200,7013.8787,6854.5121,6430.7600,6256.6672,6326.0954,6380.6600,6228.2030,6371.8429,6754.3400,6765.1921,6522.8664,6341.2900,6417.9363,6479.1323,6479.3800,6598.7375,6553.7514,6358.4100,6354.0511,6518.3804,6630.2600,6490.5973,6388.0814,6420.3200,6397.1635,6243.4994,6130.7000,6276.5770,6256.2945,6134.6300,6364.0399,6371.2093,6093.4000,6062.7061,6109.2556,6231.1000,6463.7679,5670.6078,4365.5800,4305.4014,4482.8275,4432.0000,4657.3929,4569.8251,4205.7900,4267.5322,4478.4750,4526.5200,4381.8709,4259.3913,4257.8800,4327.0542,4509.0608,4631.6000,4452.0538,4379.3105,4416.2500,4202.3635,4184.1466,4435.9000,4476.7308,3958.2827,3308.8700,3344.4165,3506.4594,3426.6900,3284.2852,3272.7324,3396.0000,3507.0655,3601.0297,3654.0500,3616.8658,3560.9102,3502.9800
2025/12/8,3411.0941,3393.8859,3459.6700,3524.2516,3669.4769,3802.5900,3730.8411,3717.6252,3816.9000,3815.5429,3739.2352,3760.2900,3989.6515,3987.1236,3804.8500,3910.9705,3936.4291,3818.8000,3883.4117,3929.0603,3933.4800,4087.6494,4180.5348,4130.9200,4058.6597,3959.5405,3951.3200,4186.2382,4345.5841,4294.8600,4206.3917,4251.3347,4282.7500,4122.2226,4656.2218,5514.9500,5378.1956,5183.3499,5436.2200,5654.4964,5480.4842,5191.8700,5354.5617,5350.3507,5063.5900,5143.7594,6036.7317,7134.9100,7298.9400,7204.6724,7249.9400,7170.6612,7024.3626,6918.7200,6919.8274,7072.9255,7232.2100,7169.1958,7064.5433,7086.1700,7210.4910,7135.8213,6938.2500,6976.1819,6970.1178,6860.2300,6880.2579,6908.5036,6877.8700,6830.8642,6668.0017,6487.3900,6509.2749,6514.8784,6429.5300,6402.1498,6449.1358,6525.5700,6558.1867,6471.7688,6417.8100,6622.7509,6722.1302,6587.7400,6450.9660,6426.0814,6375.4900,6111.5169,6092.9355,6337.0000,6400.5073,6408.9299,6372.2400,6151.6198,6056.8691,6205.3300,6386.6397,6326.4902,6120.3200,6124.6294,6215.7981,6260.7000,6235.5244,6105.2763,6068.8600,6233.1728,5468.2257,4219.6900,4153.1667,4313.3017,4190.6700,4255.4642,4410.9993,4458.6500,4323.4422,4209.9650,4241.7800,4368.8613,4451.1743,4395.2000,4235.6990,4238.7645,4447.2500,4613.9510,4473.6460,4234.7700,4345.4807,4344.1598,4256.6200,4479.9847,4081.2989,3267.3000,3257.3164,3430.2896,3365.6200,3282.0135,3247.4044,3268.4300,3321.1322,3330.7226,3366.5000,3548.2365,3587.7168,3470.3800
2025/12/9,3493.1053,3680.8287,3799.5300,3617.5978,3630.9512,3850.6700,3786.1594,3611.0463,3577.2400,3737.9819,3752.7678,3648.6900,3754.9964,3770.9947,3719.9700,3920.7154,3955.6262,3851.4600,4052.2572,4158.9243,4077.2200,4102.3650,4016.0636,3898.9600,4072.7635,4117.5379,4022.5100,4182.9256,4241.3625,4114.0400,4112.8721,4249.6706,4244.4300,3934.1147,4397.1006,5362.6200,5447.6336,5422.3616,5591.2200,5453.2211,5351.9702,5323.0000,5102.1599,5298.2065,5602.2600,5229.6229,5939.6038,7421.5600,7465.4925,7091.3198,7094.9500,7213.8807,7209.3530,7131.6100,7166.5754,6984.0720,6731.4300,6931.7567,7186.1182,7152.0200,6902.0226,6960.0135,7179.0900,6939.0741,6814.6184,6922.1300,6801.1995,6730.7815,6830.8400,6867.3953,6617.2428,6263.5700,6240.8825,6392.0882,6463.3800,6359.3400,6380.7416,6584.2500,6718.9913,6678.4313,6494.1100,6334.6414,6499.3998,6758.8600,6563.2653,6308.5636,6282.6600,6413.3222,6585.7665,6575.7100,6231.4503,6078.0550,6255.5500,6376.0236,6182.9203,5951.3600,6192.3724,6411.3169,6348.7100,6215.0353,6131.3478,6160.4700,6276.9112,6243.6177,6221.7200,6439.1462,5676.3616,4356.0900,4246.6071,4501.6012,4498.0600,4469.2046,4473.1906,4425.6800,4252.1232,4256.5932,4476.5800,4608.4845,4449.3955,4193.7000,4251.7756,4430.4600,4497.1800,4403.5600,4366.5301,4454.0500,4531.7586,4517.0608,4455.0600,4392.5527,3963.3757,3376.8300,3262.9809,3239.8370,3225.5300,3484.0126,3456.5253,3201.4400,3337.5964,3435.5994,3381.2900,3493.7225,3497.9127,3389.9200
2025/12/10,3482.1600,3652.1756,3748.1700,3711.2906,3527.8097,3412.4500,3639.5258,3860.5252,3823.1300,3602.5988,3553.0102,3770.0400,3995.6897,3884.2122,3656.1000,3848.9758,3958.6061,3851.5800,3913.9769,4059.6455,4092.1800,3933.4443,3903.1704,4057.1500,4154.9251,4218.9581,4226.3200,4123.2594,4175.4867,4327.1100,4250.5551,4132.3004,4060.8500,4029.0944,4533.2362,5335.9400,5613.6553,5630.3385,5584.4900,5383.3267,5157.1961,5119.8700,5373.2318,5492.7643,5296.8500,5147.8934,6009.2020,7258.0200,7237.4517,7026.7753,7135.4800,7027.8314,7052.5658,7199.6800,7083.9729,7163.5168,7401.4300,7253.9217,6987.5071,6823.1700,6734.8100,6732.5284,6856.4200,7085.1450,7098.6559,6946.8700,6976.6883,6956.9325,6810.7700,6693.8297,6489.3440,6299.7600,6381.8185,6458.0365,6369.1400,6257.2521,6427.3674,6701.8700,6597.0509,6471.2351,6541.7200,6655.3064,6614.2218,6404.2800,6227.7127,6366.5913,6606.3000,6452.6105,6327.7169,6357.8700,6254.5083,6184.4772,6248.7300,6345.7395,6315.7210,6199.2600,6197.0095,6297.4204,6413.3200,6447.8161,6349.8040,6164.7800,6011.7395,5965.1684,6115.3600,6316.2844,5453.5132,4180.4800,4320.8991,4419.6026,4023.8700,4151.4292,4351.1719,4385.2400,4493.6368,4441.9029,4257.0400,4252.0052,4337.2922,4328.2400,4144.8352,4072.8463,4171.7100,4246.4075,4349.1068,4468.2100,4487.2025,4392.4781,4342.3100,4441.6789,4048.9871,3370.0900,3312.6416,3466.2085,3476.9200,3413.8407,3439.0649,3532.2900,3529.7209,3494.2577,3445.7200,3363.3735,3459.3486,3714.2300
2025/12/11,3848.8115,3720.1616,3493.4800,3502.8954,3672.8018,3777.0300,3654.4366,3574.3461,3681.1300,3858.6282,3892.4762,3811.5100,3841.5694,3933.3257,3910.5800,3696.2937,3793.8042,4012.2300,3689.7924,3599.3833,3939.6000,4106.2321,4053.2548,3899.2900,3786.3300,3877.2287,4029.7500,3946.9362,3936.4790,4073.0100,4133.0862,4235.8685,4235.0200,3962.8141,4510.5134,5534.3900,5517.8955,5232.0687,5226.8800,5279.4060,5324.2346,5347.4600,5326.2841,5195.3206,5010.3100,5051.1126,5914.9511,7096.6400,7348.2190,7155.6505,7083.3100,7221.7180,7254.5011,7140.1100,7114.0590,7041.2185,6942.6000,7000.6901,7038.9093,6938.6300,6767.5931,6729.0593,6877.3100,7057.9586,7021.0481,6819.5900,6754.1158,6814.3344,6876.2200,6821.6963,6684.4774,6494.6300,6272.6889,6163.8793,6231.5700,6395.1135,6464.4474,6512.0900,6745.4877,6779.0388,6576.0200,6513.4847,6615.9398,6668.5800,6451.2895,6290.2504,6304.6900,6308.7136,6277.6872,6259.0200,6306.4483,6386.0143,6412.8600,6349.3582,6441.8288,6560.7900,6345.6521,6269.2028,6321.1800,6050.3312,5994.1309,6204.6800,6179.3036,6146.0321,6272.9100,6328.2892,5546.0583,4419.7800,4291.4798,4376.1761,4280.9200,4379.1022,4371.1049,4185.8700,4134.6927,4407.0071,4639.8500,4284.8836,4086.6243,4311.3300,4481.0946,4385.0964,4231.8200,4378.4872,4425.0583,4289.1900,4296.6053,4368.3422,4459.8600,4542.7693,4125.4181,3439.4300,3299.4940,3490.6456,3546.2000,3245.8566,3253.9200,3518.2300,3349.3116,3234.0835,3414.3300,3539.1620,3120.0270,2433.7800
2025/12/12,2287.6078,2444.0686,2604.7900,2690.0254,2663.3416,2601.6100,2652.6090,2824.3062,2989.6200,2989.1013,2926.5375,2902.6700,2922.3601,2895.0233,2895.8700,3058.7767,3021.2783,2853.1800,2982.2683,3054.4678,2967.6800,2975.4884,2951.3454,2929.3200,3103.6222,3274.5081,3323.3200,3301.4194,3214.9017,3156.8800,3242.6515,3283.9781,3222.3100,3182.7862,3196.1312,3211.0200,3181.5724,3292.0008,3411.8500,3242.1523,3276.1749,3641.8600,3930.7463,3874.9339,3617.6600,3565.3340,3692.0585,3724.3300,3444.6177,3373.9866,3601.7500,3747.7082,4010.1855,4398.1400,4615.7096,4525.1756,4356.8600,4484.8254,4572.1029,4397.2400,4096.2726,4030.6075,4223.2800,4362.3557,4364.7159,4274.3500,4180.5666,4093.5542,4048.8700,4101.6442,4199.4181,4207.7300,4040.4520,4002.7143,4032.0700,3815.0511,3865.1654,4159.1600,4131.2518,4025.0596,3954.0700,3776.5340,3682.9357,3730.8000,3799.6811,3927.4148,3991.7100,3786.7633,3573.4126,3554.8200,3697.4840,3741.2079,3683.4600,3738.1793,3742.6648,3597.5200,3400.8234,3384.4998,3528.5400,3542.5658,3210.8765,2831.9300,2908.5323,2827.7311,2518.9700,2529.7879,2591.0824,2629.1300,2838.3456,2871.7996,2711.3400,2693.7097,2708.4183,2700.9900,2742.4842,2722.7098,2677.6300,2733.1872,2625.6698,2535.6000,2892.6831,2988.5836,2741.5700,2778.0166,2898.3493,2913.7100,2861.4419,2775.0718,2696.1600,2645.7689,2526.5114,2426.8900,2532.2092,2564.6943,2406.6500,2246.2599,2362.8861,2612.8700,2564.2006,2395.3778,2280.6100,2256.1174,2440.6616,2687.7800
2025/12/13,2699.8904,2713.5356,2830.2100,2894.7130,2819.9134,2718.1200,2792.8018,2899.7950,2930.5600,2908.6175,2886.5661,2896.7900,2935.3576,2958.7441,2941.3600,2910.4157,2983.1304,3048.4900,2889.3347,2846.6161,2970.5100,2976.3609,2966.7696,3017.5300,3084.7376,3156.4840,3168.1700,3061.5972,3041.2529,3120.4100,3123.4611,3142.5709,3180.8600,3166.6199,3345.0495,3608.9900,3567.3404,3415.5964,3251.5000,3058.8886,3324.7829,3803.4300,3728.0317,3661.3168,3790.8100,3740.4732,3733.8070,3824.2600,3811.2145,3783.6324,3783.1400,3778.6539,3931.7033,4228.5500,4449.5997,4458.3065,4309.0300,4199.8064,4227.1977,4335.7000,4387.5691,4413.1553,4432.4400,4390.5659,4164.6865,3986.4600,4206.2115,4203.5964,3983.0400,4138.8007,4167.8970,3954.0800,3916.4527,3940.4564,3939.3100,3973.1305,4014.6724,3996.9000,3893.0913,3889.7657,3944.7500,3839.9160,3772.0122,3816.6100,3845.9860,3831.9601,3790.4200,3751.8392,3736.3126,3715.3200,3638.1830,3548.6537,3508.1500,3528.9462,3464.3823,3397.8400,3530.8327,3486.7832,3383.2000,3640.3225,3380.6610,2706.4500,2643.9051,2697.0384,2582.3000,2547.5295,2545.2785,2646.5100,2961.9581,2993.6904,2723.6700,2629.6901,2640.5369,2646.9000,2661.9074,2753.8085,2772.9800,2519.7238,2489.5707,2753.4000,2886.5254,2884.4681,2820.3800,2755.4598,2826.6330,2904.3200,2735.7346,2698.9539,2888.0900,2977.6350,2758.4296,2408.9500,2325.2087,2362.8546,2332.5300,2221.9965,2328.4469,2498.4700,2316.9618,2388.5168,2640.0600,2462.3598,2792.1349,3530.5100
2025/12/14,3556.1474,3367.4634,3429.2900,3676.3870,3757.6546,3650.7700,3636.1785,3630.4656,3593.0300,3602.2286,3658.5023,3712.6200,3725.8178,3808.8429,3949.5500,4008.5848,3980.4251,3902.2800,3841.0019,3938.1938,4040.3400,3859.3277,3801.4310,3946.6900,3984.0426,4043.9085,4208.3400,4361.7707,4272.1393,4064.6800,4095.3383,4118.0415,4041.1600,4101.2526,4586.0753,5227.2700,5402.0967,5325.5478,5273.4100,5332.3028,5448.9625,5477.0900,5311.6794,5235.8538,5263.9500,5254.4509,5860.2660,6843.6100,7193.4429,7169.2307,7137.3300,7192.1147,7234.7979,7206.4500,7154.2553,7197.8707,7265.2800,7159.0986,7013.0091,6980.6800,7094.7959,7168.5149,7054.1700,6816.1590,6956.2799,7231.7700,6895.6312,6569.4148,6633.5400,6836.8731,6790.7755,6491.3700,6294.9218,6333.9076,6365.0400,6091.6909,6220.5541,6701.4000,6744.8710,6634.9633,6593.6600,6524.9679,6428.5754,6371.2400,6434.9471,6598.0290,6653.6200,6413.1096,6368.7625,6558.0600,6527.0274,6364.2020,6331.1400,6556.5547,6541.9728,6227.8800,6048.8829,6034.5319,6170.7900,6408.9188,6333.2123,6089.5300,6226.7838,6316.6850,6285.5700,6346.6991,5515.7470,4303.3300,4324.9496,4468.0789,4202.0400,4124.9898,4217.5756,4331.6500,4392.2898,4452.6765,4460.1500,4319.3481,4300.7541,4470.4300,4598.7249,4477.4264,4241.7400,4240.8972,4345.2631,4397.1000,4366.5969,4352.2444,4432.7500,4519.7625,4098.3811,3422.1700,3317.5117,3418.9331,3395.7700,3290.1474,3259.7690,3349.9500,3468.8979,3527.7800,3469.7900,3342.6141,3467.4898,3657.7800
2025/12/15,3435.7699,3425.6088,3678.5500,3637.1733,3700.4231,3885.4800,3771.6248,3687.1831,3691.8300,3551.2249,3678.0593,4009.0200,4009.6704,3830.7235,3761.4000,3928.4654,3986.7870,3895.6300,3923.4783,3903.8784,3919.3500,4206.1390,4201.8736,3956.1800,4057.5931,4021.4482,3852.5800,4065.5671,4174.8201,4071.0900,4142.6329,4232.9963,4145.0600,3972.9595,4507.4534,5382.4200,5414.4519,5421.8205,5627.2500,5411.0589,5206.8686,5282.5600,5450.0791,5471.2825,5295.2900,5213.7888,6041.9762,7199.2500,7183.0292,6865.6501,6926.7000,7179.4247,7205.1112,7001.8000,6929.4278,6934.7916,6923.2000,6883.5923,6875.1494,7050.8800,7451.2952,7399.4453,6960.5000,6858.8340,6790.2136,6726.6800,6988.1262,7131.4823,6969.2400,6734.9936,6535.5055,6392.1600,6296.9650,6313.6508,6397.6300,6432.1501,6511.1056,6604.4000,6565.0246,6488.3920,6484.3600,6552.3990,6460.6300,6323.3100,6466.1520,6472.2205,6310.1700,6378.8443,6502.0878,6512.6300,6436.5196,6427.0694,6436.2800,6300.1660,6297.3415,6387.7700,6241.5900,6089.0378,6123.7000,6284.3773,6237.7357,6069.6500,6171.0924,6235.3875,6298.3300,6521.9260,5585.1676,4088.3400,4090.2790,4354.5568,4198.7200,4208.1653,4419.9845,4547.1800,4318.9354,4193.0048,4298.4600,4338.3291,4356.8816,4365.8800,4314.0324,4378.3510,4492.0200,4404.3326,4325.9134,4309.7500,4200.2492,4112.3831,4225.5700,4494.5144,4059.0926,3200.0000,3116.9577,3329.4945,3412.3400,3431.8559,3457.2217,3470.6600,3423.8650,3465.8601,3575.9800,3566.1763,3460.2421,3375.4600
2025/12/16,3434.5110,3623.6539,3767.9900,3679.7730,3612.3444,3610.9500,3516.9743,3614.0981,3815.6400,3733.0299,3691.3189,3820.9800,3910.5623,3897.3887,3833.9200,3820.1399,3851.4531,3907.1700,3978.4577,4057.1207,4058.9100,3906.8624,3846.7617,3960.8500,4105.7999,4217.4976,4282.4000,4293.4209,4166.1605,4004.8800,4042.5274,4189.4112,4177.4700,3935.1597,4485.6246,5464.4900,5459.0086,5450.8863,5650.6000,5281.5784,5127.2487,5369.7000,5389.1201,5367.5389,5313.6400,5157.9059,5976.5262,7294.4200,7422.2244,7147.8536,7141.1800,7266.0731,7212.0098,7070.2400,7172.4067,7091.1156,6831.6900,6863.3229,7008.1760,7070.1500,7021.7438,6911.2965,6872.8400,7014.0649,7075.3457,6968.1800,6872.8510,6977.1783,7176.9400,7152.6602,6891.4860,6540.6800,6308.2183,6312.6424,6393.5600,6281.2150,6273.7274,6417.2600,6446.5253,6434.6751,6482.3000,6601.8988,6700.3009,6671.7300,6507.2946,6512.2740,6596.5800,6383.5704,6226.7871,6242.9500,6209.4681,6235.8259,6314.8900,6289.2531,6216.9486,6196.8400,6255.0331,6199.7859,6059.9200,6051.6693,6051.7775,6083.2300,6281.4105,6318.2916,6282.8300,6426.1848,5595.8087,4309.8600,4356.1956,4552.0379,4329.0900,4307.1221,4349.8800,4330.4800,4327.1052,4381.5034,4465.6800,4481.3717,4298.2472,4139.4000,4358.1481,4415.6524,4231.9900,4265.6949,4391.4883,4468.0500,4476.3327,4349.9895,4314.2900,4576.3337,4122.9468,3275.4100,3387.8897,3435.0592,3154.1300,3317.7293,3375.4051,3275.2000,3534.7663,3605.9715,3422.4700,3492.2934,3602.5365,3615.6500
2025/12/17,3625.6262,3601.3625,3577.5200,3631.3465,3621.5104,3597.1900,3742.2980,3807.7340,3730.6700,3712.1853,3814.8007,3943.3600,3937.3633,3852.1730,3756.4500,3689.8600,3738.7156,3880.7500,3983.0136,3959.3565,3889.5600,3948.4171,4077.9603,4133.3600,4019.8549,3943.0767,4005.5600,4107.5397,4069.8415,4055.3300,4363.9083,4436.6282,4240.0900,4357.9975,4854.2864,5397.3500,5536.7430,5380.6677,5277.9500,5496.3818,5609.2334,5518.9200,5520.4910,5470.8937,5266.0900,5122.1668,5858.6012,7060.8100,7383.4703,7270.3048,7153.0900,7011.7061,6914.8671,6931.1200,7060.5831,7144.4554,7085.4600,6927.7134,6869.6586,6977.8400,7132.8247,7157.3041,7055.8000,6989.9111,6969.5107,6912.4500,6764.2339,6772.6535,6894.4500,6803.4291,6516.3444,6274.3500,6333.9901,6477.7999,6435.3200,6165.2594,6241.5453,6628.8300,6719.2578,6655.5496,6577.1500,6473.5541,6518.3256,6630.0200,6536.4989,6409.7593,6400.8100,6483.2567,6472.5557,6374.6100,6369.3142,6418.1847,6417.4300,6315.6583,6291.8032,6307.6200,6160.9456,6083.0943,6183.6600,6329.2249,6352.5041,6210.9300,6002.7797,5869.7954,6021.6600,6382.7678,5598.8843,4192.3800,4138.5058,4479.5243,4481.1100,4361.3084,4225.5210,4164.6600,4234.6162,4262.0169,4212.1400,4199.8810,4160.1601,4128.4700,4226.3053,4334.7453,4420.2900,4528.2572,4447.1040,4273.9200,4351.8333,4516.0674,4602.7100,4524.4428,4000.7610,3344.3100,3243.7989,3336.9881,3364.5400,3394.2201,3322.4038,3249.0700,3395.6390,3484.0999,3495.3900,3652.0416,3617.5725,3385.6500
2025/12/18,3339.3699,3516.7145,3722.6600,3727.9442,3718.7102,3674.6300,3432.4583,3474.7602,3765.7900,3815.4831,4017.2476,4264.4800,3992.3234,3695.3033,3659.5700,3735.1045,3943.7258,4164.7000,4163.6306,4014.7745,3874.0300,3877.5844,4062.5792,4198.4200,4022.5908,4081.5568,4327.6700,4159.8757,3945.4938,3981.7100,4177.5688,4193.6970,4089.7200,4288.1160,4819.3444,5312.1200,5306.4661,5168.2324,5148.6600,5190.4205,5295.1690,5388.8800,5383.9192,5493.2711,5530.4400,5233.9493,5860.6542,7131.7000,7394.7975,7164.7607,7036.1200,7062.2419,7071.3680,6997.1000,6949.5461,7100.4529,7201.6800,6866.4762,6845.7502,7219.2400,7297.8323,7153.2151,6939.6100,6755.9219,6923.7702,7164.3800,6855.4471,6605.3717,6776.2000,7080.8086,6917.4085,6453.3300,6409.3225,6377.3423,6204.0600,6197.1102,6325.0401,6504.2700,6688.7414,6826.4594,6830.8400,6654.7938,6529.2690,6512.5600,6472.4386,6477.3567,6482.1000,6366.0270,6358.1525,6443.6800,6375.4792,6302.5081,6321.8000,6352.4205,6232.3793,6062.9200,6108.5188,6170.3227,6179.3300,6257.1463,6298.2576,6264.4100,6226.8363,6191.4450,6233.5000,6289.5907,5465.1465,4291.6200,4282.5715,4395.7371,4179.2300,4221.0090,4291.1144,4211.9100,4110.8160,4235.4728,4451.8000,4375.4608,4247.0015,4255.9800,4349.6664,4362.4365,4317.8000,4386.6549,4472.9861,4494.8400,4449.0703,4323.6347,4296.4300,4485.3889,4057.3088,3327.4900,3461.3215,3523.8356,3243.6300,3312.7687,3474.4044,3514.0400,3498.5258,3451.1129,3431.9600,3434.7049,3018.5299,2446.2700
2025/12/19,2469.6080,2571.7201,2533.3100,2654.7098,2820.1471,2796.8000,2518.4763,2572.2125,2844.4900,2699.7833,2823.7396,3183.4300,3015.8830,2845.4926,2940.5700,3020.5464,2975.0041,2912.1000,3011.6060,3071.3765,3016.1600,2976.4933,3006.8197,3087.8000,3141.4174,3073.4948,2999.5200,3126.9798,3195.1618,3195.4000,3334.8246,3225.2353,2945.1900,3014.9542,3246.5313,3349.9000,3221.8716,3163.9555,3231.4100,3234.0356,3374.0626,3686.2600,3917.0285,3764.1931,3539.5000,3854.8988,4061.4987,3888.2200,3706.5223,3652.5383,3659.1300,3637.2462,3930.5222,4385.9100,4435.8367,4276.9797,4233.7000,4410.8489,4345.2158,4110.4300,4236.9882,4385.1777,4323.9200,4166.0386,4064.2218,4150.2800,4388.4049,4217.8710,3785.2800,3824.1720,4067.7652,4102.6800,3804.9459,3730.1511,3981.5200,4135.7250,4146.2128,4042.8900,3874.9798,3854.4328,3943.6800,3896.9459,3796.4058,3784.2700,3909.7910,3956.3177,3762.6000,3416.9393,3483.1076,3815.8100,3722.3528,3606.3760,3689.0700,3735.0942,3560.4165,3339.4700,3422.1625,3515.3665,3551.6900,3672.4145,3333.8781,2756.6300,2767.3514,2880.7108,2782.6600,2667.6533,2712.1256,2773.5000,2578.1146,2541.9470,2764.2100,2915.4711,2922.5093,2793.2800,2604.1006,2639.4977,2817.4300,2778.9055,2720.6768,2745.9500,2768.9769,2885.6764,2993.3300,2860.3981,2717.9678,2716.9700,2799.4200,2868.9329,2893.8400,2863.0181,2577.5300,2212.5500,2210.1143,2395.6575,2512.6900,2460.6690,2446.8531,2560.3600,2667.6140,2541.4235,2392.2100,2636.3000,2711.5401,2566.6700
2025/12/20,2686.8269,2686.2534,2538.6800,2645.6921,2787.4377,2796.5400,2732.4067,2703.5307,2806.1700,3033.0881,3070.2577,2949.9400,2996.8231,3023.3914,2915.5600,2784.0327,2803.3839,2916.7600,2908.2946,2898.2539,2903.9000,2846.6913,3002.3109,3248.3500,3177.7864,3177.1116,3314.1600,3252.4578,3125.0508,3122.7400,3281.2914,3296.3862,3202.3900,3281.9182,3148.9455,2935.2500,3176.2435,3296.9610,3200.1600,3376.9923,3627.1328,3717.4900,3636.9848,3652.0779,3720.2000,3588.5288,3645.2499,3871.5900,3836.3355,3733.9841,3695.8000,3698.6127,3982.3940,4334.8500,4280.1926,4335.9102,4479.9400,4198.4439,4143.7979,4334.8200,4156.0293,4155.1249,4385.7400,4299.7072,4113.6691,4051.2800,4104.8011,4120.3538,4085.2700,4120.0445,4173.7949,4116.0900,3897.9811,3910.4907,4084.9700,3974.4851,3881.0596,3888.6700,3797.1829,3892.2380,4039.6200,3801.9469,3683.7338,3777.5800,3700.5228,3757.6713,3904.7400,3747.5530,3595.1156,3673.4700,3845.8956,3617.4480,3192.8100,3287.5985,3531.7202,3631.1800,3647.0726,3635.5509,3633.1200,3579.8818,3121.2931,2579.4600,2690.3360,2871.5331,2814.2000,2754.6684,2669.7967,2584.4500,2612.5166,2742.1529,2850.2600,2802.8919,2732.5060,2742.5500,2805.1619,2763.5221,2665.9200,2701.8036,2692.6699,2651.4100,2764.2809,2782.4711,2695.1700,2744.8362,2795.4307,2795.9200,2826.9179,2773.0481,2725.4700,2879.0327,2836.0357,2568.5900,2455.2996,2422.8493,2398.0400,2434.7527,2608.0471,2726.9700,2513.3740,2396.6507,2446.9800,2396.3330,2744.2807,3373.2700
2025/12/21,3576.1063,3537.8710,3472.1000,3388.2602,3299.4233,3349.2600,3662.0911,3799.4157,3736.1800,3824.9356,3734.2080,3587.1500,3856.4774,3923.2147,3730.5000,3819.8600,3791.4644,3751.7300,4180.5461,4115.3327,3748.7400,4220.4858,4423.9257,4079.1500,4038.9424,4082.3954,4064.8700,4121.8784,4083.6154,4032.3100,4217.9422,4253.2484,4066.5800,4077.7781,4717.7146,5490.6500,5439.3180,5407.8325,5587.0500,5351.2866,5233.2490,5374.2000,5360.7841,5321.3096,5231.7200,5065.8847,5889.1246,7180.7900,7254.3510,7152.8955,7367.0100,7333.1326,7276.0603,7255.6500,7076.8086,7014.1683,7150.5900,7259.4501,7142.6820,6912.2300,6873.3728,6913.1885,6951.4700,7040.6919,7195.1724,7266.6200,7080.5804,6948.6094,6954.1600,6860.0706,6565.9337,6330.9000,6501.8630,6520.3344,6273.3100,6234.7567,6512.7630,6836.4400,6797.3346,6554.3856,6350.0800,6333.4080,6515.4464,6658.8100,6474.7834,6311.1097,6293.5700,6241.0875,6267.6330,6308.8300,6184.3165,6249.4410,6412.9900,6229.2355,6140.1248,6190.4200,6007.3440,6021.8302,6231.2800,6177.7882,6130.9976,6172.7800,6112.1742,6160.7027,6338.7700,6290.0948,5392.9058,4275.8000,4292.4867,4489.6396,4380.0500,4406.0663,4500.5016,4490.7600,4334.8994,4356.9931,4466.5900,4301.5722,4398.7170,4681.6100,4485.5154,4156.9026,4090.5100,4322.2266,4336.8010,4144.4600,4227.2610,4326.9643,4357.8300,4437.1142,4070.9954,3434.4000,3270.5539,3305.0168,3255.6000,3155.5140,3260.3635,3508.9700,3554.7154,3395.6628,3305.5900,3539.7613,3571.9910,3464.4000
2025/12/22,3745.3962,3712.0177,3398.4100,3577.4759,3787.3638,3804.5600,3874.5754,3892.7185,3845.2700,3866.5064,3940.8240,3939.8600,3781.6033,3839.3992,4075.9500,4055.8304,3854.1711,3723.1400,3864.5398,4105.8234,4217.1200,4105.3232,4062.0610,4125.4800,4055.2885,3898.6766,3873.8700,4134.9202,4224.6067,4140.0500,4310.4436,4466.4073,4292.7500,3895.2342,4439.8214,5500.7700,5434.4830,5107.2139,5128.0300,5227.2674,5249.5645,5284.6800,5498.0760,5549.6295,5379.9500,5376.6033,6037.2888,6970.5300,7210.5447,7128.6685,7110.6800,7169.1549,7151.6311,7057.5900,7022.1811,6972.1193,6943.8500,7063.0524,7162.5117,7133.3200,7024.3808,6974.9260,6972.5800,6906.2264,6947.1204,7030.4400,6901.0576,6768.2444,6763.9900,6792.7775,6648.6717,6385.1600,6267.1077,6266.0727,6291.6600,6277.4257,6204.7289,6294.5600,6751.1097,6840.3406,6508.7100,6420.7590,6452.1398,6475.9000,6548.6423,6639.5986,6630.4900,6427.9777,6281.7999,6292.4600,6351.1975,6449.4475,6479.9400,6315.3138,6237.3830,6271.3200,6164.4841,5996.3342,5980.1100,6221.3154,6237.7753,6092.5600,6286.2534,6330.5696,6205.6700,6260.0126,5499.1607,4337.4000,4304.3288,4431.5959,4253.2100,4278.8114,4346.2779,4343.4300,4355.8241,4343.0515,4344.5300,4454.3130,4535.1985,4518.4800,4468.3225,4464.9568,4473.4300,4402.2311,4396.1361,4462.9000,4459.1866,4426.2860,4441.0700,4460.1180,4043.0821,3407.3000,3255.9105,3228.4926,3153.2200,3234.1820,3333.7284,3355.7100,3337.5249,3324.0789,3392.6000,3580.8669,3652.1460,3548.0100
2025/12/23,3450.6501,3506.1021,3632.7100,3603.0338,3474.1082,3464.5300,3714.8376,3731.3261,3549.4000,3687.6145,3857.0586,3888.8600,3900.0128,3840.4957,3783.5200,3877.4803,3910.9263,3895.6700,4048.6848,4156.9126,4115.4000,4042.9591,4065.1355,4033.0800,3738.6602,3796.6143,4241.4100,4450.5903,4336.1190,4091.7900,3981.8381,3989.7997,3930.9800,3759.9405,4314.3049,5287.3000,5448.8725,5315.6890,5286.1800,5233.1157,5203.3937,5226.5500,5274.1846,5346.2641,5256.8200,4981.8885,5823.1412,7198.9300,7136.9137,6906.7213,7186.6700,7329.1752,7107.7943,6874.0200,7128.4015,7177.8970,6892.6600,6846.0349,6959.7989,7031.8300,6962.5403,6866.5034,6867.7300,6989.8063,7037.2675,6950.6500,6861.7889,6895.0211,6907.8800,6651.5340,6483.6126,6474.2300,6375.8959,6420.3667,6545.2100,6440.9332,6463.9950,6658.7800,6688.3468,6620.3763,6566.9100,6584.6583,6743.4604,6799.4700,6434.5454,6271.3176,6428.3300,6408.2230,6223.9654,6089.2900,6176.0578,6240.1904,6197.4500,6188.9103,6201.2311,6236.3700,6313.9130,6305.1240,6234.5700,6249.0791,6228.3392,6161.7100,6164.7599,6154.9431,6254.7200,6505.0126,5684.1363,4288.8200,4167.1896,4462.6753,4467.5700,4331.1307,4234.7726,4221.6700,4222.7041,4267.0454,4400.6200,4571.8898,4406.0470,4114.0800,4300.1507,4495.7760,4428.0500,4288.6291,4236.9160,4276.8400,4289.1291,4239.6216,4321.4100,4642.7212,4219.8393,3276.5300,3096.8704,3292.0209,3418.2900,3441.2994,3441.0912,3427.7200,3366.5127,3411.2907,3530.2800,3529.7271,3501.5714,3579.4700
2025/12/24,3784.6124,3830.1482,3642.2600,3444.4976,3476.2898,3640.3600,3622.7344,3582.4085,3568.1200,3483.6378,3566.2541,3788.0000,3858.2443,3838.4725,3836.4300,3883.7127,3895.0212,3874.3500,3916.8800,4006.9362,4019.3800,3878.2241,3998.4159,4293.3000,4252.0475,4153.3463,4146.3600,4084.4660,3974.7965,3907.6500,3988.5224,4210.3460,4330.1000,4151.7053,4449.0713,5166.5400,5416.2200,5282.2886,5186.3700,5429.3803,5524.8860,5379.7200,5381.2696,5471.5250,5393.4000,5148.0958,5999.8915,7368.5100,7310.5549,7014.4042,7095.9200,6989.6520,6908.6098,6977.0100,7035.3631,6988.1345,6861.9800,6792.5706,6925.8650,7088.7400,6959.2487,6884.9997,6992.2700,7049.3946,6970.7822,6913.4600,7056.6164,6895.8599,6548.4500,6634.3307,6633.6614,6381.9800,6275.8563,6353.0002,6400.7000,6224.1674,6288.9042,6642.5300,6820.3135,6662.8530,6461.2600,6622.8888,6582.7374,6295.2900,6300.2745,6417.6135,6408.2100,6263.5220,6353.5415,6543.9800,6347.0352,6226.5057,6337.5300,6351.5657,6224.8569,6150.2700,6314.6363,6271.3217,6052.0000,6147.4474,6338.2192,6381.1300,6240.7533,6069.2254,6060.3200,6167.8506,5467.1058,4346.5400,4197.2500,4324.4871,4282.8600,4334.9219,4426.2184,4456.8000,4391.7255,4287.6682,4251.7300,4348.6837,4373.2123,4306.8000,4335.4065,4441.0065,4475.2300,4314.8167,4230.5374,4305.7400,4362.6223,4333.5408,4356.0000,4517.7204,4061.8800,3211.1800,3038.8041,3258.9755,3447.2800,3472.8216,3509.6577,3526.1400,3341.2245,3278.2632,3417.1100,3519.9418,3567.7206,3573.2400
2025/12/25,3536.5305,3513.3078,3548.4100,3628.2874,3616.6483,3584.0600,3746.0673,3947.7520,3909.3800,3519.6739,3428.7037,3775.3400,4036.6654,3877.6121,3644.6800,3953.4111,4033.5185,3798.1800,3924.1891,4015.7994,3858.2000,3722.7995,3958.0196,4334.7700,4250.4810,3970.3398,3865.9300,4076.8854,4293.7118,4334.6500,4269.8784,4213.4876,4085.0500,3852.0483,4420.7711,5471.0000,5671.5786,5479.7346,5324.2100,5203.6967,5342.9114,5563.6300,5433.0025,5334.3142,5296.6900,5128.8769,5925.2415,7149.3800,7051.8590,6805.8015,6999.0500,7060.2594,7116.6791,7156.9800,6994.5678,7026.2001,7177.4300,6989.8286,6924.5284,7062.9200,6998.4813,6837.2753,6784.4800,6917.8399,6962.1765,6863.6500,6815.1661,6766.3182,6748.2400,6832.7424,6694.2373,6428.3900,6461.5055,6467.1984,6233.8700,5959.2867,6205.6407,6752.8700,6796.9244,6661.5274,6594.5100,6508.2377,6440.5277,6412.9700,6403.4363,6416.3781,6348.4200,6107.9371,6089.6931,6338.7800,6476.3809,6333.3793,6144.2000,6300.6472,6455.8055,6426.0000,6346.6644,6225.7691,6103.5100,6057.8547,6050.7238,6121.0700,6302.8720,6213.3175,6052.8200,6277.6348,5693.9573,4529.7800,4299.7226,4334.8814,4253.0700,4363.8707,4353.5144,4219.1600,4294.4640,4367.2508,4373.2200,4471.6199,4559.8488,4517.1300,4333.0638,4229.0949,4306.9800,4464.6906,4502.5673,4406.2200,4340.4992,4355.2979,4446.8200,4490.4232,4005.9912,3272.1500,3122.2692,3231.8360,3263.9700,3204.6597,3180.3039,3226.2900,3282.0767,3394.5617,3622.5800,3833.7942,3257.6594,2360.8900
2025/12/26,2470.8130,2804.5139,2805.9400,2686.3466,2640.3072,2694.2900,2737.6593,2737.1192,2768.0600,2912.2665,2940.4254,2860.6000,2912.9157,3005.4209,3053.7300,3052.5087,2942.7070,2794.4900,2801.5504,3060.5243,3267.7500,3007.5303,2885.1956,3113.5800,3288.2451,3162.0772,2965.4300,3133.3285,3218.9005,3080.3900,3034.4291,3108.1781,3211.4900,3236.6089,3167.2956,3135.8700,3297.3803,3405.9714,3323.1500,3197.6396,3460.3807,3910.0700,3884.0042,3668.0516,3614.7100,3792.7985,3865.5707,3767.7700,3737.1236,3740.0701,3681.8000,3596.3754,3952.8950,4468.0200,4353.7745,4215.0622,4266.1700,4146.4226,4168.2249,4359.4500,4370.1639,4190.4128,4061.9800,4228.9204,4314.2823,4162.0600,3988.2274,3978.1795,4155.3600,4347.7279,4225.7314,3963.8900,4055.5602,4123.2680,4044.0900,4061.7284,3986.8782,3820.2000,3799.1769,3890.5557,3896.0400,3678.0858,3690.4513,3903.1600,3854.3231,3862.1394,3931.7300,3740.7156,3690.3749,3764.7200,3562.3002,3528.2698,3713.8800,3683.1231,3501.7925,3415.0900,3574.6119,3592.9777,3501.9400,3617.3949,3229.4544,2622.1200,2816.0380,2812.9691,2466.6900,2633.9112,2737.4282,2657.5100,2857.7136,2842.1463,2581.4100,2589.7826,2700.5134,2710.3200,2612.2879,2608.1048,2710.7800,2731.4288,2635.3679,2535.6900,2590.4177,2711.3059,2756.4300,2661.7862,2629.8237,2724.8700,2816.3603,2818.0179,2777.8100,2779.0475,2582.7696,2324.2000,2399.0672,2442.5944,2390.9000,2515.0568,2466.3851,2294.5600,2420.9577,2533.5565,2466.9800,2391.5075,2462.4402,2530.4500
2025/12/27,2338.1942,2359.1264,2663.2300,2808.1270,2674.7137,2571.9700,2878.5402,2928.0501,2687.1400,2765.9058,2781.3714,2664.9100,2765.5273,2829.2334,2818.4700,2945.2568,2942.2522,2787.0600,2772.7253,2971.2328,3229.8900,3299.5717,3207.1327,3056.6100,2967.0034,3078.7960,3244.5300,3169.1950,3126.7554,3223.1300,3278.0341,3224.4342,3118.3900,3073.8419,3072.0172,3085.1600,3116.0223,3183.3688,3190.8600,3086.8036,3428.0402,3892.4500,3607.5244,3570.4510,3929.8400,3835.0041,3721.3234,3765.7500,3683.6712,3703.9096,3770.9000,3632.9901,3889.4368,4404.4500,4394.9212,4276.7315,4292.2800,4258.8557,4224.7531,4225.4000,4223.7287,4200.7942,4242.4900,4429.4825,4440.4113,4233.9300,4085.8910,4014.7579,3976.6600,3933.0565,3849.3537,3861.4000,4134.7787,4291.4568,4169.1200,3983.3154,4027.6225,4168.3000,4007.5908,3848.8473,3843.3500,3856.0341,3928.4488,3993.6600,3882.7346,3650.2348,3552.5300,3790.3026,3799.4381,3615.1100,3794.2595,3839.5410,3594.0100,3436.1917,3433.6875,3522.0600,3583.6336,3491.4151,3419.9400,3600.8146,3328.6983,2755.1500,2783.0808,2960.8414,2893.5800,2676.4394,2710.2243,2911.3100,2809.8104,2612.8915,2626.4200,2917.7603,2936.3154,2645.4000,2544.0971,2603.8225,2645.3300,2563.6216,2585.0091,2761.2200,2910.0521,2947.2534,2895.9700,2829.3901,2706.4144,2589.9200,2619.4684,2710.6770,2790.6700,2816.7574,2605.6510,2267.9100,2161.5958,2311.0136,2545.4000,2631.9255,2526.6175,2349.9200,2302.7329,2434.0616,2533.9600,2397.1501,2677.6622,3378.2600
2025/12/28,3784.9516,3799.0609,3674.2200,3706.3021,3623.8534,3454.0000,3537.4640,3703.4297,3740.0500,3610.4249,3595.6009,3714.2800,3734.8382,3780.8641,3914.4000,4030.3875,3983.5438,3888.6200,3999.7525,4069.8089,4059.6200,4165.7227,4195.6613,4154.1300,4229.1046,4168.1645,4034.3500,4161.9189,4266.6169,4177.0000,4025.3043,4050.2736,4068.0700,3796.9248,4275.5320,5224.0700,5261.6016,5174.9834,5358.3000,5387.3942,5368.6932,5369.4800,5329.4429,5390.6128,5376.2000,5118.0433,5877.8992,7226.3000,7347.2611,7054.2612,7030.6000,7126.8936,7112.8664,6961.4800,6839.7802,6830.0684,6926.2300,7040.0883,7024.4027,6938.5300,6961.5716,6883.9636,6736.8700,6782.7937,6855.0559,6829.1800,6764.8583,6835.9689,7026.2500,7096.1730,6801.0249,6349.2600,6233.9293,6284.1238,6293.8100,6249.8314,6352.2099,6511.5300,6448.2823,6469.1813,6613.5800,6577.1935,6359.7477,6221.1200,6414.8614,6474.1730,6277.7800,6155.4561,6132.0522,6178.1900,6260.0528,6226.5486,6162.5900,6294.1164,6361.6133,6276.0000,6206.9332,6179.6521,6168.6300,6143.6202,6102.7465,6086.7900,6125.6860,6081.0149,6153.6900,6520.3498,5825.9575,4436.4700,4194.2841,4444.2249,4545.6200,4508.1331,4303.6518,4094.9200,4142.0056,4268.8494,4299.0800,4220.5465,4222.9746,4295.0900,4273.5108,4371.0237,4524.1700,4432.8593,4331.5117,4339.4600,4357.2680,4418.4579,4519.3100,4505.0843,3947.8623,3213.6400,3159.7374,3197.1093,3138.1300,3357.3084,3413.1022,3227.4400,3193.8525,3288.8828,3389.8000,3417.4446,3420.0416,3439.0200
2025/12/29,3478.8245,3546.2560,3563.1900,3458.9469,3519.6088,3739.8600,3795.7728,3627.6944,3532.7900,3858.4101,4033.7324,3876.5800,3768.8746,3853.2428,3970.4800,3878.5195,3921.2596,4061.4700,3943.4390,4023.8580,4183.7200,3863.7675,3836.9375,4187.0800,4202.2358,4098.0141,4055.1000,4025.0755,4143.1677,4308.8700,4253.6099,4164.9601,4111.0700,4044.4440,4372.8203,4971.1000,5245.7432,5319.9010,5354.4900,5357.6922,5324.1459,5320.1000,5415.4201,5411.4874,5280.8100,5298.4807,5954.4684,6896.9700,7192.2330,7139.2849,7107.6900,7160.5867,7135.7143,7054.3400,7092.5674,7105.0935,7042.9300,7003.2434,6953.1148,6879.3500,6831.5288,6884.9940,6928.3100,6789.5145,6801.5567,6891.6100,6659.7710,6514.5968,6624.1000,6709.6170,6516.9077,6189.8300,6140.1736,6301.3766,6441.4900,6398.4980,6438.0746,6518.6500,6364.9771,6398.9538,6615.3900,6563.3119,6422.2177,6305.6700,6191.6697,6408.3515,6726.2200,6544.1392,6341.1620,6327.0500,6249.6537,6188.3002,6158.6200,6081.2861,6097.1314,6169.5600,6137.9289,6259.5735,6389.0300,6133.7301,6113.6347,6331.0300,6162.8942,5976.0517,6063.1000,6196.6962,5462.4533,4312.1300,4183.0997,4351.3394,4291.0400,4212.5684,4241.6677,4300.9600,4235.2531,4259.8063,4389.8200,4430.1269,4511.4751,4600.6100,4510.4012,4422.8004,4380.6600,4277.3232,4327.5695,4443.7700,4328.7276,4364.8171,4573.6100,4508.9507,4011.0362,3396.5000,3205.0235,3278.2085,3406.3200,3510.0759,3523.4652,3421.6500,3268.2945,3307.2388,3444.6100,3379.1607,3482.6638,3690.0400
2025/12/30,3557.4277,3536.8265,3713.8900,3683.6911,3473.3963,3370.0700,3628.4387,3813.3326,3786.6100,3805.5681,3829.0142,3830.3800,3851.1429,3832.7514,3815.4200,3889.9404,3861.9367,3732.1200,3720.6823,3848.7012,3947.1600,3849.9499,3928.9678,4166.1300,4154.7279,4034.3594,4015.1200,4143.2163,4117.7914,4031.0400,4242.5921,4290.5381,4067.1500,4017.3151,4507.1037,5195.1500,5336.4475,5281.0797,5286.2500,5252.7368,5157.7733,5128.8500,5324.5114,5520.7999,5428.8000,5113.0471,5836.2634,7172.8700,7326.7400,6946.8928,6800.2700,6974.2342,6934.7478,6819.2100,7219.3355,7308.2725,7002.8200,7053.6730,7135.4186,7041.2500,6930.7014,6832.0975,6796.4000,6873.1151,6878.2526,6833.9300,6942.6411,7071.4929,7084.1900,6926.7750,6553.7350,6205.6700,6243.0770,6376.0366,6368.9100,6273.6107,6390.2045,6578.0200,6431.8269,6456.5875,6639.5100,6462.1063,6359.8328,6412.6500,6274.9298,6285.7708,6465.0400,6452.4713,6351.8265,6307.2200,6327.8885,6221.9987,6066.2800,6143.6887,6293.2340,6305.4400,6127.5169,6056.2352,6174.7200,6274.7488,6195.8451,6063.3600,6124.4248,6057.7269,6006.5500,6288.1385,5572.4372,4285.3100,4282.7733,4499.5935,4388.3300,4470.4535,4471.9367,4289.4500,4174.8012,4255.3764,4378.1500,4287.7302,4281.2442,4378.5100,4309.8405,4304.1190,4356.9000,4230.9953,4194.8396,4336.3100,4452.0887,4429.4027,4443.9000,4644.3594,4092.5615,3166.9800,3256.0566,3469.2992,3386.8300,3468.3143,3476.9421,3369.8600,3375.2619,3303.5575,3239.3900,3457.8753,3495.5318,3403.3700
2025/12/31,3657.9857,3663.9225,3437.2900,3583.7608,3556.5691,3387.9000,3661.0083,3701.6689,3546.4800,3900.1406,4042.7868,3850.4200,3922.4332,3919.9280,3751.5100,3747.6566,3946.5163,4099.2300,3919.8890,3791.6849,3886.3200,3993.2636,3912.0435,3784.8900,3927.4483,4021.7675,3968.7000,3997.4857,4126.4238,4296.1700,4410.3484,4315.2378,4022.6000,3833.6317,4432.6914,5319.1300,5241.9549,5027.5307,5203.7100,5459.1682,5468.1137,5242.9900,5096.9251,5200.5119,5356.7300,5343.3418,6082.6579,7242.4800,7419.2944,7087.1667,6884.0200,7000.2982,7137.4303,7125.4700,7025.3916,6841.0970,6754.8400,6999.0860,7236.5859,7230.9800,7042.5485,6925.9652,6947.3000,6966.4598,6954.0305,6849.6700,6638.1937,6703.0868,6921.6400,6757.4527,6439.4508,6257.0700,6285.4849,6303.3728,6257.8600,6306.1062,6472.8959,6559.3700,6364.0533,6395.1875,6625.5800,6521.3122,6367.9486,6360.6400,6384.0174,6303.8578,6227.1000,6361.2234,6367.5086,6264.3400,6372.2415,6266.1383,6037.0600,6233.0710,6420.5007,6412.0100,6421.3733,6284.1747,6089.4300,6137.6648,6175.0871,6113.0000,6111.9511,6107.1417,6154.0400,6246.5320,5482.1455,4322.6200,4248.7212,4490.0877,4467.0100,4358.4689,4290.3451,4270.7100,4254.5127,4357.2905,4481.6300,4391.7982,4306.4326,4356.5800,4443.6651,4379.6610,4255.1700,4334.4916,4395.8116,4413.2800,4569.0074,4609.4376,4523.3400,4485.1654,4031.9753,3423.7400,3431.1909,3365.7706,3126.4300,3295.7173,3371.8552,3243.8100,3314.8405,3370.1383,3359.4900,3493.2540,3719.8068,3957.9800
